    college_code,college_name,branch,oc,bc,bcm,mbc,sc,sca,st
1,University Departments of Anna University Chennai - CEG Campus Sardar Patel Road Guindy Chennai 600 025,BIO MEDICAL ENGINEERING (SS),195.5,193.0,190.0,193.0,189.5,179.0,185.5
1,University Departments of Anna University Chennai - CEG Campus Sardar Patel Road Guindy Chennai 600 025,CIVIL ENGINEERING,195.5,193.5,195.0,194.5,193.0,182.5,182.5
1,University Departments of Anna University Chennai - CEG Campus Sardar Patel Road Guindy Chennai 600 025,COMPUTER SCIENCE AND ENGINEERING (SS),199.5,199.0,199.5,199.0,196.5,191.0,196.0
1,University Departments of Anna University Chennai - CEG Campus Sardar Patel Road Guindy Chennai 600 025,COMPUTER SCIENCE AND ENGINEERING,200.0,200.0,199.5,200.0,198.5,198.7,197.0
1,University Departments of Anna University Chennai - CEG Campus Sardar Patel Road Guindy Chennai 600 025,ELECTRONICS AND COMMUNICATION ENGINEERING,199.5,199.5,198.5,199.0,197.5,192.5,
1,University Departments of Anna University Chennai - CEG Campus Sardar Patel Road Guindy Chennai 600 025,ELECTRICAL AND ELECTRONICS ENGINEERING,198.0,197.0,196.0,197.5,193.5,188.5,197.0
1,University Departments of Anna University Chennai - CEG Campus Sardar Patel Road Guindy Chennai 600 025,Electronics Engineering (VLSI Design and Technology) (SS),197.5,197.0,196.5,197.0,192.5,186.0,189.5
1,University Departments of Anna University Chennai - CEG Campus Sardar Patel Road Guindy Chennai 600 025,ELECTRONICS AND COMMUNICATION ENGINEERING (SS),199.0,198.5,,198.5,195.5,188.5,
1,University Departments of Anna University Chennai - CEG Campus Sardar Patel Road Guindy Chennai 600 025,GEO INFORMATICS,194.0,189.5,191.5,188.5,180.5,181.5,186.0
1,University Departments of Anna University Chennai - CEG Campus Sardar Patel Road Guindy Chennai 600 025,INDUSTRIAL ENGINEERING,192.0,189.0,182.0,187.0,182.5,173.4,175.5
1,University Departments of Anna University Chennai - CEG Campus Sardar Patel Road Guindy Chennai 600 025,INFORMATION TECHNOLOGY (SS),199.0,198.0,198.0,198.5,195.0,185.5,191.5
1,University Departments of Anna University Chennai - CEG Campus Sardar Patel Road Guindy Chennai 600 025,MATERIAL SCIENCE AND ENGINEERING (SS),192.5,189.5,190.5,187.0,180.5,173.5,
1,University Departments of Anna University Chennai - CEG Campus Sardar Patel Road Guindy Chennai 600 025,MECHANICAL ENGINEERING,196.5,195.0,194.5,194.8,189.0,182.5,195.5
1,University Departments of Anna University Chennai - CEG Campus Sardar Patel Road Guindy Chennai 600 025,MINING ENGINEERING,193.5,188.0,185.5,190.5,182.0,172.5,
1,University Departments of Anna University Chennai - CEG Campus Sardar Patel Road Guindy Chennai 600 025,MANUFACTURING ENGINEERING,189.5,187.0,184.0,184.5,181.5,176.5,181.0
1,University Departments of Anna University Chennai - CEG Campus Sardar Patel Road Guindy Chennai 600 025,PRINTING & PACKING TECHNOLOGY,187.0,182.0,182.5,180.0,172.0,156.0,
1,University Departments of Anna University Chennai - CEG Campus Sardar Patel Road Guindy Chennai 600 025,CIVIL ENGINEERING (TAMIL MEDIUM),192.5,184.0,185.0,186.0,185.5,182.0,
1,University Departments of Anna University Chennai - CEG Campus Sardar Patel Road Guindy Chennai 600 025,MECHANICAL ENGINEERING (TAMIL MEDIUM),188.5,184.5,184.0,183.0,175.5,174.0,
2,University Departments of Anna University Chennai - ACT Campus Sardar Patel Road Guindy Chennai 600 025,APPAREL TECHNOLOGY (SS),176.5,170.5,175.5,167.0,162.0,144.5,
2,University Departments of Anna University Chennai - ACT Campus Sardar Patel Road Guindy Chennai 600 025,CHEMICAL ENGINEERING,195.0,191.0,193.5,192.5,188.0,177.5,169.0
2,University Departments of Anna University Chennai - ACT Campus Sardar Patel Road Guindy Chennai 600 025,CHEMICAL ENGINEERING (SS),192.0,190.0,185.5,188.0,183.0,163.0,168.0
2,University Departments of Anna University Chennai - ACT Campus Sardar Patel Road Guindy Chennai 600 025,CERAMIC TECHNOLOGY (SS),179.0,172.5,177.0,172.5,162.5,121.5,155.5
2,University Departments of Anna University Chennai - ACT Campus Sardar Patel Road Guindy Chennai 600 025,FOOD TECHNOLOGY (SS),191.0,186.5,189.0,184.0,181.0,167.5,
2,University Departments of Anna University Chennai - ACT Campus Sardar Patel Road Guindy Chennai 600 025,INDUSTRIAL BIO TECHNOLOGY,193.5,188.7,182.0,184.0,182.5,,
2,University Departments of Anna University Chennai - ACT Campus Sardar Patel Road Guindy Chennai 600 025,INDUSTRIAL BIO TECHNOLOGY (SS),188.5,187.5,181.5,183.0,179.0,164.5,
2,University Departments of Anna University Chennai - ACT Campus Sardar Patel Road Guindy Chennai 600 025,LEATHER TECHNOLOGY,178.5,170.0,175.5,172.5,165.5,141.5,163.5
2,University Departments of Anna University Chennai - ACT Campus Sardar Patel Road Guindy Chennai 600 025,PHARMACEUTICAL TECHNOLOGY (SS),184.5,180.5,183.5,179.0,173.5,160.0,168.0
2,University Departments of Anna University Chennai - ACT Campus Sardar Patel Road Guindy Chennai 600 025,PETROLEUM ENGINEERING AND TECHNOLOGY (SS),188.0,184.0,186.0,184.0,179.0,166.5,
2,University Departments of Anna University Chennai - ACT Campus Sardar Patel Road Guindy Chennai 600 025,TEXTILE TECHNOLOGY,180.5,171.5,179.0,169.0,168.5,153.5,
3,School of Architecture and Planning Anna University Chennai 600025,B.Plan,187.0,180.5,180.0,179.5,178.0,151.5,156.5
4,University Departments of Anna University Chennai - MIT Campus Chrompet Tambaram Taluk Chengalpattu District 600 044,AERONAUTICAL ENGINEERING,196.5,194.5,194.0,194.5,190.0,179.0,189.0
4,University Departments of Anna University Chennai - MIT Campus Chrompet Tambaram Taluk Chengalpattu District 600 044,ARTIFICIAL INTELLIGENCE AND DATA SCIENCE (SS),198.5,197.5,198.0,197.5,194.5,183.0,191.5
4,University Departments of Anna University Chennai - MIT Campus Chrompet Tambaram Taluk Chengalpattu District 600 044,AUTOMOBILE ENGINEERING,193.5,191.0,189.0,190.5,184.5,176.5,174.5
4,University Departments of Anna University Chennai - MIT Campus Chrompet Tambaram Taluk Chengalpattu District 600 044,COMPUTER SCIENCE AND ENGINEERING (SS),198.5,198.0,198.0,198.0,196.0,186.5,191.5
4,University Departments of Anna University Chennai - MIT Campus Chrompet Tambaram Taluk Chengalpattu District 600 044,COMPUTER SCIENCE AND ENGINEERING,199.5,199.0,198.5,199.0,197.0,187.5,194.5
4,University Departments of Anna University Chennai - MIT Campus Chrompet Tambaram Taluk Chengalpattu District 600 044,ELECTRONICS AND COMMUNICATION ENGINEERING,198.5,198.0,198.5,198.0,194.5,193.5,
4,University Departments of Anna University Chennai - MIT Campus Chrompet Tambaram Taluk Chengalpattu District 600 044,ELECTRONICS AND INSTRUMENTATION ENGINEERING,196.5,196.0,195.0,195.0,191.0,182.5,
4,University Departments of Anna University Chennai - MIT Campus Chrompet Tambaram Taluk Chengalpattu District 600 044,ELECTRONICS AND COMMUNICATION ENGINEERING (SS),198.0,197.5,196.5,197.5,194.0,184.0,193.5
4,University Departments of Anna University Chennai - MIT Campus Chrompet Tambaram Taluk Chengalpattu District 600 044,INFORMATION TECHNOLOGY (SS),198.0,197.5,197.0,197.5,193.5,184.0,190.0
4,University Departments of Anna University Chennai - MIT Campus Chrompet Tambaram Taluk Chengalpattu District 600 044,PRODUCTION ENGINEERING,190.5,187.5,188.5,185.5,182.0,173.5,173.0
4,University Departments of Anna University Chennai - MIT Campus Chrompet Tambaram Taluk Chengalpattu District 600 044,ROBOTICS AND AUTOMATION (SS),196.5,195.5,196.0,195.5,190.0,187.0,
4,University Departments of Anna University Chennai - MIT Campus Chrompet Tambaram Taluk Chengalpattu District 600 044,RUBBER AND PLASTIC TECHNOLOGY,183.0,179.0,180.5,176.5,174.0,148.0,
1516,Thanthai Periyar Government Institute of Technology Bagayam Vellore District 632002,CIVIL ENGINEERING,169.0,155.5,157.0,162.5,152.1,145.5,155.5
1516,Thanthai Periyar Government Institute of Technology Bagayam Vellore District 632002,COMPUTER SCIENCE AND ENGINEERING,190.0,185.0,184.0,185.0,169.5,166.5,
1516,Thanthai Periyar Government Institute of Technology Bagayam Vellore District 632002,ELECTRONICS AND COMMUNICATION ENGINEERING,184.0,178.0,174.0,179.0,165.0,140.0,124.0
1516,Thanthai Periyar Government Institute of Technology Bagayam Vellore District 632002,ELECTRICAL AND ELECTRONICS ENGINEERING,177.0,174.0,163.5,167.0,155.0,132.0,155.0
1516,Thanthai Periyar Government Institute of Technology Bagayam Vellore District 632002,MECHANICAL ENGINEERING,165.5,155.0,155.5,157.0,145.0,125.0,
1516,Thanthai Periyar Government Institute of Technology Bagayam Vellore District 632002,ROBOTICS AND AUTOMATION,177.5,167.5,163.0,170.0,155.5,147.0,124.5
2005,Government College of Technology (Autonomous) Thadagam Road Coimbatore District 641013,COMPUTER SCIENCE AND ENGINEERING (AI AND MACHINE LEARNING),196.0,195.0,194.5,195.0,189.0,185.0,
2005,Government College of Technology (Autonomous) Thadagam Road Coimbatore District 641013,CIVIL ENGINEERING,188.0,183.0,179.5,182.0,176.0,174.0,185.0
2005,Government College of Technology (Autonomous) Thadagam Road Coimbatore District 641013,COMPUTER SCIENCE AND ENGINEERING,197.5,196.0,195.5,196.5,192.5,193.5,187.5
2005,Government College of Technology (Autonomous) Thadagam Road Coimbatore District 641013,ELECTRONICS AND COMMUNICATION ENGINEERING,197.0,196.0,195.5,195.5,188.0,183.5,187.5
2005,Government College of Technology (Autonomous) Thadagam Road Coimbatore District 641013,ELECTRICAL AND ELECTRONICS ENGINEERING,195.0,193.5,192.5,192.5,186.5,179.0,194.5
2005,Government College of Technology (Autonomous) Thadagam Road Coimbatore District 641013,ELECTRONICS AND INSTRUMENTATION ENGINEERING,193.0,191.5,191.0,190.0,179.0,174.5,176.0
2005,Government College of Technology (Autonomous) Thadagam Road Coimbatore District 641013,INDUSTRIAL BIO TECHNOLOGY,184.5,178.5,171.0,175.0,165.5,156.0,168.0
2005,Government College of Technology (Autonomous) Thadagam Road Coimbatore District 641013,INFORMATION TECHNOLOGY,196.3,195.5,194.5,195.5,190.0,182.5,182.5
2005,Government College of Technology (Autonomous) Thadagam Road Coimbatore District 641013,MECHANICAL ENGINEERING,190.0,187.0,186.0,185.3,175.5,173.0,181.5
2005,Government College of Technology (Autonomous) Thadagam Road Coimbatore District 641013,PRODUCTION ENGINEERING,184.0,180.5,180.5,178.5,167.5,153.5,
2369,Government College of Engineering Chettikkarai Post Dharmapuri District 635704,CIVIL ENGINEERING,166.5,153.5,133.5,158.0,147.5,143.5,148.0
2369,Government College of Engineering Chettikkarai Post Dharmapuri District 635704,COMPUTER SCIENCE AND ENGINEERING,183.5,179.0,168.5,179.0,172.0,178.0,
2369,Government College of Engineering Chettikkarai Post Dharmapuri District 635704,ELECTRONICS AND COMMUNICATION ENGINEERING,179.0,174.0,165.0,175.5,162.5,164.0,
2369,Government College of Engineering Chettikkarai Post Dharmapuri District 635704,ELECTRICAL AND ELECTRONICS ENGINEERING,173.5,168.0,160.5,168.0,151.5,156.0,153.5
2369,Government College of Engineering Chettikkarai Post Dharmapuri District 635704,INFORMATION TECHNOLOGY,181.0,176.5,169.0,174.0,167.5,150.5,
2369,Government College of Engineering Chettikkarai Post Dharmapuri District 635704,MECHANICAL ENGINEERING,161.0,152.5,146.0,157.0,144.5,144.0,
2603,Government College of Engineering (Autonomous) Bargur Krishnagiri District 635104,COMPUTER SCIENCE AND ENGINEERING,191.0,187.0,185.5,189.0,178.0,155.0,157.0
2603,Government College of Engineering (Autonomous) Bargur Krishnagiri District 635104,ELECTRONICS AND COMMUNICATION ENGINEERING,187.5,183.5,179.0,184.5,169.0,152.5,
2603,Government College of Engineering (Autonomous) Bargur Krishnagiri District 635104,ELECTRICAL AND ELECTRONICS ENGINEERING,180.5,175.0,168.0,179.0,161.5,153.5,
2603,Government College of Engineering (Autonomous) Bargur Krishnagiri District 635104,MECHANICAL ENGINEERING,175.5,168.0,173.5,169.5,154.0,163.0,144.0
2603,Government College of Engineering (Autonomous) Bargur Krishnagiri District 635104,Computer Science and Engineering (Cyber Security),187.0,181.5,183.0,184.0,172.5,177.5,135.0
2615,Government College of Engineering (Autonomous) Karuppur Salem District 636011,COMPUTER SCIENCE AND ENGINEERING (AI AND MACHINE LEARNING),194.0,192.5,192.0,190.5,181.0,181.0,
2615,Government College of Engineering (Autonomous) Karuppur Salem District 636011,CIVIL ENGINEERING,181.0,177.0,171.5,174.5,167.0,157.5,175.5
2615,Government College of Engineering (Autonomous) Karuppur Salem District 636011,COMPUTER SCIENCE AND ENGINEERING,195.0,194.0,193.0,194.0,184.0,180.5,
2615,Government College of Engineering (Autonomous) Karuppur Salem District 636011,ELECTRONICS AND COMMUNICATION ENGINEERING,194.5,193.0,191.0,192.0,182.5,174.5,
2615,Government College of Engineering (Autonomous) Karuppur Salem District 636011,ELECTRICAL AND ELECTRONICS ENGINEERING,192.0,190.5,190.5,189.0,180.5,175.0,172.5
2615,Government College of Engineering (Autonomous) Karuppur Salem District 636011,MECHANICAL ENGINEERING,184.5,180.5,178.0,176.0,168.0,153.5,155.5
2615,Government College of Engineering (Autonomous) Karuppur Salem District 636011,METALLURGICAL ENGINEERING,182.5,180.0,172.0,177.0,160.0,158.5,135.5
2709,Government College of Engineering (Formerly Institute of Road and Transport Technology) Vasavi College Post Erode District 638316,AUTOMOBILE ENGINEERING,172.5,164.0,161.5,164.5,144.5,145.0,
2709,Government College of Engineering (Formerly Institute of Road and Transport Technology) Vasavi College Post Erode District 638316,CIVIL ENGINEERING,176.5,169.0,,173.5,169.0,167.5,
2709,Government College of Engineering (Formerly Institute of Road and Transport Technology) Vasavi College Post Erode District 638316,COMPUTER SCIENCE AND ENGINEERING (DATA SCIENCE),188.0,184.0,185.5,185.0,170.0,168.5,
2709,Government College of Engineering (Formerly Institute of Road and Transport Technology) Vasavi College Post Erode District 638316,COMPUTER SCIENCE AND ENGINEERING,191.5,187.5,191.0,188.5,180.0,174.0,
2709,Government College of Engineering (Formerly Institute of Road and Transport Technology) Vasavi College Post Erode District 638316,ELECTRONICS AND COMMUNICATION ENGINEERING,189.5,186.0,184.0,187.5,173.0,166.0,153.5
2709,Government College of Engineering (Formerly Institute of Road and Transport Technology) Vasavi College Post Erode District 638316,ELECTRICAL AND ELECTRONICS ENGINEERING,182.5,179.5,173.5,180.0,165.5,163.5,172.0
2709,Government College of Engineering (Formerly Institute of Road and Transport Technology) Vasavi College Post Erode District 638316,INFORMATION TECHNOLOGY,186.5,183.5,183.5,184.5,177.5,161.0,159.0
2709,Government College of Engineering (Formerly Institute of Road and Transport Technology) Vasavi College Post Erode District 638316,MECHANICAL ENGINEERING,175.5,169.0,172.0,170.0,156.5,,
3464,Government College of Engineering Gandarvakottai Road Sengipatti Thanjavur District 613402,CIVIL ENGINEERING,167.5,154.0,145.5,153.5,145.0,127.5,152.0
3464,Government College of Engineering Gandarvakottai Road Sengipatti Thanjavur District 613402,COMPUTER SCIENCE AND ENGINEERING,182.5,179.0,176.0,177.5,167.0,159.0,148.0
3464,Government College of Engineering Gandarvakottai Road Sengipatti Thanjavur District 613402,ELECTRONICS AND COMMUNICATION ENGINEERING,179.0,174.5,165.0,173.5,163.0,133.0,
3464,Government College of Engineering Gandarvakottai Road Sengipatti Thanjavur District 613402,ELECTRICAL AND ELECTRONICS ENGINEERING,174.0,168.5,162.0,167.0,150.5,155.0,
3464,Government College of Engineering Gandarvakottai Road Sengipatti Thanjavur District 613402,MECHANICAL ENGINEERING,163.0,152.5,154.5,154.0,141.0,128.5,
3464,Government College of Engineering Gandarvakottai Road Sengipatti Thanjavur District 613402,ROBOTICS AND AUTOMATION,172.0,164.0,163.5,163.0,146.0,138.0,126.0
3465,Government College of Engineering Srirangam Sethurappatti Tiruchirappalli District 620012,CIVIL ENGINEERING,171.0,160.0,158.5,160.0,154.5,133.5,
3465,Government College of Engineering Srirangam Sethurappatti Tiruchirappalli District 620012,COMPUTER SCIENCE AND ENGINEERING,188.0,183.0,179.5,182.5,176.0,160.5,148.0
3465,Government College of Engineering Srirangam Sethurappatti Tiruchirappalli District 620012,ELECTRONICS AND COMMUNICATION ENGINEERING,185.5,180.0,174.0,179.5,169.0,156.0,166.5
3465,Government College of Engineering Srirangam Sethurappatti Tiruchirappalli District 620012,ELECTRICAL AND ELECTRONICS ENGINEERING,178.5,173.5,166.0,173.0,159.0,150.5,
3465,Government College of Engineering Srirangam Sethurappatti Tiruchirappalli District 620012,MECHANICAL ENGINEERING,170.0,161.0,169.0,160.5,146.5,135.0,153.0
3465,Government College of Engineering Srirangam Sethurappatti Tiruchirappalli District 620012,Mechatronics Engineering,172.5,163.5,162.0,157.5,143.5,147.5,
4974,Government College of Engineering Tirunelveli District 627007,CIVIL ENGINEERING,177.0,172.0,171.0,171.0,155.5,142.0,101.0
4974,Government College of Engineering Tirunelveli District 627007,COMPUTER SCIENCE AND ENGINEERING,193.0,190.5,191.0,189.0,181.5,,165.0
4974,Government College of Engineering Tirunelveli District 627007,ELECTRONICS AND COMMUNICATION ENGINEERING,190.0,188.0,188.5,184.5,178.0,152.5,167.5
4974,Government College of Engineering Tirunelveli District 627007,ELECTRICAL AND ELECTRONICS ENGINEERING,187.5,183.5,186.0,180.5,171.5,140.0,162.5
4974,Government College of Engineering Tirunelveli District 627007,ELECTRONICS AND INSTRUMENTATION ENGINEERING,184.0,179.0,182.0,175.5,157.0,147.5,
4974,Government College of Engineering Tirunelveli District 627007,INDUSTRIAL BIO TECHNOLOGY,175.5,166.5,164.0,166.0,156.0,122.5,
4974,Government College of Engineering Tirunelveli District 627007,MECHANICAL ENGINEERING,176.5,169.5,172.0,165.0,156.0,118.5,103.5
5009,Government College of Engineering Melachokkanathapuram Bodinayakkanur Theni District 625582,CIVIL ENGINEERING,165.5,149.5,160.0,151.0,141.0,135.5,
5009,Government College of Engineering Melachokkanathapuram Bodinayakkanur Theni District 625582,COMPUTER SCIENCE AND ENGINEERING (DATA SCIENCE),178.0,173.0,174.5,171.0,160.0,152.0,128.0
5009,Government College of Engineering Melachokkanathapuram Bodinayakkanur Theni District 625582,COMPUTER SCIENCE AND ENGINEERING,181.0,175.5,180.5,173.5,165.5,,144.5
5009,Government College of Engineering Melachokkanathapuram Bodinayakkanur Theni District 625582,ELECTRONICS AND COMMUNICATION ENGINEERING,177.0,173.0,171.0,170.5,161.0,141.5,105.5
5009,Government College of Engineering Melachokkanathapuram Bodinayakkanur Theni District 625582,ELECTRICAL AND ELECTRONICS ENGINEERING,168.0,164.0,165.0,164.0,155.0,133.0,
5009,Government College of Engineering Melachokkanathapuram Bodinayakkanur Theni District 625582,MECHANICAL ENGINEERING,158.5,150.0,154.0,151.0,140.0,,
5901,Alagappa Chettair Government College of Engineering and Technology (Autonomous) Karaikudi Sivagangai District 630004,CIVIL ENGINEERING,183.5,180.0,170.0,176.5,169.5,161.5,165.5
5901,Alagappa Chettair Government College of Engineering and Technology (Autonomous) Karaikudi Sivagangai District 630004,COMPUTER SCIENCE AND ENGINEERING,194.0,192.5,191.5,192.5,182.5,177.0,147.5
5901,Alagappa Chettair Government College of Engineering and Technology (Autonomous) Karaikudi Sivagangai District 630004,ELECTRONICS AND COMMUNICATION ENGINEERING,192.5,190.5,190.5,190.5,180.0,176.0,183.5
5901,Alagappa Chettair Government College of Engineering and Technology (Autonomous) Karaikudi Sivagangai District 630004,ELECTRICAL AND ELECTRONICS ENGINEERING,188.5,185.0,188.0,185.0,169.5,163.5,
5901,Alagappa Chettair Government College of Engineering and Technology (Autonomous) Karaikudi Sivagangai District 630004,INFORMATION TECHNOLOGY,191.5,189.5,190.0,190.0,179.5,180.5,
5901,Alagappa Chettair Government College of Engineering and Technology (Autonomous) Karaikudi Sivagangai District 630004,MECHANICAL ENGINEERING,182.0,176.0,172.0,172.0,161.5,146.5,139.5
2006,PSG College of Technology (Autonomous) Peelamedu Coimbatore District 641004,AUTOMOBILE ENGINEERING (SS),188.5,182.5,184.5,182.0,171.0,146.0,162.0
2006,PSG College of Technology (Autonomous) Peelamedu Coimbatore District 641004,BIO TECHNOLOGY (SS),194.0,192.0,189.0,186.0,177.5,183.0,185.0
2006,PSG College of Technology (Autonomous) Peelamedu Coimbatore District 641004,BIO MEDICAL ENGINEERING (SS),191.5,187.5,189.5,187.5,179.5,175.5,
2006,PSG College of Technology (Autonomous) Peelamedu Coimbatore District 641004,CIVIL ENGINEERING,194.5,192.7,192.0,191.5,187.0,180.0,
2006,PSG College of Technology (Autonomous) Peelamedu Coimbatore District 641004,Computer Science and Engineering (Artificial Intelligence and Machine Learning) (SS),198.5,198.0,197.0,197.0,193.5,193.5,
2006,PSG College of Technology (Autonomous) Peelamedu Coimbatore District 641004,COMPUTER SCIENCE AND ENGINEERING (SS),199.5,198.5,197.5,198.0,192.5,188.0,179.0
2006,PSG College of Technology (Autonomous) Peelamedu Coimbatore District 641004,CIVIL ENGINEERING (SS),191.0,188.5,185.0,187.0,175.0,,147.5
2006,PSG College of Technology (Autonomous) Peelamedu Coimbatore District 641004,ELECTRONICS AND COMMUNICATION ENGINEERING,199.5,198.5,199.0,197.5,194.5,194.5,
2006,PSG College of Technology (Autonomous) Peelamedu Coimbatore District 641004,ELECTRICAL AND ELECTRONICS ENGINEERING,197.5,196.5,195.5,196.0,189.0,180.0,
2006,PSG College of Technology (Autonomous) Peelamedu Coimbatore District 641004,ELECTRONICS AND COMMUNICATION ENGINEERING (SS),198.0,198.0,197.5,197.0,190.5,183.0,188.5
2006,PSG College of Technology (Autonomous) Peelamedu Coimbatore District 641004,ELECTRICAL AND ELECTRONICS ENGINEERING (SS),196.5,195.5,,195.5,185.5,180.0,177.5
2006,PSG College of Technology (Autonomous) Peelamedu Coimbatore District 641004,FASHION TECHNOLOGY (SS),182.0,179.0,181.0,172.5,155.5,160.0,
2006,PSG College of Technology (Autonomous) Peelamedu Coimbatore District 641004,INFORMATION TECHNOLOGY (SS),198.0,197.5,196.5,197.0,189.0,187.0,192.0
2006,PSG College of Technology (Autonomous) Peelamedu Coimbatore District 641004,INSTRUMENTATION AND CONTROL ENGINEERING (SS),194.0,192.5,189.8,190.5,181.0,165.0,
2006,PSG College of Technology (Autonomous) Peelamedu Coimbatore District 641004,MECHANICAL ENGINEERING,195.0,194.5,194.0,192.5,184.0,179.0,174.5
2006,PSG College of Technology (Autonomous) Peelamedu Coimbatore District 641004,MECHANICAL ENGINEERING (SS),193.5,192.0,193.5,191.0,176.5,164.5,153.0
2006,PSG College of Technology (Autonomous) Peelamedu Coimbatore District 641004,MECHANICAL ENGINEERING (SANDWICH) (SS),188.0,183.5,183.5,182.0,174.5,164.0,
2006,PSG College of Technology (Autonomous) Peelamedu Coimbatore District 641004,METALLURGICAL ENGINEERING,189.5,185.5,186.5,186.5,167.5,165.5,159.0
2006,PSG College of Technology (Autonomous) Peelamedu Coimbatore District 641004,METALLURGICAL ENGINEERING (SS),186.5,183.5,182.5,181.5,164.5,160.0,
2006,PSG College of Technology (Autonomous) Peelamedu Coimbatore District 641004,PRODUCTION ENGINEERING (SS),187.0,184.0,184.0,186.0,167.0,150.0,
2006,PSG College of Technology (Autonomous) Peelamedu Coimbatore District 641004,PRODUCTION ENGINEERING,189.0,186.5,186.0,187.0,171.0,,161.5
2006,PSG College of Technology (Autonomous) Peelamedu Coimbatore District 641004,ROBOTICS AND AUTOMATION (SS),195.5,194.5,192.0,192.0,181.5,180.0,
2006,PSG College of Technology (Autonomous) Peelamedu Coimbatore District 641004,TEXTILE TECHNOLOGY (SS),181.0,176.0,171.0,172.5,157.0,141.0,
2006,PSG College of Technology (Autonomous) Peelamedu Coimbatore District 641004,TEXTILE TECHNOLOGY,181.0,178.5,181.0,175.5,158.5,131.0,
2007,Coimbatore Institute of Technology (Autonomous) Civil Aerodrome Post Coimbatore District 641014,ARTIFICIAL INTELLIGENCE AND DATA SCIENCE (SS),197.0,196.0,,196.0,188.5,181.0,178.5
2007,Coimbatore Institute of Technology (Autonomous) Civil Aerodrome Post Coimbatore District 641014,CIVIL ENGINEERING,189.0,186.5,183.5,185.5,177.5,159.5,178.0
2007,Coimbatore Institute of Technology (Autonomous) Civil Aerodrome Post Coimbatore District 641014,CHEMICAL ENGINEERING,192.0,189.0,189.5,187.0,176.0,159.0,
2007,Coimbatore Institute of Technology (Autonomous) Civil Aerodrome Post Coimbatore District 641014,CHEMICAL ENGINEERING (SS),188.0,187.0,,182.0,170.0,,144.0
2007,Coimbatore Institute of Technology (Autonomous) Civil Aerodrome Post Coimbatore District 641014,COMPUTER SCIENCE AND ENGINEERING (SS),197.0,196.5,196.0,196.5,187.0,176.0,
2007,Coimbatore Institute of Technology (Autonomous) Civil Aerodrome Post Coimbatore District 641014,CIVIL ENGINEERING (SS),186.5,184.5,,182.5,171.0,,
2007,Coimbatore Institute of Technology (Autonomous) Civil Aerodrome Post Coimbatore District 641014,COMPUTER SCIENCE AND ENGINEERING,198.0,197.5,197.0,197.0,192.0,187.5,
2007,Coimbatore Institute of Technology (Autonomous) Civil Aerodrome Post Coimbatore District 641014,ELECTRONICS AND COMMUNICATION ENGINEERING,197.5,197.0,196.0,196.5,189.0,191.0,193.5
2007,Coimbatore Institute of Technology (Autonomous) Civil Aerodrome Post Coimbatore District 641014,ELECTRICAL AND ELECTRONICS ENGINEERING,195.5,195.0,195.0,194.0,185.0,179.5,161.5
2007,Coimbatore Institute of Technology (Autonomous) Civil Aerodrome Post Coimbatore District 641014,ELECTRONICS AND COMMUNICATION ENGINEERING (SS),196.5,196.0,195.5,196.0,186.5,175.0,
2007,Coimbatore Institute of Technology (Autonomous) Civil Aerodrome Post Coimbatore District 641014,ELECTRICAL AND ELECTRONICS ENGINEERING (SS),194.0,193.0,192.0,192.0,177.5,,
2007,Coimbatore Institute of Technology (Autonomous) Civil Aerodrome Post Coimbatore District 641014,INFORMATION TECHNOLOGY (SS),196.5,196.0,196.0,196.0,187.0,176.0,187.5
2007,Coimbatore Institute of Technology (Autonomous) Civil Aerodrome Post Coimbatore District 641014,MECHANICAL ENGINEERING,192.0,191.0,190.5,188.5,178.0,163.5,
2007,Coimbatore Institute of Technology (Autonomous) Civil Aerodrome Post Coimbatore District 641014,MECHANICAL ENGINEERING (SS),189.5,187.0,182.5,184.0,173.5,156.0,
5008,Thiagarajar College of Engineering (Autonomous) Tirupparankundram Madurai District 625015,CIVIL ENGINEERING,191.0,188.5,190.5,185.0,174.5,168.0,
5008,Thiagarajar College of Engineering (Autonomous) Tirupparankundram Madurai District 625015,Computer Science and Engineering (Artificial Intelligence and Machine Learning) (SS),195.0,194.0,194.5,194.5,179.0,180.0,171.0
5008,Thiagarajar College of Engineering (Autonomous) Tirupparankundram Madurai District 625015,COMPUTER SCIENCE AND ENGINEERING (SS),196.0,195.5,195.0,195.0,185.0,173.5,181.5
5008,Thiagarajar College of Engineering (Autonomous) Tirupparankundram Madurai District 625015,CIVIL ENGINEERING (SS),185.5,183.0,185.0,179.5,171.5,158.0,
5008,Thiagarajar College of Engineering (Autonomous) Tirupparankundram Madurai District 625015,COMPUTER SCIENCE AND ENGINEERING,197.5,197.0,197.0,195.5,188.8,179.0,
5008,Thiagarajar College of Engineering (Autonomous) Tirupparankundram Madurai District 625015,Computer Science and Business System (SS),193.0,192.0,189.5,190.5,177.5,167.5,
5008,Thiagarajar College of Engineering (Autonomous) Tirupparankundram Madurai District 625015,ELECTRONICS AND COMMUNICATION ENGINEERING,197.0,196.5,195.5,195.5,188.5,178.5,
5008,Thiagarajar College of Engineering (Autonomous) Tirupparankundram Madurai District 625015,ELECTRICAL AND ELECTRONICS ENGINEERING,195.0,194.0,192.5,192.0,183.5,166.0,172.0
5008,Thiagarajar College of Engineering (Autonomous) Tirupparankundram Madurai District 625015,ELECTRONICS AND COMMUNICATION ENGINEERING (SS),195.5,194.5,193.0,193.5,181.5,174.5,188.0
5008,Thiagarajar College of Engineering (Autonomous) Tirupparankundram Madurai District 625015,ELECTRICAL AND ELECTRONICS ENGINEERING (SS),193.0,192.5,190.0,190.5,172.0,158.5,
5008,Thiagarajar College of Engineering (Autonomous) Tirupparankundram Madurai District 625015,Interior Design (SS),183.0,180.4,173.5,177.0,153.0,142.0,117.5
5008,Thiagarajar College of Engineering (Autonomous) Tirupparankundram Madurai District 625015,INFORMATION TECHNOLOGY (SS),194.5,193.5,192.0,192.0,179.0,172.0,172.0
5008,Thiagarajar College of Engineering (Autonomous) Tirupparankundram Madurai District 625015,MECHANICAL ENGINEERING,191.0,189.5,186.5,187.5,178.5,174.5,160.5
5008,Thiagarajar College of Engineering (Autonomous) Tirupparankundram Madurai District 625015,MECHANICAL ENGINEERING (SS),188.0,186.5,184.0,182.0,168.0,162.0,
5008,Thiagarajar College of Engineering (Autonomous) Tirupparankundram Madurai District 625015,MECHATRONICS (SS),191.5,190.0,189.5,184.5,169.5,164.0,145.0
1321,Central Institute of Petrochemicals Engineering and Technology (Formerly Central Institute of Plastics Engineering and Technology) (CIPET) Guindy Chennai 600032,MANUFACTURING ENGINEERING,178.5,168.5,167.0,168.5,161.5,146.5,155.5
1321,Central Institute of Petrochemicals Engineering and Technology (Formerly Central Institute of Plastics Engineering and Technology) (CIPET) Guindy Chennai 600032,PLASTIC TECHNOLOGY,177.5,170.0,167.5,169.0,161.0,171.5,
2343,Indian Institute of Handloom Technology Foulke's Compound Thillai Nagar Salem District 636001,HANDLOOM AND TEXTILE TECHNOLOGY,175.0,164.0,163.0,162.0,163.0,154.0,140.0
5012,Central Electrochemical Research Institute CECRI) Karaikudi Sivagangai District 630006,CHEMICAL AND ELECTRO CHEMICAL ENGINEERING (SS),196.5,195.5,194.0,196.0,189.5,,
1013,University College of Engineering Villupuram Kakuppam Villupuram District 605103,COMPUTER SCIENCE AND ENGINEERING,182.5,168.5,178.0,172.0,155.5,121.0,136.0
1013,University College of Engineering Villupuram Kakuppam Villupuram District 605103,ELECTRONICS AND COMMUNICATION ENGINEERING,170.0,161.5,162.0,162.5,149.5,103.0,
1013,University College of Engineering Villupuram Kakuppam Villupuram District 605103,INFORMATION TECHNOLOGY,179.0,165.0,169.5,166.0,158.0,148.0,163.5
1013,University College of Engineering Villupuram Kakuppam Villupuram District 605103,MECHANICAL ENGINEERING,149.5,136.0,142.5,143.5,128.5,101.0,
1013,University College of Engineering Villupuram Kakuppam Villupuram District 605103,Computer Science and Engineering (Cyber Security),176.0,167.0,169.5,167.0,159.0,148.0,
1013,University College of Engineering Villupuram Kakuppam Villupuram District 605103,MECHANICAL ENGINEERING (TAMIL MEDIUM),148.0,121.0,122.0,132.5,121.5,,103.0
1014,University College of Engineering Tindivanam Melpakkam Tindivanam Villupuram District 604001,CIVIL ENGINEERING,152.5,120.5,109.0,136.5,122.5,123.5,
1014,University College of Engineering Tindivanam Melpakkam Tindivanam Villupuram District 604001,COMPUTER SCIENCE AND ENGINEERING,179.5,167.0,175.0,171.0,159.0,178.5,171.0
1014,University College of Engineering Tindivanam Melpakkam Tindivanam Villupuram District 604001,ELECTRONICS AND COMMUNICATION ENGINEERING,167.0,157.5,159.0,160.5,146.0,150.0,144.5
1014,University College of Engineering Tindivanam Melpakkam Tindivanam Villupuram District 604001,Electrical and Computer Engineering,159.5,155.0,134.5,157.0,144.0,134.0,
1014,University College of Engineering Tindivanam Melpakkam Tindivanam Villupuram District 604001,INFORMATION TECHNOLOGY,173.0,162.0,157.0,162.5,153.0,115.5,
1014,University College of Engineering Tindivanam Melpakkam Tindivanam Villupuram District 604001,CIVIL ENGINEERING (TAMIL MEDIUM),148.0,,113.0,129.5,128.5,80.5,
1015,University College of Engineering Arni Arni to Devikapuram Road Thatchur Arni Thiruvannamalai District 632326,COMPUTER SCIENCE AND ENGINEERING,174.0,162.5,151.5,162.5,154.5,109.0,
1015,University College of Engineering Arni Arni to Devikapuram Road Thatchur Arni Thiruvannamalai District 632326,ELECTRONICS AND COMMUNICATION ENGINEERING,169.0,157.5,151.5,156.5,134.5,132.5,
1015,University College of Engineering Arni Arni to Devikapuram Road Thatchur Arni Thiruvannamalai District 632326,ELECTRICAL AND ELECTRONICS ENGINEERING,155.5,150.0,134.5,148.5,123.5,122.0,126.0
1015,University College of Engineering Arni Arni to Devikapuram Road Thatchur Arni Thiruvannamalai District 632326,MECHANICAL ENGINEERING,146.5,130.5,115.5,139.0,125.0,,
1015,University College of Engineering Arni Arni to Devikapuram Road Thatchur Arni Thiruvannamalai District 632326,MECHANICAL ENGINEERING (TAMIL MEDIUM),131.0,116.5,111.5,112.0,106.0,110.0,
1026,University College of Engineering Kancheepuram Ponnerikarai Campus NH4 Chennai-Bangalore Highway Karaipettai Village & Post Kancheepuram District 631552,COMPUTER SCIENCE AND ENGINEERING,181.0,174.0,176.0,176.5,167.5,154.5,
1026,University College of Engineering Kancheepuram Ponnerikarai Campus NH4 Chennai-Bangalore Highway Karaipettai Village & Post Kancheepuram District 631552,ELECTRONICS AND COMMUNICATION ENGINEERING,177.5,168.0,170.0,170.5,152.5,148.0,143.0
1026,University College of Engineering Kancheepuram Ponnerikarai Campus NH4 Chennai-Bangalore Highway Karaipettai Village & Post Kancheepuram District 631552,ELECTRICAL AND ELECTRONICS ENGINEERING,166.5,159.0,151.0,156.0,146.0,,
1026,University College of Engineering Kancheepuram Ponnerikarai Campus NH4 Chennai-Bangalore Highway Karaipettai Village & Post Kancheepuram District 631552,MECHANICAL ENGINEERING,158.0,148.0,152.5,149.5,132.5,,142.5
1026,University College of Engineering Kancheepuram Ponnerikarai Campus NH4 Chennai-Bangalore Highway Karaipettai Village & Post Kancheepuram District 631552,Computer Science and Engineering (Cyber Security),177.5,169.5,,172.5,167.5,163.0,
2025,Anna University Regional Campus - Coimbatore Maruthamalai Main Road Navavoor Bharathiyar University Post Somayampalayam Coimbatore District 641046,Artificial Intelligence and Data Science,193.0,187.5,184.0,189.0,186.5,182.5,164.0
2025,Anna University Regional Campus - Coimbatore Maruthamalai Main Road Navavoor Bharathiyar University Post Somayampalayam Coimbatore District 641046,COMPUTER SCIENCE AND ENGINEERING,194.0,190.5,188.5,190.0,183.5,182.5,180.0
2025,Anna University Regional Campus - Coimbatore Maruthamalai Main Road Navavoor Bharathiyar University Post Somayampalayam Coimbatore District 641046,ELECTRONICS AND COMMUNICATION ENGINEERING,190.0,186.0,185.5,187.0,182.0,181.5,176.5
2025,Anna University Regional Campus - Coimbatore Maruthamalai Main Road Navavoor Bharathiyar University Post Somayampalayam Coimbatore District 641046,ELECTRICAL AND ELECTRONICS ENGINEERING,183.5,178.5,182.0,179.0,171.5,170.0,
2025,Anna University Regional Campus - Coimbatore Maruthamalai Main Road Navavoor Bharathiyar University Post Somayampalayam Coimbatore District 641046,Electronics Engineering (VLSI Design and Technology),183.5,180.0,177.0,180.0,168.5,174.0,171.0
2025,Anna University Regional Campus - Coimbatore Maruthamalai Main Road Navavoor Bharathiyar University Post Somayampalayam Coimbatore District 641046,MECHANICAL ENGINEERING,178.5,174.0,177.0,173.0,160.0,153.0,
3011,University College of Engineering Tiruchirappalli (Bharathidasan Institute of Technology) Tiruchirappalli District 620024,COMPUTER SCIENCE AND ENGINEERING (AI AND MACHINE LEARNING),184.5,180.5,179.0,179.0,164.0,174.0,164.0
3011,University College of Engineering Tiruchirappalli (Bharathidasan Institute of Technology) Tiruchirappalli District 620024,BIO TECHNOLOGY,178.5,167.0,156.5,166.0,151.5,151.0,130.0
3011,University College of Engineering Tiruchirappalli (Bharathidasan Institute of Technology) Tiruchirappalli District 620024,CIVIL ENGINEERING,172.5,157.0,143.5,156.5,149.5,131.5,
3011,University College of Engineering Tiruchirappalli (Bharathidasan Institute of Technology) Tiruchirappalli District 620024,COMPUTER SCIENCE AND ENGINEERING (DATA SCIENCE),183.0,178.5,179.0,181.0,166.5,165.5,177.5
3011,University College of Engineering Tiruchirappalli (Bharathidasan Institute of Technology) Tiruchirappalli District 620024,Civil Engineering (Environmental Engineering),149.5,134.0,141.5,138.5,136.0,,124.0
3011,University College of Engineering Tiruchirappalli (Bharathidasan Institute of Technology) Tiruchirappalli District 620024,COMPUTER SCIENCE AND ENGINEERING,191.0,187.5,186.5,186.0,167.5,162.0,155.0
3011,University College of Engineering Tiruchirappalli (Bharathidasan Institute of Technology) Tiruchirappalli District 620024,ELECTRONICS AND COMMUNICATION ENGINEERING,187.0,180.0,177.5,180.0,165.0,171.0,
3011,University College of Engineering Tiruchirappalli (Bharathidasan Institute of Technology) Tiruchirappalli District 620024,ELECTRICAL AND ELECTRONICS ENGINEERING,179.0,173.5,171.0,170.0,154.5,158.5,
3011,University College of Engineering Tiruchirappalli (Bharathidasan Institute of Technology) Tiruchirappalli District 620024,Electrical and Computer Engineering,175.5,166.0,167.5,166.5,153.5,132.5,
3011,University College of Engineering Tiruchirappalli (Bharathidasan Institute of Technology) Tiruchirappalli District 620024,Electronics Engineering (VLSI Design and Technology),174.0,169.5,166.0,164.5,153.0,161.0,
3011,University College of Engineering Tiruchirappalli (Bharathidasan Institute of Technology) Tiruchirappalli District 620024,INFORMATION TECHNOLOGY,186.5,182.5,184.5,181.0,168.5,157.5,137.5
3011,University College of Engineering Tiruchirappalli (Bharathidasan Institute of Technology) Tiruchirappalli District 620024,Mechanical Engineering (Automobile),153.5,146.0,150.0,146.5,129.5,125.5,132.5
3011,University College of Engineering Tiruchirappalli (Bharathidasan Institute of Technology) Tiruchirappalli District 620024,MECHANICAL ENGINEERING,172.0,159.0,168.0,157.5,146.0,156.5,
3011,University College of Engineering Tiruchirappalli (Bharathidasan Institute of Technology) Tiruchirappalli District 620024,Mechanical and Smart Manufacturing,156.5,143.0,146.5,146.0,128.5,,128.5
3011,University College of Engineering Tiruchirappalli (Bharathidasan Institute of Technology) Tiruchirappalli District 620024,PETRO CHEMICAL TECHNOLOGY,168.0,146.0,151.5,150.5,143.5,158.0,
3011,University College of Engineering Tiruchirappalli (Bharathidasan Institute of Technology) Tiruchirappalli District 620024,PHARMACEUTICAL TECHNOLOGY,171.5,158.5,160.0,158.5,147.0,132.0,
3011,University College of Engineering Tiruchirappalli (Bharathidasan Institute of Technology) Tiruchirappalli District 620024,CIVIL ENGINEERING (TAMIL MEDIUM),162.5,138.0,152.5,143.5,147.0,134.5,
3011,University College of Engineering Tiruchirappalli (Bharathidasan Institute of Technology) Tiruchirappalli District 620024,MECHANICAL ENGINEERING (TAMIL MEDIUM),139.5,111.0,117.5,107.0,102.5,,
3016,University College of Engineering Ariyalur Kathankudikadu Village Thelur Post Ariyalur District 621704,CIVIL ENGINEERING,142.5,121.0,124.5,130.5,120.5,,
3016,University College of Engineering Ariyalur Kathankudikadu Village Thelur Post Ariyalur District 621704,COMPUTER SCIENCE AND ENGINEERING,168.5,156.0,146.5,158.5,144.0,,
3016,University College of Engineering Ariyalur Kathankudikadu Village Thelur Post Ariyalur District 621704,ELECTRONICS AND COMMUNICATION ENGINEERING,157.5,147.5,137.5,151.0,130.5,,
3016,University College of Engineering Ariyalur Kathankudikadu Village Thelur Post Ariyalur District 621704,ELECTRICAL AND ELECTRONICS ENGINEERING,144.0,125.5,120.5,141.0,115.5,,
3016,University College of Engineering Ariyalur Kathankudikadu Village Thelur Post Ariyalur District 621704,MECHANICAL ENGINEERING,142.5,121.5,118.0,128.0,117.5,,
3016,University College of Engineering Ariyalur Kathankudikadu Village Thelur Post Ariyalur District 621704,CIVIL ENGINEERING (TAMIL MEDIUM),133.5,,,107.5,82.0,,
3016,University College of Engineering Ariyalur Kathankudikadu Village Thelur Post Ariyalur District 621704,MECHANICAL ENGINEERING (TAMIL MEDIUM),119.5,,96.5,,,,
3018,University College of Engineering Thirukkuvalai Nagappattinam District 610204,Artificial Intelligence and Data Science,172.0,161.0,139.0,158.0,150.5,137.0,
3018,University College of Engineering Thirukkuvalai Nagappattinam District 610204,CIVIL ENGINEERING,134.5,101.5,,126.5,108.0,,
3018,University College of Engineering Thirukkuvalai Nagappattinam District 610204,COMPUTER SCIENCE AND ENGINEERING,161.5,151.5,145.0,150.5,140.0,87.5,145.0
3018,University College of Engineering Thirukkuvalai Nagappattinam District 610204,ELECTRONICS AND COMMUNICATION ENGINEERING,162.0,145.0,142.5,147.5,132.5,,
3018,University College of Engineering Thirukkuvalai Nagappattinam District 610204,ELECTRICAL AND ELECTRONICS ENGINEERING,147.5,133.0,124.0,134.5,110.5,,
3018,University College of Engineering Thirukkuvalai Nagappattinam District 610204,Electronics and Computer Engineering,144.5,136.0,127.0,139.5,127.0,,
3018,University College of Engineering Thirukkuvalai Nagappattinam District 610204,MECHANICAL ENGINEERING,142.0,117.0,128.0,139.0,111.0,,
3018,University College of Engineering Thirukkuvalai Nagappattinam District 610204,CIVIL ENGINEERING (TAMIL MEDIUM),129.0,,,103.0,116.5,,
3018,University College of Engineering Thirukkuvalai Nagappattinam District 610204,MECHANICAL ENGINEERING (TAMIL MEDIUM),126.0,,,,,,
3019,University College of Engineering Panruti Chennai-Kumbakonam Highway Panikkankuppam Panruti Cuddalore District 607106,COMPUTER SCIENCE AND ENGINEERING (AI AND MACHINE LEARNING),170.0,155.0,152.5,157.0,149.0,142.5,
3019,University College of Engineering Panruti Chennai-Kumbakonam Highway Panikkankuppam Panruti Cuddalore District 607106,CIVIL ENGINEERING,150.5,113.0,,136.0,119.0,,
3019,University College of Engineering Panruti Chennai-Kumbakonam Highway Panikkankuppam Panruti Cuddalore District 607106,COMPUTER SCIENCE AND ENGINEERING,170.0,156.5,162.0,160.5,149.5,,
3019,University College of Engineering Panruti Chennai-Kumbakonam Highway Panikkankuppam Panruti Cuddalore District 607106,ELECTRONICS AND COMMUNICATION ENGINEERING,165.0,150.0,139.0,153.5,141.0,120.5,
3019,University College of Engineering Panruti Chennai-Kumbakonam Highway Panikkankuppam Panruti Cuddalore District 607106,ELECTRICAL AND ELECTRONICS ENGINEERING,152.0,130.0,126.0,144.5,131.0,,128.0
3019,University College of Engineering Panruti Chennai-Kumbakonam Highway Panikkankuppam Panruti Cuddalore District 607106,MECHANICAL ENGINEERING,144.5,115.0,130.5,139.0,124.5,,
3019,University College of Engineering Panruti Chennai-Kumbakonam Highway Panikkankuppam Panruti Cuddalore District 607106,CIVIL ENGINEERING (TAMIL MEDIUM),141.5,,,124.5,115.5,,
3019,University College of Engineering Panruti Chennai-Kumbakonam Highway Panikkankuppam Panruti Cuddalore District 607106,MECHANICAL ENGINEERING (TAMIL MEDIUM),129.5,,,116.0,,,
3021,University College of Engineering Pattukkottai ECR Road Rajamadam Pattukkottai Taluk Thanjavur District 614701,Artificial Intelligence and Machine Learning,170.5,164.5,160.5,164.0,146.0,114.0,
3021,University College of Engineering Pattukkottai ECR Road Rajamadam Pattukkottai Taluk Thanjavur District 614701,CIVIL ENGINEERING,151.5,114.5,,142.5,116.0,,
3021,University College of Engineering Pattukkottai ECR Road Rajamadam Pattukkottai Taluk Thanjavur District 614701,COMPUTER SCIENCE AND ENGINEERING,172.0,161.5,162.0,154.5,146.0,112.5,106.0
3021,University College of Engineering Pattukkottai ECR Road Rajamadam Pattukkottai Taluk Thanjavur District 614701,ELECTRONICS AND COMMUNICATION ENGINEERING,161.0,150.5,154.5,150.5,139.0,93.0,
3021,University College of Engineering Pattukkottai ECR Road Rajamadam Pattukkottai Taluk Thanjavur District 614701,ELECTRICAL AND ELECTRONICS ENGINEERING,150.0,137.0,146.5,146.0,126.0,,
3021,University College of Engineering Pattukkottai ECR Road Rajamadam Pattukkottai Taluk Thanjavur District 614701,MECHANICAL ENGINEERING,145.0,127.5,121.0,143.5,117.5,,
3021,University College of Engineering Pattukkottai ECR Road Rajamadam Pattukkottai Taluk Thanjavur District 614701,CIVIL ENGINEERING (TAMIL MEDIUM),128.0,,,103.5,118.0,,
3021,University College of Engineering Pattukkottai ECR Road Rajamadam Pattukkottai Taluk Thanjavur District 614701,MECHANICAL ENGINEERING (TAMIL MEDIUM),113.5,,,,,,
4020,Anna University Regional Campus - Tirunelveli Trivandrum Road Palayamkottai Tirunelveli District 627007,Artificial Intelligence and Data Science,183.0,174.5,181.0,173.0,163.0,148.0,
4020,Anna University Regional Campus - Tirunelveli Trivandrum Road Palayamkottai Tirunelveli District 627007,COMPUTER SCIENCE AND ENGINEERING,184.0,176.0,184.0,175.0,172.0,165.5,101.0
4020,Anna University Regional Campus - Tirunelveli Trivandrum Road Palayamkottai Tirunelveli District 627007,ELECTRONICS AND COMMUNICATION ENGINEERING,180.0,172.5,185.0,168.5,163.0,,157.5
4020,Anna University Regional Campus - Tirunelveli Trivandrum Road Palayamkottai Tirunelveli District 627007,GEO INFORMATICS,164.5,152.5,154.0,151.5,140.0,139.5,
4020,Anna University Regional Campus - Tirunelveli Trivandrum Road Palayamkottai Tirunelveli District 627007,MECHANICAL ENGINEERING,166.0,154.5,161.5,148.5,136.5,104.5,
4023,University College of Engineering Nagercoil Nagercoil Industrial Estate Konam Kanyakumari District 629004,CIVIL ENGINEERING,152.5,132.5,146.5,125.0,119.5,,
4023,University College of Engineering Nagercoil Nagercoil Industrial Estate Konam Kanyakumari District 629004,COMPUTER SCIENCE AND ENGINEERING,178.0,171.5,170.5,159.5,145.0,99.5,130.5
4023,University College of Engineering Nagercoil Nagercoil Industrial Estate Konam Kanyakumari District 629004,ELECTRONICS AND COMMUNICATION ENGINEERING,172.5,164.5,169.5,151.0,131.5,,
4023,University College of Engineering Nagercoil Nagercoil Industrial Estate Konam Kanyakumari District 629004,ELECTRICAL AND ELECTRONICS ENGINEERING,163.5,153.5,148.5,146.5,131.5,,
4023,University College of Engineering Nagercoil Nagercoil Industrial Estate Konam Kanyakumari District 629004,INFORMATION TECHNOLOGY,170.5,165.5,169.0,161.5,134.0,,
4023,University College of Engineering Nagercoil Nagercoil Industrial Estate Konam Kanyakumari District 629004,MECHANICAL ENGINEERING,150.5,140.5,143.5,133.5,113.0,,
4023,University College of Engineering Nagercoil Nagercoil Industrial Estate Konam Kanyakumari District 629004,CIVIL ENGINEERING (TAMIL MEDIUM),144.0,87.0,,,134.0,,
4023,University College of Engineering Nagercoil Nagercoil Industrial Estate Konam Kanyakumari District 629004,MECHANICAL ENGINEERING (TAMIL MEDIUM),124.0,,88.0,,,,
4024,University V.O.C. College of Engineering Thoothukudi Near V.O.C. College Millerpuram Thoothukudi District 628008,CIVIL ENGINEERING,147.5,114.0,137.5,125.0,107.5,,
4024,University V.O.C. College of Engineering Thoothukudi Near V.O.C. College Millerpuram Thoothukudi District 628008,COMPUTER SCIENCE AND ENGINEERING,177.0,167.5,175.0,164.0,150.5,,
4024,University V.O.C. College of Engineering Thoothukudi Near V.O.C. College Millerpuram Thoothukudi District 628008,ELECTRONICS AND COMMUNICATION ENGINEERING,171.5,164.0,167.5,148.5,134.5,125.5,
4024,University V.O.C. College of Engineering Thoothukudi Near V.O.C. College Millerpuram Thoothukudi District 628008,ELECTRICAL AND ELECTRONICS ENGINEERING,161.5,148.0,149.5,134.5,120.0,,
4024,University V.O.C. College of Engineering Thoothukudi Near V.O.C. College Millerpuram Thoothukudi District 628008,MECHANICAL ENGINEERING,153.0,132.0,,129.0,135.0,,
4024,University V.O.C. College of Engineering Thoothukudi Near V.O.C. College Millerpuram Thoothukudi District 628008,CIVIL ENGINEERING (TAMIL MEDIUM),144.5,,132.5,107.5,109.5,,
4024,University V.O.C. College of Engineering Thoothukudi Near V.O.C. College Millerpuram Thoothukudi District 628008,MECHANICAL ENGINEERING (TAMIL MEDIUM),115.0,,111.0,,,,
5010,Anna University Regional Campus - Madurai Kanyakumari National Highway Keelakuilkudi Madurai District 625019,COMPUTER SCIENCE AND ENGINEERING (AI AND MACHINE LEARNING),182.0,177.5,176.0,175.0,162.5,175.0,
5010,Anna University Regional Campus - Madurai Kanyakumari National Highway Keelakuilkudi Madurai District 625019,CIVIL ENGINEERING,163.0,151.0,147.5,143.5,133.5,137.5,154.0
5010,Anna University Regional Campus - Madurai Kanyakumari National Highway Keelakuilkudi Madurai District 625019,COMPUTER SCIENCE AND ENGINEERING,184.5,179.0,176.5,177.5,164.0,166.5,155.0
5010,Anna University Regional Campus - Madurai Kanyakumari National Highway Keelakuilkudi Madurai District 625019,ELECTRONICS AND COMMUNICATION ENGINEERING,179.0,174.5,177.5,174.5,161.0,169.0,
5010,Anna University Regional Campus - Madurai Kanyakumari National Highway Keelakuilkudi Madurai District 625019,ELECTRICAL AND ELECTRONICS ENGINEERING,172.5,166.5,169.0,163.0,146.5,124.0,
5010,Anna University Regional Campus - Madurai Kanyakumari National Highway Keelakuilkudi Madurai District 625019,MECHANICAL ENGINEERING,166.5,155.5,154.5,151.0,132.5,128.0,
5017,University College of Engineering Ramanathapuram Pullangudi Ramanathapuram District 623513,CIVIL ENGINEERING,145.0,111.5,128.0,123.5,107.5,,
5017,University College of Engineering Ramanathapuram Pullangudi Ramanathapuram District 623513,COMPUTER SCIENCE AND ENGINEERING,166.0,153.5,159.5,153.0,135.0,,
5017,University College of Engineering Ramanathapuram Pullangudi Ramanathapuram District 623513,ELECTRONICS AND COMMUNICATION ENGINEERING,151.5,143.5,148.5,145.5,126.0,,110.5
5017,University College of Engineering Ramanathapuram Pullangudi Ramanathapuram District 623513,Electrical and Computer Engineering,143.5,130.5,,135.5,125.5,,
5017,University College of Engineering Ramanathapuram Pullangudi Ramanathapuram District 623513,MECHANICAL ENGINEERING,139.5,114.5,130.5,125.0,105.5,80.0,
5017,University College of Engineering Ramanathapuram Pullangudi Ramanathapuram District 623513,CIVIL ENGINEERING (TAMIL MEDIUM),133.0,,,,104.5,118.5,
5017,University College of Engineering Ramanathapuram Pullangudi Ramanathapuram District 623513,MECHANICAL ENGINEERING (TAMIL MEDIUM),108.0,,,,,,
5022,University College of Engineering Dindigul Mangarai Pirivu Reddiyarchathiram Dindigul District 624622,CIVIL ENGINEERING,148.0,123.0,140.0,138.0,127.0,,
5022,University College of Engineering Dindigul Mangarai Pirivu Reddiyarchathiram Dindigul District 624622,COMPUTER SCIENCE AND ENGINEERING,170.5,160.0,165.5,158.5,146.5,147.5,
5022,University College of Engineering Dindigul Mangarai Pirivu Reddiyarchathiram Dindigul District 624622,ELECTRONICS AND COMMUNICATION ENGINEERING,167.0,154.0,157.0,153.5,136.0,110.0,
5022,University College of Engineering Dindigul Mangarai Pirivu Reddiyarchathiram Dindigul District 624622,ELECTRICAL AND ELECTRONICS ENGINEERING,156.0,143.5,148.0,143.5,124.0,,
5022,University College of Engineering Dindigul Mangarai Pirivu Reddiyarchathiram Dindigul District 624622,MECHANICAL ENGINEERING,144.0,136.0,,134.0,122.0,,
5022,University College of Engineering Dindigul Mangarai Pirivu Reddiyarchathiram Dindigul District 624622,CIVIL ENGINEERING (TAMIL MEDIUM),142.0,106.0,98.0,123.5,122.5,120.0,
5022,University College of Engineering Dindigul Mangarai Pirivu Reddiyarchathiram Dindigul District 624622,MECHANICAL ENGINEERING (TAMIL MEDIUM),122.0,,,,,,
5,Annamalai University Faculty of Engineering and Technology Annamalai nagar Cuddalore,COMPUTER SCIENCE AND ENGINEERING (AI AND MACHINE LEARNING),176.0,160.0,171.5,164.0,155.5,147.5,
5,Annamalai University Faculty of Engineering and Technology Annamalai nagar Cuddalore,CIVIL ENGINEERING,155.5,91.5,126.0,138.5,134.0,131.5,
5,Annamalai University Faculty of Engineering and Technology Annamalai nagar Cuddalore,COMPUTER SCIENCE AND ENGINEERING (DATA SCIENCE),172.0,158.5,161.5,162.0,157.0,138.5,130.5
5,Annamalai University Faculty of Engineering and Technology Annamalai nagar Cuddalore,CHEMICAL ENGINEERING,157.5,121.0,138.0,137.5,134.0,,
5,Annamalai University Faculty of Engineering and Technology Annamalai nagar Cuddalore,COMPUTER SCIENCE AND ENGINEERING,178.5,160.5,160.5,164.0,156.5,139.0,
5,Annamalai University Faculty of Engineering and Technology Annamalai nagar Cuddalore,CIVIL AND STRUCTUTURAL ENGINEERING,145.0,,117.5,129.0,131.5,127.5,
5,Annamalai University Faculty of Engineering and Technology Annamalai nagar Cuddalore,ELECTRONICS AND COMMUNICATION ENGINEERING,175.0,160.0,163.5,162.5,152.5,165.5,147.0
5,Annamalai University Faculty of Engineering and Technology Annamalai nagar Cuddalore,ELECTRICAL AND ELECTRONICS ENGINEERING,156.5,143.0,144.0,149.0,131.0,129.5,102.0
5,Annamalai University Faculty of Engineering and Technology Annamalai nagar Cuddalore,ELECTRONICS AND INSTRUMENTATION ENGINEERING,149.5,122.5,131.5,143.5,134.0,,
5,Annamalai University Faculty of Engineering and Technology Annamalai nagar Cuddalore,INFORMATION TECHNOLOGY,170.0,154.5,166.5,159.5,154.0,127.5,149.5
5,Annamalai University Faculty of Engineering and Technology Annamalai nagar Cuddalore,MECHANICAL ENGINEERING,154.0,114.0,143.0,140.5,130.5,114.5,112.0
5,Annamalai University Faculty of Engineering and Technology Annamalai nagar Cuddalore,MECHANICAL ENGINEERING (MANUFACTURING),144.0,87.5,131.5,130.5,130.0,,
1101,"Aalim Muhammed Salegh College of Engineering, Nizara Educational Campus Muthapudupet, Avadi - IAF, Chennai-600055.",Artificial Intelligence and Data Science,159.0,120.0,158.0,122.5,126.0,,
1101,"Aalim Muhammed Salegh College of Engineering, Nizara Educational Campus Muthapudupet, Avadi - IAF, Chennai-600055.",COMPUTER SCIENCE AND ENGINEERING (AI AND MACHINE LEARNING),155.5,117.0,153.5,,131.0,,
1101,"Aalim Muhammed Salegh College of Engineering, Nizara Educational Campus Muthapudupet, Avadi - IAF, Chennai-600055.",COMPUTER SCIENCE AND BUSSINESS SYSTEM,148.0,119.5,,,119.0,,
1101,"Aalim Muhammed Salegh College of Engineering, Nizara Educational Campus Muthapudupet, Avadi - IAF, Chennai-600055.",COMPUTER SCIENCE AND ENGINEERING,157.0,132.5,,105.0,112.5,87.5,98.0
1101,"Aalim Muhammed Salegh College of Engineering, Nizara Educational Campus Muthapudupet, Avadi - IAF, Chennai-600055.",ELECTRONICS AND COMMUNICATION ENGINEERING,150.5,107.0,,119.5,91.5,101.5,
1101,"Aalim Muhammed Salegh College of Engineering, Nizara Educational Campus Muthapudupet, Avadi - IAF, Chennai-600055.",ELECTRICAL AND ELECTRONICS ENGINEERING,135.0,,126.0,,104.5,,
1101,"Aalim Muhammed Salegh College of Engineering, Nizara Educational Campus Muthapudupet, Avadi - IAF, Chennai-600055.",INFORMATION TECHNOLOGY,154.5,123.0,154.0,,116.0,,
1101,"Aalim Muhammed Salegh College of Engineering, Nizara Educational Campus Muthapudupet, Avadi - IAF, Chennai-600055.",MECHANICAL ENGINEERING,126.0,,,,101.0,,
1101,"Aalim Muhammed Salegh College of Engineering, Nizara Educational Campus Muthapudupet, Avadi - IAF, Chennai-600055.",Computer Science and Engineering (Cyber Security),150.0,114.5,150.0,115.5,112.0,,
1102,"Bhajarang Engineering College, Ayathur Village, Veppampattu (R.S), Thiruvallur dist-602024.",Artificial Intelligence and Data Science,100.5,,,,,,
1102,"Bhajarang Engineering College, Ayathur Village, Veppampattu (R.S), Thiruvallur dist-602024.",CIVIL ENGINEERING,,,,,,,
1102,"Bhajarang Engineering College, Ayathur Village, Veppampattu (R.S), Thiruvallur dist-602024.",COMPUTER SCIENCE AND ENGINEERING,93.0,,,,,,
1102,"Bhajarang Engineering College, Ayathur Village, Veppampattu (R.S), Thiruvallur dist-602024.",ELECTRONICS AND COMMUNICATION ENGINEERING,,,,,,,
1102,"Bhajarang Engineering College, Ayathur Village, Veppampattu (R.S), Thiruvallur dist-602024.",ELECTRICAL AND ELECTRONICS ENGINEERING,,,,,,,
1102,"Bhajarang Engineering College, Ayathur Village, Veppampattu (R.S), Thiruvallur dist-602024.",INFORMATION TECHNOLOGY,,,,,,,
1102,"Bhajarang Engineering College, Ayathur Village, Veppampattu (R.S), Thiruvallur dist-602024.",MECHANICAL ENGINEERING,,,,,,,
1106,"Jaya Engineering College, Prakash Nagar, Thiruninravur, Thiruvallur District, Chennai-602024.",AERONAUTICAL ENGINEERING,120.0,,95.5,,,,
1106,"Jaya Engineering College, Prakash Nagar, Thiruninravur, Thiruvallur District, Chennai-602024.",COMPUTER SCIENCE AND ENGINEERING (AI AND MACHINE LEARNING),135.0,113.5,,,,,
1106,"Jaya Engineering College, Prakash Nagar, Thiruninravur, Thiruvallur District, Chennai-602024.",COMPUTER SCIENCE AND BUSSINESS SYSTEM,119.0,,,,,,
1106,"Jaya Engineering College, Prakash Nagar, Thiruninravur, Thiruvallur District, Chennai-602024.",CIVIL ENGINEERING,,,,,,,
1106,"Jaya Engineering College, Prakash Nagar, Thiruninravur, Thiruvallur District, Chennai-602024.",COMPUTER AND COMMUNICATION ENGINEERING,123.5,,115.0,102.5,,,
1106,"Jaya Engineering College, Prakash Nagar, Thiruninravur, Thiruvallur District, Chennai-602024.",COMPUTER SCIENCE AND ENGINEERING,139.5,113.5,,,,,
1106,"Jaya Engineering College, Prakash Nagar, Thiruninravur, Thiruvallur District, Chennai-602024.",ELECTRONICS AND COMMUNICATION ENGINEERING,142.5,,,,,,
1106,"Jaya Engineering College, Prakash Nagar, Thiruninravur, Thiruvallur District, Chennai-602024.",ELECTRICAL AND ELECTRONICS ENGINEERING,89.5,,,,,,
1106,"Jaya Engineering College, Prakash Nagar, Thiruninravur, Thiruvallur District, Chennai-602024.",ELECTRONICS AND INSTRUMENTATION ENGINEERING,116.0,,,,101.0,95.5,
1106,"Jaya Engineering College, Prakash Nagar, Thiruninravur, Thiruvallur District, Chennai-602024.",INFORMATION TECHNOLOGY,125.5,,,,,,
1106,"Jaya Engineering College, Prakash Nagar, Thiruninravur, Thiruvallur District, Chennai-602024.",MECHANICAL ENGINEERING,122.5,,,,,,
1106,"Jaya Engineering College, Prakash Nagar, Thiruninravur, Thiruvallur District, Chennai-602024.",ROBOTICS AND AUTOMATION,,,,,,,
1106,"Jaya Engineering College, Prakash Nagar, Thiruninravur, Thiruvallur District, Chennai-602024.",TEXTILE TECHNOLOGY,,,,,,,
1107,"Jaya Institute of Technology, Kanchipadi, Thiruvallur-Thiruthani NH Road, Thiruvallur Taluk & District-631204.",COMPUTER SCIENCE AND ENGINEERING,127.0,,,,,,
1107,"Jaya Institute of Technology, Kanchipadi, Thiruvallur-Thiruthani NH Road, Thiruvallur Taluk & District-631204.",ELECTRONICS AND COMMUNICATION ENGINEERING,,,,,,,
1107,"Jaya Institute of Technology, Kanchipadi, Thiruvallur-Thiruthani NH Road, Thiruvallur Taluk & District-631204.",ELECTRICAL AND ELECTRONICS ENGINEERING,,,,,,,
1107,"Jaya Institute of Technology, Kanchipadi, Thiruvallur-Thiruthani NH Road, Thiruvallur Taluk & District-631204.",FOOD TECHNOLOGY,,,,,,,
1107,"Jaya Institute of Technology, Kanchipadi, Thiruvallur-Thiruthani NH Road, Thiruvallur Taluk & District-631204.",MECHANICAL ENGINEERING,,,,,,,
1110,"Prathyusha Engineering College (Autonomous), Poonamallee-Tiruvallur High Road, Aranvoyalkuppam, Tiruvallur-602025.",Artificial Intelligence and Data Science,160.5,146.0,124.0,143.0,125.5,111.0,
1110,"Prathyusha Engineering College (Autonomous), Poonamallee-Tiruvallur High Road, Aranvoyalkuppam, Tiruvallur-602025.",COMPUTER SCIENCE AND ENGINEERING (AI AND MACHINE LEARNING),162.0,143.5,134.0,134.5,116.5,,
1110,"Prathyusha Engineering College (Autonomous), Poonamallee-Tiruvallur High Road, Aranvoyalkuppam, Tiruvallur-602025.",BIO TECHNOLOGY,146.5,108.5,,105.0,112.5,,
1110,"Prathyusha Engineering College (Autonomous), Poonamallee-Tiruvallur High Road, Aranvoyalkuppam, Tiruvallur-602025.",COMPUTER SCIENCE AND BUSSINESS SYSTEM,160.0,144.5,,133.0,114.0,,
1110,"Prathyusha Engineering College (Autonomous), Poonamallee-Tiruvallur High Road, Aranvoyalkuppam, Tiruvallur-602025.",COMPUTER SCIENCE AND ENGINEERING,165.5,150.0,146.0,141.5,115.5,,
1110,"Prathyusha Engineering College (Autonomous), Poonamallee-Tiruvallur High Road, Aranvoyalkuppam, Tiruvallur-602025.",ELECTRONICS AND COMMUNICATION ENGINEERING,161.5,145.0,126.5,143.5,125.5,,
1110,"Prathyusha Engineering College (Autonomous), Poonamallee-Tiruvallur High Road, Aranvoyalkuppam, Tiruvallur-602025.",ELECTRICAL AND ELECTRONICS ENGINEERING,141.0,140.0,138.5,132.5,114.0,98.5,
1110,"Prathyusha Engineering College (Autonomous), Poonamallee-Tiruvallur High Road, Aranvoyalkuppam, Tiruvallur-602025.",INFORMATION TECHNOLOGY,160.5,145.5,135.5,141.5,131.5,112.5,
1110,"Prathyusha Engineering College (Autonomous), Poonamallee-Tiruvallur High Road, Aranvoyalkuppam, Tiruvallur-602025.",MECHANICAL ENGINEERING,139.0,117.0,122.5,110.5,101.5,,
1110,"Prathyusha Engineering College (Autonomous), Poonamallee-Tiruvallur High Road, Aranvoyalkuppam, Tiruvallur-602025.",Computer Science and Engineering (Cyber Security),163.0,149.0,138.5,141.5,133.5,,
1112,"R.M.D. Engineering College (Autonomous), R.S.M. Nagar, Gummidipoondi Taluk, Kavaraipettai, Thiruvallur-601206.",Artificial Intelligence and Machine Learning,179.5,176.0,178.5,174.0,145.5,,
1112,"R.M.D. Engineering College (Autonomous), R.S.M. Nagar, Gummidipoondi Taluk, Kavaraipettai, Thiruvallur-601206.",COMPUTER SCIENCE AND BUSSINESS SYSTEM,178.0,175.5,170.0,172.0,143.5,,131.5
1112,"R.M.D. Engineering College (Autonomous), R.S.M. Nagar, Gummidipoondi Taluk, Kavaraipettai, Thiruvallur-601206.",COMPUTER SCIENCE AND ENGINEERING,182.5,179.0,172.0,175.5,152.0,,159.0
1112,"R.M.D. Engineering College (Autonomous), R.S.M. Nagar, Gummidipoondi Taluk, Kavaraipettai, Thiruvallur-601206.",ELECTRONICS AND COMMUNICATION ENGINEERING,180.0,177.0,171.0,173.0,152.5,,
1112,"R.M.D. Engineering College (Autonomous), R.S.M. Nagar, Gummidipoondi Taluk, Kavaraipettai, Thiruvallur-601206.",INFORMATION TECHNOLOGY,180.0,176.5,171.5,173.5,146.5,,
1113,"R.M.K. Engineering College (Autonomous), R.S.M. Nagar, Kavaraipettai, Gummidipoondi Taluk, Thiruvallur-601206.",Artificial Intelligence and Data Science,186.5,182.0,181.0,177.5,155.5,,
1113,"R.M.K. Engineering College (Autonomous), R.S.M. Nagar, Kavaraipettai, Gummidipoondi Taluk, Thiruvallur-601206.",COMPUTER SCIENCE AND BUSSINESS SYSTEM,182.5,180.5,171.5,176.5,148.5,,
1113,"R.M.K. Engineering College (Autonomous), R.S.M. Nagar, Kavaraipettai, Gummidipoondi Taluk, Thiruvallur-601206.",COMPUTER SCIENCE AND DESIGN,181.5,179.0,170.0,173.5,154.5,145.5,
1113,"R.M.K. Engineering College (Autonomous), R.S.M. Nagar, Kavaraipettai, Gummidipoondi Taluk, Thiruvallur-601206.",CIVIL ENGINEERING,172.0,168.0,145.5,154.5,144.0,109.5,
1113,"R.M.K. Engineering College (Autonomous), R.S.M. Nagar, Kavaraipettai, Gummidipoondi Taluk, Thiruvallur-601206.",COMPUTER SCIENCE AND ENGINEERING,190.0,185.0,181.5,183.0,172.5,113.5,174.0
1113,"R.M.K. Engineering College (Autonomous), R.S.M. Nagar, Kavaraipettai, Gummidipoondi Taluk, Thiruvallur-601206.",Electronics and Communication (Advanced Communication Technology),182.0,179.0,179.5,175.0,144.0,,117.0
1113,"R.M.K. Engineering College (Autonomous), R.S.M. Nagar, Kavaraipettai, Gummidipoondi Taluk, Thiruvallur-601206.",ELECTRONICS AND COMMUNICATION ENGINEERING,186.0,181.5,176.0,178.5,163.5,,145.5
1113,"R.M.K. Engineering College (Autonomous), R.S.M. Nagar, Kavaraipettai, Gummidipoondi Taluk, Thiruvallur-601206.",ELECTRICAL AND ELECTRONICS ENGINEERING,179.0,177.0,163.0,172.5,152.0,,
1113,"R.M.K. Engineering College (Autonomous), R.S.M. Nagar, Kavaraipettai, Gummidipoondi Taluk, Thiruvallur-601206.",Electronics Engineering (VLSI Design and Technology),180.5,178.0,177.5,173.5,143.0,,107.5
1113,"R.M.K. Engineering College (Autonomous), R.S.M. Nagar, Kavaraipettai, Gummidipoondi Taluk, Thiruvallur-601206.",INFORMATION TECHNOLOGY,185.5,183.0,172.5,178.0,158.0,,
1113,"R.M.K. Engineering College (Autonomous), R.S.M. Nagar, Kavaraipettai, Gummidipoondi Taluk, Thiruvallur-601206.",MECHANICAL ENGINEERING,175.5,169.5,160.5,167.0,149.5,,
1114,"S.A. Engineering College (Autonomous), Poonamallee- Avadi Road, Thiruverkadu Post, Tiruvallur, Chennai-600077.",Artificial Intelligence and Data Science,167.5,157.0,156.0,154.5,140.0,144.5,
1114,"S.A. Engineering College (Autonomous), Poonamallee- Avadi Road, Thiruverkadu Post, Tiruvallur, Chennai-600077.",COMPUTER SCIENCE AND ENGINEERING (AI AND MACHINE LEARNING),166.0,156.0,157.0,151.0,140.0,123.0,
1114,"S.A. Engineering College (Autonomous), Poonamallee- Avadi Road, Thiruverkadu Post, Tiruvallur, Chennai-600077.",COMPUTER SCIENCE AND BUSSINESS SYSTEM,163.0,154.5,158.5,150.0,130.5,,
1114,"S.A. Engineering College (Autonomous), Poonamallee- Avadi Road, Thiruverkadu Post, Tiruvallur, Chennai-600077.",CIVIL ENGINEERING,144.0,80.5,,113.5,127.5,,
1114,"S.A. Engineering College (Autonomous), Poonamallee- Avadi Road, Thiruverkadu Post, Tiruvallur, Chennai-600077.",COMPUTER SCIENCE AND ENGINEERING,168.0,159.0,159.5,154.5,138.0,,
1114,"S.A. Engineering College (Autonomous), Poonamallee- Avadi Road, Thiruverkadu Post, Tiruvallur, Chennai-600077.",ELECTRONICS AND COMMUNICATION ENGINEERING,163.5,155.0,151.0,150.0,131.0,,
1114,"S.A. Engineering College (Autonomous), Poonamallee- Avadi Road, Thiruverkadu Post, Tiruvallur, Chennai-600077.",ELECTRICAL AND ELECTRONICS ENGINEERING,150.5,138.5,145.0,132.5,122.5,,
1114,"S.A. Engineering College (Autonomous), Poonamallee- Avadi Road, Thiruverkadu Post, Tiruvallur, Chennai-600077.",Electronics Engineering (VLSI Design and Technology),153.5,148.0,162.5,142.5,123.5,,
1114,"S.A. Engineering College (Autonomous), Poonamallee- Avadi Road, Thiruverkadu Post, Tiruvallur, Chennai-600077.",INFORMATION TECHNOLOGY,161.5,155.5,151.5,150.0,136.5,,140.5
1114,"S.A. Engineering College (Autonomous), Poonamallee- Avadi Road, Thiruverkadu Post, Tiruvallur, Chennai-600077.",MECHANICAL ENGINEERING,140.5,133.5,129.0,132.0,117.5,,
1114,"S.A. Engineering College (Autonomous), Poonamallee- Avadi Road, Thiruverkadu Post, Tiruvallur, Chennai-600077.",Computer Science and Engineering (Cyber Security),164.0,156.5,162.0,153.5,135.0,131.5,
1115,"SriRam Engineering College, Perumalpattu, Veppampattu R.S., Tiruvallur District, Chennai-602024.",Artificial Intelligence and Data Science,146.0,125.5,140.0,114.5,100.5,,
1115,"SriRam Engineering College, Perumalpattu, Veppampattu R.S., Tiruvallur District, Chennai-602024.",COMPUTER SCIENCE AND ENGINEERING (AI AND MACHINE LEARNING),149.5,119.0,,96.5,,,
1115,"SriRam Engineering College, Perumalpattu, Veppampattu R.S., Tiruvallur District, Chennai-602024.",COMPUTER SCIENCE AND BUSSINESS SYSTEM,122.0,,,94.5,,,
1115,"SriRam Engineering College, Perumalpattu, Veppampattu R.S., Tiruvallur District, Chennai-602024.",COMPUTER SCIENCE AND ENGINEERING,153.5,133.0,153.5,130.5,,,
1115,"SriRam Engineering College, Perumalpattu, Veppampattu R.S., Tiruvallur District, Chennai-602024.",ELECTRONICS AND COMMUNICATION ENGINEERING,155.5,136.0,,122.5,108.0,,
1115,"SriRam Engineering College, Perumalpattu, Veppampattu R.S., Tiruvallur District, Chennai-602024.",ELECTRICAL AND ELECTRONICS ENGINEERING,,,,,,,
1115,"SriRam Engineering College, Perumalpattu, Veppampattu R.S., Tiruvallur District, Chennai-602024.",MECHANICAL ENGINEERING,,,,,,,
1115,"SriRam Engineering College, Perumalpattu, Veppampattu R.S., Tiruvallur District, Chennai-602024.",Computer Science and Engineering (Cyber Security),137.0,104.0,118.5,106.5,,,
1116,"Sri Venkateswara College of Engineering and Technology, Thirupachur, Thiruvallur Taluk & District-631203.",Artificial Intelligence and Data Science,157.5,153.5,156.5,146.5,111.5,,
1116,"Sri Venkateswara College of Engineering and Technology, Thirupachur, Thiruvallur Taluk & District-631203.",COMPUTER SCIENCE AND ENGINEERING (AI AND MACHINE LEARNING),156.5,146.0,,146.0,110.0,,
1116,"Sri Venkateswara College of Engineering and Technology, Thirupachur, Thiruvallur Taluk & District-631203.",CIVIL ENGINEERING,,,,,,,
1116,"Sri Venkateswara College of Engineering and Technology, Thirupachur, Thiruvallur Taluk & District-631203.",COMPUTER SCIENCE AND ENGINEERING,167.0,163.0,151.5,159.0,125.5,,
1116,"Sri Venkateswara College of Engineering and Technology, Thirupachur, Thiruvallur Taluk & District-631203.",ELECTRONICS AND COMMUNICATION ENGINEERING,156.5,144.0,,142.5,115.5,,
1116,"Sri Venkateswara College of Engineering and Technology, Thirupachur, Thiruvallur Taluk & District-631203.",ELECTRICAL AND ELECTRONICS ENGINEERING,122.5,,105.5,,,,
1116,"Sri Venkateswara College of Engineering and Technology, Thirupachur, Thiruvallur Taluk & District-631203.",INFORMATION TECHNOLOGY,156.0,151.5,,153.0,102.5,,
1116,"Sri Venkateswara College of Engineering and Technology, Thirupachur, Thiruvallur Taluk & District-631203.",MECHANICAL ENGINEERING,,,,,,,
1116,"Sri Venkateswara College of Engineering and Technology, Thirupachur, Thiruvallur Taluk & District-631203.",Computer Science and Engineering (Cyber Security),157.0,145.0,131.5,148.0,107.0,,85.5
1118,"Vel Tech Multi Tech Dr Rangarajan Dr Sakunthala Engineering College (Autonomous), 42, Veltech Road, Avadi, Morai, Thiruvallur-600062.",Artificial Intelligence and Data Science,172.5,166.0,166.5,164.0,141.0,,
1118,"Vel Tech Multi Tech Dr Rangarajan Dr Sakunthala Engineering College (Autonomous), 42, Veltech Road, Avadi, Morai, Thiruvallur-600062.",BIO MEDICAL ENGINEERING,155.0,146.5,144.5,138.5,125.5,,
1118,"Vel Tech Multi Tech Dr Rangarajan Dr Sakunthala Engineering College (Autonomous), 42, Veltech Road, Avadi, Morai, Thiruvallur-600062.",COMPUTER SCIENCE AND BUSSINESS SYSTEM,165.0,162.5,162.0,158.0,133.5,,
1118,"Vel Tech Multi Tech Dr Rangarajan Dr Sakunthala Engineering College (Autonomous), 42, Veltech Road, Avadi, Morai, Thiruvallur-600062.",COMPUTER SCIENCE AND ENGINEERING,175.0,168.5,170.5,166.0,145.0,,
1118,"Vel Tech Multi Tech Dr Rangarajan Dr Sakunthala Engineering College (Autonomous), 42, Veltech Road, Avadi, Morai, Thiruvallur-600062.",ELECTRONICS AND COMMUNICATION ENGINEERING,171.5,166.5,165.5,161.0,142.5,,
1118,"Vel Tech Multi Tech Dr Rangarajan Dr Sakunthala Engineering College (Autonomous), 42, Veltech Road, Avadi, Morai, Thiruvallur-600062.",ELECTRICAL AND ELECTRONICS ENGINEERING,164.5,160.0,150.5,156.5,130.5,,
1118,"Vel Tech Multi Tech Dr Rangarajan Dr Sakunthala Engineering College (Autonomous), 42, Veltech Road, Avadi, Morai, Thiruvallur-600062.",INFORMATION TECHNOLOGY,168.5,166.0,163.5,162.5,139.0,,
1118,"Vel Tech Multi Tech Dr Rangarajan Dr Sakunthala Engineering College (Autonomous), 42, Veltech Road, Avadi, Morai, Thiruvallur-600062.",MECHANICAL ENGINEERING,157.5,143.5,155.0,145.5,126.5,,
1118,"Vel Tech Multi Tech Dr Rangarajan Dr Sakunthala Engineering College (Autonomous), 42, Veltech Road, Avadi, Morai, Thiruvallur-600062.",Computer Science and Engineering (Cyber Security),171.5,165.5,168.5,166.0,141.0,,
1120,"Velammal Engineering College (Autonomous), Velammal Nagar, Ambattur-Redhills Road, Surapet, Thiruvallur, Chennai-600066.",Artificial Intelligence and Data Science,176.0,170.5,174.0,167.5,146.0,109.0,
1120,"Velammal Engineering College (Autonomous), Velammal Nagar, Ambattur-Redhills Road, Surapet, Thiruvallur, Chennai-600066.",AUTOMOBILE ENGINEERING,154.5,144.0,,138.5,117.5,,
1120,"Velammal Engineering College (Autonomous), Velammal Nagar, Ambattur-Redhills Road, Surapet, Thiruvallur, Chennai-600066.",CIVIL ENGINEERING,170.5,149.0,134.5,154.5,145.5,,
1120,"Velammal Engineering College (Autonomous), Velammal Nagar, Ambattur-Redhills Road, Surapet, Thiruvallur, Chennai-600066.",COMPUTER SCIENCE AND ENGINEERING,180.0,173.0,170.5,169.5,145.5,,159.0
1120,"Velammal Engineering College (Autonomous), Velammal Nagar, Ambattur-Redhills Road, Surapet, Thiruvallur, Chennai-600066.",ELECTRONICS AND COMMUNICATION ENGINEERING,173.0,168.0,162.5,165.5,138.5,,
1120,"Velammal Engineering College (Autonomous), Velammal Nagar, Ambattur-Redhills Road, Surapet, Thiruvallur, Chennai-600066.",ELECTRICAL AND ELECTRONICS ENGINEERING,169.0,163.5,156.5,161.0,135.0,,
1120,"Velammal Engineering College (Autonomous), Velammal Nagar, Ambattur-Redhills Road, Surapet, Thiruvallur, Chennai-600066.",ELECTRONICS AND INSTRUMENTATION ENGINEERING,163.0,161.0,,157.0,140.5,,
1120,"Velammal Engineering College (Autonomous), Velammal Nagar, Ambattur-Redhills Road, Surapet, Thiruvallur, Chennai-600066.",INFORMATION TECHNOLOGY,175.5,170.5,173.5,166.5,143.5,,109.0
1120,"Velammal Engineering College (Autonomous), Velammal Nagar, Ambattur-Redhills Road, Surapet, Thiruvallur, Chennai-600066.",MECHANICAL ENGINEERING,161.5,154.0,143.5,153.5,127.0,106.5,
1120,"Velammal Engineering College (Autonomous), Velammal Nagar, Ambattur-Redhills Road, Surapet, Thiruvallur, Chennai-600066.",Computer Science and Engineering (Cyber Security),175.5,172.0,170.5,167.0,144.0,,
1122,"Vel Tech High Tech Dr.Rangarajan Dr.Sakunthala Engineering College (Autonomous), No. 60, Veltech Road, Avadi, Morai, Thiruvallur-600062.",Artificial Intelligence and Data Science,170.0,162.5,168.0,161.0,142.5,,
1122,"Vel Tech High Tech Dr.Rangarajan Dr.Sakunthala Engineering College (Autonomous), No. 60, Veltech Road, Avadi, Morai, Thiruvallur-600062.",COMPUTER SCIENCE AND ENGINEERING (AI AND MACHINE LEARNING),169.0,163.5,162.5,160.0,140.0,,
1122,"Vel Tech High Tech Dr.Rangarajan Dr.Sakunthala Engineering College (Autonomous), No. 60, Veltech Road, Avadi, Morai, Thiruvallur-600062.",BIO TECHNOLOGY,156.0,138.5,138.0,140.5,120.0,,
1122,"Vel Tech High Tech Dr.Rangarajan Dr.Sakunthala Engineering College (Autonomous), No. 60, Veltech Road, Avadi, Morai, Thiruvallur-600062.",CIVIL ENGINEERING,144.0,123.5,119.0,110.0,117.0,,
1122,"Vel Tech High Tech Dr.Rangarajan Dr.Sakunthala Engineering College (Autonomous), No. 60, Veltech Road, Avadi, Morai, Thiruvallur-600062.",CHEMICAL ENGINEERING,155.5,131.5,150.0,121.5,102.0,,
1122,"Vel Tech High Tech Dr.Rangarajan Dr.Sakunthala Engineering College (Autonomous), No. 60, Veltech Road, Avadi, Morai, Thiruvallur-600062.",COMPUTER SCIENCE AND ENGINEERING,176.0,167.0,171.5,163.5,141.5,,126.5
1122,"Vel Tech High Tech Dr.Rangarajan Dr.Sakunthala Engineering College (Autonomous), No. 60, Veltech Road, Avadi, Morai, Thiruvallur-600062.",ELECTRONICS AND COMMUNICATION ENGINEERING,168.5,161.5,159.5,158.0,135.5,,
1122,"Vel Tech High Tech Dr.Rangarajan Dr.Sakunthala Engineering College (Autonomous), No. 60, Veltech Road, Avadi, Morai, Thiruvallur-600062.",INFORMATION TECHNOLOGY,168.5,161.5,165.5,159.5,137.5,,
1122,"Vel Tech High Tech Dr.Rangarajan Dr.Sakunthala Engineering College (Autonomous), No. 60, Veltech Road, Avadi, Morai, Thiruvallur-600062.",MECHANICAL ENGINEERING,155.5,144.5,145.0,141.5,124.5,,
1123,"Gojan School of Business and Technology, 80-Feet Road, Edapalayam, Red Hills, Thiruvallur, Chennai-600052.",Artificial Intelligence and Data Science,141.0,112.5,94.5,123.0,123.0,,
1123,"Gojan School of Business and Technology, 80-Feet Road, Edapalayam, Red Hills, Thiruvallur, Chennai-600052.",AERONAUTICAL ENGINEERING,133.0,,,118.0,104.0,127.0,
1123,"Gojan School of Business and Technology, 80-Feet Road, Edapalayam, Red Hills, Thiruvallur, Chennai-600052.",COMPUTER SCIENCE AND ENGINEERING (AI AND MACHINE LEARNING),131.5,107.0,,,107.5,,
1123,"Gojan School of Business and Technology, 80-Feet Road, Edapalayam, Red Hills, Thiruvallur, Chennai-600052.",BIO TECHNOLOGY,144.0,117.5,94.5,125.0,112.0,,
1123,"Gojan School of Business and Technology, 80-Feet Road, Edapalayam, Red Hills, Thiruvallur, Chennai-600052.",COMPUTER SCIENCE AND BUSSINESS SYSTEM,107.0,,,,103.0,,
1123,"Gojan School of Business and Technology, 80-Feet Road, Edapalayam, Red Hills, Thiruvallur, Chennai-600052.",COMPUTER AND COMMUNICATION ENGINEERING,127.5,,,118.0,120.0,,
1123,"Gojan School of Business and Technology, 80-Feet Road, Edapalayam, Red Hills, Thiruvallur, Chennai-600052.",COMPUTER SCIENCE AND ENGINEERING,149.5,137.0,138.0,98.0,129.5,,
1123,"Gojan School of Business and Technology, 80-Feet Road, Edapalayam, Red Hills, Thiruvallur, Chennai-600052.",ELECTRONICS AND COMMUNICATION ENGINEERING,142.5,114.5,,120.5,119.5,,
1123,"Gojan School of Business and Technology, 80-Feet Road, Edapalayam, Red Hills, Thiruvallur, Chennai-600052.",INFORMATION TECHNOLOGY,138.5,91.0,,97.0,108.0,,
1123,"Gojan School of Business and Technology, 80-Feet Road, Edapalayam, Red Hills, Thiruvallur, Chennai-600052.",MEDICAL ELECTRONICS ENGINEERING,107.5,,94.0,,98.0,,
1123,"Gojan School of Business and Technology, 80-Feet Road, Edapalayam, Red Hills, Thiruvallur, Chennai-600052.",MECHANICAL AND AUTOMATION ENGINEERING,116.0,,113.5,112.0,99.5,,
1123,"Gojan School of Business and Technology, 80-Feet Road, Edapalayam, Red Hills, Thiruvallur, Chennai-600052.",PHARMACEUTICAL TECHNOLOGY,126.5,,,87.0,121.5,,
1123,"Gojan School of Business and Technology, 80-Feet Road, Edapalayam, Red Hills, Thiruvallur, Chennai-600052.",ROBOTICS AND AUTOMATION,116.5,,101.0,,106.0,,
1123,"Gojan School of Business and Technology, 80-Feet Road, Edapalayam, Red Hills, Thiruvallur, Chennai-600052.",Computer Science and Engineering (Cyber Security),136.5,112.0,131.0,98.0,122.0,,
1124,"SAMS College of Engineering and Technology, 82,Panapakkam, Tirupathi Road, Uthukottai Taluk, Thiruvallur District-601102.",Artificial Intelligence and Data Science,,,,,,,
1124,"SAMS College of Engineering and Technology, 82,Panapakkam, Tirupathi Road, Uthukottai Taluk, Thiruvallur District-601102.",AERONAUTICAL ENGINEERING,,,,,,,
1124,"SAMS College of Engineering and Technology, 82,Panapakkam, Tirupathi Road, Uthukottai Taluk, Thiruvallur District-601102.",COMPUTER SCIENCE AND ENGINEERING (AI AND MACHINE LEARNING),,,,,,,
1124,"SAMS College of Engineering and Technology, 82,Panapakkam, Tirupathi Road, Uthukottai Taluk, Thiruvallur District-601102.",COMPUTER AND COMMUNICATION ENGINEERING,,,,,,,
1124,"SAMS College of Engineering and Technology, 82,Panapakkam, Tirupathi Road, Uthukottai Taluk, Thiruvallur District-601102.",COMPUTER SCIENCE AND ENGINEERING,,,,,,,
1124,"SAMS College of Engineering and Technology, 82,Panapakkam, Tirupathi Road, Uthukottai Taluk, Thiruvallur District-601102.",MECHANICAL ENGINEERING,,,,,,,
1124,"SAMS College of Engineering and Technology, 82,Panapakkam, Tirupathi Road, Uthukottai Taluk, Thiruvallur District-601102.",MARINE ENGINEERING,,,,,,,
1124,"SAMS College of Engineering and Technology, 82,Panapakkam, Tirupathi Road, Uthukottai Taluk, Thiruvallur District-601102.",Computer Science and Engineering (Cyber Security),,,,,,,
1126,"JNN Institute of Engineering (Autonomous), Ushaa Garden, 90, Kannigaipair Village, Uthukottai Taluk, Thiruvallur-601102.",Artificial Intelligence and Data Science,162.0,146.5,151.0,137.5,,,
1126,"JNN Institute of Engineering (Autonomous), Ushaa Garden, 90, Kannigaipair Village, Uthukottai Taluk, Thiruvallur-601102.",BIO MEDICAL ENGINEERING,146.5,110.0,,132.5,,,
1126,"JNN Institute of Engineering (Autonomous), Ushaa Garden, 90, Kannigaipair Village, Uthukottai Taluk, Thiruvallur-601102.",COMPUTER SCIENCE AND ENGINEERING,167.5,155.0,156.0,149.5,117.5,,
1126,"JNN Institute of Engineering (Autonomous), Ushaa Garden, 90, Kannigaipair Village, Uthukottai Taluk, Thiruvallur-601102.",ELECTRONICS AND COMMUNICATION ENGINEERING,168.0,154.5,157.5,147.0,115.0,,
1126,"JNN Institute of Engineering (Autonomous), Ushaa Garden, 90, Kannigaipair Village, Uthukottai Taluk, Thiruvallur-601102.",Electronics Engineering (VLSI Design and Technology),152.5,142.5,149.5,131.0,91.5,,
1126,"JNN Institute of Engineering (Autonomous), Ushaa Garden, 90, Kannigaipair Village, Uthukottai Taluk, Thiruvallur-601102.",ROBOTICS AND AUTOMATION,149.5,137.5,114.5,127.5,,,
1126,"JNN Institute of Engineering (Autonomous), Ushaa Garden, 90, Kannigaipair Village, Uthukottai Taluk, Thiruvallur-601102.",Computer Science and Engineering (Cyber Security),164.5,149.0,145.0,145.5,105.0,,
1127,"St. Peter's College of Engineering and Technology(Autonomous), College Road, Avadi Taluk, Thiruvallur District, Chennai-600054.",Artificial Intelligence and Data Science,138.5,111.0,118.0,87.5,106.5,,
1127,"St. Peter's College of Engineering and Technology(Autonomous), College Road, Avadi Taluk, Thiruvallur District, Chennai-600054.",BIO TECHNOLOGY,115.0,,,,,,
1127,"St. Peter's College of Engineering and Technology(Autonomous), College Road, Avadi Taluk, Thiruvallur District, Chennai-600054.",COMPUTER SCIENCE AND BUSSINESS SYSTEM,125.0,,,,,,
1127,"St. Peter's College of Engineering and Technology(Autonomous), College Road, Avadi Taluk, Thiruvallur District, Chennai-600054.",CHEMICAL ENGINEERING,144.5,,,,96.5,128.0,
1127,"St. Peter's College of Engineering and Technology(Autonomous), College Road, Avadi Taluk, Thiruvallur District, Chennai-600054.",COMPUTER SCIENCE AND ENGINEERING,144.0,108.5,122.5,108.0,112.5,,
1127,"St. Peter's College of Engineering and Technology(Autonomous), College Road, Avadi Taluk, Thiruvallur District, Chennai-600054.",ELECTRONICS AND COMMUNICATION ENGINEERING,134.5,,,,111.0,,
1127,"St. Peter's College of Engineering and Technology(Autonomous), College Road, Avadi Taluk, Thiruvallur District, Chennai-600054.",ELECTRICAL AND ELECTRONICS ENGINEERING,125.5,,117.0,,,,
1127,"St. Peter's College of Engineering and Technology(Autonomous), College Road, Avadi Taluk, Thiruvallur District, Chennai-600054.",INFORMATION TECHNOLOGY,134.5,,98.5,103.5,95.5,,
1127,"St. Peter's College of Engineering and Technology(Autonomous), College Road, Avadi Taluk, Thiruvallur District, Chennai-600054.",MECHANICAL ENGINEERING,124.0,,,,86.0,,
1128,"R.M.K. College of Engineering and Technology (Autonomous), R.S.M. Nagar, Puduvoyal, Gummidipoondi Taluk, Thiruvallur District-601206.",Artificial Intelligence and Data Science,177.0,173.5,172.0,170.5,148.0,,131.0
1128,"R.M.K. College of Engineering and Technology (Autonomous), R.S.M. Nagar, Puduvoyal, Gummidipoondi Taluk, Thiruvallur District-601206.",COMPUTER SCIENCE AND ENGINEERING,178.5,174.5,169.5,171.5,146.0,,132.0
1128,"R.M.K. College of Engineering and Technology (Autonomous), R.S.M. Nagar, Puduvoyal, Gummidipoondi Taluk, Thiruvallur District-601206.",ELECTRONICS AND COMMUNICATION ENGINEERING,176.5,173.5,168.5,169.5,144.0,,116.0
1128,"R.M.K. College of Engineering and Technology (Autonomous), R.S.M. Nagar, Puduvoyal, Gummidipoondi Taluk, Thiruvallur District-601206.",Electronics Engineering (VLSI Design and Technology),174.0,171.5,165.5,166.5,136.5,,
1128,"R.M.K. College of Engineering and Technology (Autonomous), R.S.M. Nagar, Puduvoyal, Gummidipoondi Taluk, Thiruvallur District-601206.",Computer Science and Engineering (Cyber Security),177.0,173.5,176.5,169.0,153.0,,
1133,"Annai Veilankannis College of Engineering, 33 Gandhi Road, Nedungundram, Chennai-600048.",Artificial Intelligence and Data Science,129.5,,,,,,
1133,"Annai Veilankannis College of Engineering, 33 Gandhi Road, Nedungundram, Chennai-600048.",CIVIL ENGINEERING,,,,,,,
1133,"Annai Veilankannis College of Engineering, 33 Gandhi Road, Nedungundram, Chennai-600048.",COMPUTER SCIENCE AND ENGINEERING,129.0,,,,,,
1133,"Annai Veilankannis College of Engineering, 33 Gandhi Road, Nedungundram, Chennai-600048.",ELECTRONICS AND COMMUNICATION ENGINEERING,97.5,,,,,,
1133,"Annai Veilankannis College of Engineering, 33 Gandhi Road, Nedungundram, Chennai-600048.",MECHANICAL ENGINEERING,,,,,,,
1137,"Annai Mira College of Engineering and Technology, Arappakkam Village, Arcot Road, Walaja Taluk, Vellore District-632517.",Artificial Intelligence and Data Science,157.0,145.0,152.0,144.5,135.5,115.5,103.0
1137,"Annai Mira College of Engineering and Technology, Arappakkam Village, Arcot Road, Walaja Taluk, Vellore District-632517.",CIVIL ENGINEERING,126.0,,108.0,105.5,,,
1137,"Annai Mira College of Engineering and Technology, Arappakkam Village, Arcot Road, Walaja Taluk, Vellore District-632517.",COMPUTER SCIENCE AND ENGINEERING,164.5,144.0,143.5,146.5,114.5,123.0,
1137,"Annai Mira College of Engineering and Technology, Arappakkam Village, Arcot Road, Walaja Taluk, Vellore District-632517.",ELECTRONICS AND COMMUNICATION ENGINEERING,159.5,143.5,149.0,148.0,105.5,,
1137,"Annai Mira College of Engineering and Technology, Arappakkam Village, Arcot Road, Walaja Taluk, Vellore District-632517.",ELECTRICAL AND ELECTRONICS ENGINEERING,143.5,139.0,,140.5,,,
1137,"Annai Mira College of Engineering and Technology, Arappakkam Village, Arcot Road, Walaja Taluk, Vellore District-632517.",INFORMATION TECHNOLOGY,159.0,145.5,114.5,143.5,116.0,128.5,
1137,"Annai Mira College of Engineering and Technology, Arappakkam Village, Arcot Road, Walaja Taluk, Vellore District-632517.",MECHANICAL ENGINEERING,124.5,,109.5,,,85.5,
1140,"Jeppiaar Institute of Technology (Autonomous), Jeppiaar Nagar, Kunnam Village,Sriperumbudur Taluk, Kanchipuram-631604.",Artificial Intelligence and Data Science,174.0,163.0,159.0,157.0,137.5,,
1140,"Jeppiaar Institute of Technology (Autonomous), Jeppiaar Nagar, Kunnam Village,Sriperumbudur Taluk, Kanchipuram-631604.",COMPUTER SCIENCE AND BUSSINESS SYSTEM,167.0,160.0,160.0,157.0,139.0,,
1140,"Jeppiaar Institute of Technology (Autonomous), Jeppiaar Nagar, Kunnam Village,Sriperumbudur Taluk, Kanchipuram-631604.",COMPUTER SCIENCE AND ENGINEERING,172.5,164.5,160.0,158.0,131.5,,128.5
1140,"Jeppiaar Institute of Technology (Autonomous), Jeppiaar Nagar, Kunnam Village,Sriperumbudur Taluk, Kanchipuram-631604.",ELECTRONICS AND COMMUNICATION ENGINEERING,172.0,161.5,163.5,156.5,138.5,,
1140,"Jeppiaar Institute of Technology (Autonomous), Jeppiaar Nagar, Kunnam Village,Sriperumbudur Taluk, Kanchipuram-631604.",INFORMATION TECHNOLOGY,167.0,161.0,154.5,154.0,129.0,,108.0
1140,"Jeppiaar Institute of Technology (Autonomous), Jeppiaar Nagar, Kunnam Village,Sriperumbudur Taluk, Kanchipuram-631604.",MECHANICAL ENGINEERING,154.0,141.0,,136.0,112.0,,
1149,"St. Joseph's Institute of Technology (Autonomous), Jeppiaar Nagar, Old Mamallapuram Road, Kanchipuram, Chennai-600119.",Artificial Intelligence and Data Science,177.5,175.0,169.0,173.0,144.5,,115.0
1149,"St. Joseph's Institute of Technology (Autonomous), Jeppiaar Nagar, Old Mamallapuram Road, Kanchipuram, Chennai-600119.",COMPUTER SCIENCE AND ENGINEERING (AI AND MACHINE LEARNING),179.0,174.5,176.0,172.0,143.5,,
1149,"St. Joseph's Institute of Technology (Autonomous), Jeppiaar Nagar, Old Mamallapuram Road, Kanchipuram, Chennai-600119.",COMPUTER SCIENCE AND ENGINEERING,180.0,175.5,178.0,173.5,149.5,,126.0
1149,"St. Joseph's Institute of Technology (Autonomous), Jeppiaar Nagar, Old Mamallapuram Road, Kanchipuram, Chennai-600119.",ELECTRONICS AND COMMUNICATION ENGINEERING,178.5,174.5,174.5,172.5,144.0,,
1149,"St. Joseph's Institute of Technology (Autonomous), Jeppiaar Nagar, Old Mamallapuram Road, Kanchipuram, Chennai-600119.",ELECTRICAL AND ELECTRONICS ENGINEERING,172.5,171.0,166.5,166.5,154.0,,
1149,"St. Joseph's Institute of Technology (Autonomous), Jeppiaar Nagar, Old Mamallapuram Road, Kanchipuram, Chennai-600119.",INFORMATION TECHNOLOGY,176.5,174.0,172.0,172.0,145.0,,
1149,"St. Joseph's Institute of Technology (Autonomous), Jeppiaar Nagar, Old Mamallapuram Road, Kanchipuram, Chennai-600119.",MECHANICAL ENGINEERING,170.0,163.5,157.5,161.0,135.0,,
1149,"St. Joseph's Institute of Technology (Autonomous), Jeppiaar Nagar, Old Mamallapuram Road, Kanchipuram, Chennai-600119.",Computer Science and Engineering (Cyber Security),177.5,173.5,174.5,173.0,143.0,,
1150,"Sri Jayaram Institute of Engineering and Technology, 51 N,Elavur, 58 N Natham Village,Gumudipoondi Taluk, Thiruvallur District-601201.",Artificial Intelligence and Data Science,,,,,,,
1150,"Sri Jayaram Institute of Engineering and Technology, 51 N,Elavur, 58 N Natham Village,Gumudipoondi Taluk, Thiruvallur District-601201.",AGRICULTURAL ENGINEERING,,,,,,,
1150,"Sri Jayaram Institute of Engineering and Technology, 51 N,Elavur, 58 N Natham Village,Gumudipoondi Taluk, Thiruvallur District-601201.",BIO MEDICAL ENGINEERING,,,,,,,
1150,"Sri Jayaram Institute of Engineering and Technology, 51 N,Elavur, 58 N Natham Village,Gumudipoondi Taluk, Thiruvallur District-601201.",COMPUTER SCIENCE AND ENGINEERING,,,,,,,
1150,"Sri Jayaram Institute of Engineering and Technology, 51 N,Elavur, 58 N Natham Village,Gumudipoondi Taluk, Thiruvallur District-601201.",MECHANICAL ENGINEERING,,,,,,,
1202,"DMI College of Engineering (Autonomous), St.Joseph's Town,Mevalurkuppam B Village, Nazarethpet Post, Palanchur, Kanchipuram, Chennai-600123.",Artificial Intelligence and Data Science,144.5,123.0,112.0,127.5,109.5,,
1202,"DMI College of Engineering (Autonomous), St.Joseph's Town,Mevalurkuppam B Village, Nazarethpet Post, Palanchur, Kanchipuram, Chennai-600123.",COMPUTER SCIENCE AND ENGINEERING (AI AND MACHINE LEARNING),139.0,120.0,,114.5,115.5,,
1202,"DMI College of Engineering (Autonomous), St.Joseph's Town,Mevalurkuppam B Village, Nazarethpet Post, Palanchur, Kanchipuram, Chennai-600123.",CIVIL ENGINEERING,114.0,109.0,,88.5,102.5,,
1202,"DMI College of Engineering (Autonomous), St.Joseph's Town,Mevalurkuppam B Village, Nazarethpet Post, Palanchur, Kanchipuram, Chennai-600123.",COMPUTER SCIENCE AND ENGINEERING,148.0,132.5,124.0,118.0,126.5,,
1202,"DMI College of Engineering (Autonomous), St.Joseph's Town,Mevalurkuppam B Village, Nazarethpet Post, Palanchur, Kanchipuram, Chennai-600123.",ELECTRONICS AND COMMUNICATION ENGINEERING,148.5,120.5,125.0,108.5,118.5,144.0,
1202,"DMI College of Engineering (Autonomous), St.Joseph's Town,Mevalurkuppam B Village, Nazarethpet Post, Palanchur, Kanchipuram, Chennai-600123.",ELECTRICAL AND ELECTRONICS ENGINEERING,119.0,116.0,,99.0,103.5,,
1202,"DMI College of Engineering (Autonomous), St.Joseph's Town,Mevalurkuppam B Village, Nazarethpet Post, Palanchur, Kanchipuram, Chennai-600123.",INFORMATION TECHNOLOGY,141.5,120.0,,109.5,110.5,,
1202,"DMI College of Engineering (Autonomous), St.Joseph's Town,Mevalurkuppam B Village, Nazarethpet Post, Palanchur, Kanchipuram, Chennai-600123.",MECHANICAL ENGINEERING,126.0,119.5,,98.0,103.5,,
1203,"MADRAS ENGINEERING COLLEGE, TAMBARAM ROAD, VELLARAI (CHENNAI METROPOLITAN AREA), SRIPERUMBUDUR TALUK, CHENNAI, KANCHIPURAM - 602105.",Artificial Intelligence and Data Science,145.0,,117.5,,,,
1203,"MADRAS ENGINEERING COLLEGE, TAMBARAM ROAD, VELLARAI (CHENNAI METROPOLITAN AREA), SRIPERUMBUDUR TALUK, CHENNAI, KANCHIPURAM - 602105.",COMPUTER SCIENCE AND ENGINEERING (AI AND MACHINE LEARNING),125.0,,,,,,
1203,"MADRAS ENGINEERING COLLEGE, TAMBARAM ROAD, VELLARAI (CHENNAI METROPOLITAN AREA), SRIPERUMBUDUR TALUK, CHENNAI, KANCHIPURAM - 602105.",COMPUTER SCIENCE AND BUSSINESS SYSTEM,,,,,,,
1203,"MADRAS ENGINEERING COLLEGE, TAMBARAM ROAD, VELLARAI (CHENNAI METROPOLITAN AREA), SRIPERUMBUDUR TALUK, CHENNAI, KANCHIPURAM - 602105.",COMPUTER SCIENCE AND ENGINEERING,156.0,119.5,106.0,,,,
1203,"MADRAS ENGINEERING COLLEGE, TAMBARAM ROAD, VELLARAI (CHENNAI METROPOLITAN AREA), SRIPERUMBUDUR TALUK, CHENNAI, KANCHIPURAM - 602105.",INFORMATION TECHNOLOGY,127.0,,,,,126.5,
1203,"MADRAS ENGINEERING COLLEGE, TAMBARAM ROAD, VELLARAI (CHENNAI METROPOLITAN AREA), SRIPERUMBUDUR TALUK, CHENNAI, KANCHIPURAM - 602105.",Computer Science and Engineering (Cyber Security),119.0,,,,,,
1207,"Kings Engineering College (Autonomous), Irungattukottai, Opp. Hyundai Car Company, Sriperumbudur, Kanchipuram-602117.",Artificial Intelligence and Data Science,143.5,124.5,136.0,128.0,113.5,,
1207,"Kings Engineering College (Autonomous), Irungattukottai, Opp. Hyundai Car Company, Sriperumbudur, Kanchipuram-602117.",COMPUTER SCIENCE AND ENGINEERING (AI AND MACHINE LEARNING),150.0,128.0,136.5,143.0,105.0,,
1207,"Kings Engineering College (Autonomous), Irungattukottai, Opp. Hyundai Car Company, Sriperumbudur, Kanchipuram-602117.",BIO MEDICAL ENGINEERING,135.5,106.5,111.5,106.0,,,
1207,"Kings Engineering College (Autonomous), Irungattukottai, Opp. Hyundai Car Company, Sriperumbudur, Kanchipuram-602117.",COMPUTER SCIENCE AND ENGINEERING,148.0,137.0,104.0,130.0,105.0,,
1207,"Kings Engineering College (Autonomous), Irungattukottai, Opp. Hyundai Car Company, Sriperumbudur, Kanchipuram-602117.",ELECTRONICS AND COMMUNICATION ENGINEERING,142.5,123.0,127.5,113.0,116.5,,
1207,"Kings Engineering College (Autonomous), Irungattukottai, Opp. Hyundai Car Company, Sriperumbudur, Kanchipuram-602117.",INFORMATION TECHNOLOGY,132.5,118.5,112.5,121.5,93.0,,
1207,"Kings Engineering College (Autonomous), Irungattukottai, Opp. Hyundai Car Company, Sriperumbudur, Kanchipuram-602117.",MECHANICAL ENGINEERING,115.0,95.0,110.5,,,,
1207,"Kings Engineering College (Autonomous), Irungattukottai, Opp. Hyundai Car Company, Sriperumbudur, Kanchipuram-602117.",ROBOTICS AND AUTOMATION,128.0,120.0,,97.0,,,
1209,"Pallavan College of Engineering, Thimmasamudram, Kanchipuram -631502.",CIVIL ENGINEERING,,,,,,,
1209,"Pallavan College of Engineering, Thimmasamudram, Kanchipuram -631502.",COMPUTER SCIENCE AND ENGINEERING,,,,,,,
1209,"Pallavan College of Engineering, Thimmasamudram, Kanchipuram -631502.",ELECTRONICS AND COMMUNICATION ENGINEERING,,,,,,,
1209,"Pallavan College of Engineering, Thimmasamudram, Kanchipuram -631502.",ELECTRICAL AND ELECTRONICS ENGINEERING,,,,,,,
1209,"Pallavan College of Engineering, Thimmasamudram, Kanchipuram -631502.",INFORMATION TECHNOLOGY,124.5,,,,,,
1209,"Pallavan College of Engineering, Thimmasamudram, Kanchipuram -631502.",MECHANICAL ENGINEERING,,,,,,,
1210,"Panimalar Engineering College (Autonomous), Bangalore Trunk Road, NazarathPet, Varadharajapuram, Poonamallee, Thiruvallur (DT), Chennai-600123.",Artificial Intelligence and Data Science,175.0,169.0,167.5,167.0,142.0,,131.5
1210,"Panimalar Engineering College (Autonomous), Bangalore Trunk Road, NazarathPet, Varadharajapuram, Poonamallee, Thiruvallur (DT), Chennai-600123.",Artificial Intelligence and Machine Learning,173.5,168.5,166.0,167.0,142.5,,
1210,"Panimalar Engineering College (Autonomous), Bangalore Trunk Road, NazarathPet, Varadharajapuram, Poonamallee, Thiruvallur (DT), Chennai-600123.",COMPUTER SCIENCE AND ENGINEERING,179.5,174.0,171.0,171.0,144.5,,108.5
1210,"Panimalar Engineering College (Autonomous), Bangalore Trunk Road, NazarathPet, Varadharajapuram, Poonamallee, Thiruvallur (DT), Chennai-600123.",ELECTRONICS AND COMMUNICATION ENGINEERING,176.0,172.5,167.0,168.5,140.5,,139.5
1210,"Panimalar Engineering College (Autonomous), Bangalore Trunk Road, NazarathPet, Varadharajapuram, Poonamallee, Thiruvallur (DT), Chennai-600123.",ELECTRICAL AND ELECTRONICS ENGINEERING,172.0,165.5,162.0,163.0,139.5,,135.5
1210,"Panimalar Engineering College (Autonomous), Bangalore Trunk Road, NazarathPet, Varadharajapuram, Poonamallee, Thiruvallur (DT), Chennai-600123.",INFORMATION TECHNOLOGY,173.5,170.0,167.0,167.0,142.5,,105.0
1210,"Panimalar Engineering College (Autonomous), Bangalore Trunk Road, NazarathPet, Varadharajapuram, Poonamallee, Thiruvallur (DT), Chennai-600123.",MECHANICAL ENGINEERING,168.0,161.0,158.0,157.5,138.0,,
1211,"Rajalakshmi Engineering College (Autonomous), Rajalakshmi Nagar, Thandalam, Kanchipuram, Chennai-602105.",Artificial Intelligence and Data Science,190.5,186.5,186.0,185.0,174.0,149.5,154.5
1211,"Rajalakshmi Engineering College (Autonomous), Rajalakshmi Nagar, Thandalam, Kanchipuram, Chennai-602105.",AERONAUTICAL ENGINEERING,184.5,180.5,180.5,174.5,170.5,,163.0
1211,"Rajalakshmi Engineering College (Autonomous), Rajalakshmi Nagar, Thandalam, Kanchipuram, Chennai-602105.",Artificial Intelligence and Machine Learning,189.0,185.0,184.5,184.0,170.0,137.5,155.5
1211,"Rajalakshmi Engineering College (Autonomous), Rajalakshmi Nagar, Thandalam, Kanchipuram, Chennai-602105.",AUTOMOBILE ENGINEERING,171.5,168.0,169.0,161.0,141.5,,
1211,"Rajalakshmi Engineering College (Autonomous), Rajalakshmi Nagar, Thandalam, Kanchipuram, Chennai-602105.",BIO MEDICAL ENGINEERING,179.8,170.0,175.5,166.5,147.0,126.5,
1211,"Rajalakshmi Engineering College (Autonomous), Rajalakshmi Nagar, Thandalam, Kanchipuram, Chennai-602105.",BIO TECHNOLOGY,179.0,173.5,170.0,167.5,153.0,134.0,148.0
1211,"Rajalakshmi Engineering College (Autonomous), Rajalakshmi Nagar, Thandalam, Kanchipuram, Chennai-602105.",COMPUTER SCIENCE AND BUSSINESS SYSTEM,188.0,184.5,184.0,181.5,164.5,135.5,134.5
1211,"Rajalakshmi Engineering College (Autonomous), Rajalakshmi Nagar, Thandalam, Kanchipuram, Chennai-602105.",COMPUTER SCIENCE AND DESIGN,187.0,184.0,,181.0,169.0,135.5,
1211,"Rajalakshmi Engineering College (Autonomous), Rajalakshmi Nagar, Thandalam, Kanchipuram, Chennai-602105.",CIVIL ENGINEERING,176.5,170.5,164.0,172.0,154.5,126.5,
1211,"Rajalakshmi Engineering College (Autonomous), Rajalakshmi Nagar, Thandalam, Kanchipuram, Chennai-602105.",CHEMICAL ENGINEERING,183.5,175.0,182.0,175.5,167.0,136.5,
1211,"Rajalakshmi Engineering College (Autonomous), Rajalakshmi Nagar, Thandalam, Kanchipuram, Chennai-602105.",COMPUTER SCIENCE AND ENGINEERING,193.5,191.0,190.5,189.0,177.0,141.5,166.5
1211,"Rajalakshmi Engineering College (Autonomous), Rajalakshmi Nagar, Thandalam, Kanchipuram, Chennai-602105.",ELECTRONICS AND COMMUNICATION ENGINEERING,191.0,187.5,187.0,185.0,175.0,146.0,149.0
1211,"Rajalakshmi Engineering College (Autonomous), Rajalakshmi Nagar, Thandalam, Kanchipuram, Chennai-602105.",ELECTRICAL AND ELECTRONICS ENGINEERING,187.0,183.0,183.0,181.0,164.0,133.5,157.5
1211,"Rajalakshmi Engineering College (Autonomous), Rajalakshmi Nagar, Thandalam, Kanchipuram, Chennai-602105.",FOOD TECHNOLOGY,177.5,171.5,175.5,162.0,150.5,,
1211,"Rajalakshmi Engineering College (Autonomous), Rajalakshmi Nagar, Thandalam, Kanchipuram, Chennai-602105.",INFORMATION TECHNOLOGY,191.0,188.5,187.0,186.5,172.0,115.0,158.0
1211,"Rajalakshmi Engineering College (Autonomous), Rajalakshmi Nagar, Thandalam, Kanchipuram, Chennai-602105.",MECHANICAL ENGINEERING,183.0,177.5,169.0,174.5,150.0,129.5,
1211,"Rajalakshmi Engineering College (Autonomous), Rajalakshmi Nagar, Thandalam, Kanchipuram, Chennai-602105.",Mechatronics Engineering,182.5,177.5,166.5,175.5,152.0,120.0,
1211,"Rajalakshmi Engineering College (Autonomous), Rajalakshmi Nagar, Thandalam, Kanchipuram, Chennai-602105.",ROBOTICS AND AUTOMATION,183.0,182.0,180.0,179.5,162.0,,
1211,"Rajalakshmi Engineering College (Autonomous), Rajalakshmi Nagar, Thandalam, Kanchipuram, Chennai-602105.",Computer Science and Engineering (Cyber Security),190.5,185.5,186.0,185.5,174.0,148.5,189.5
1212,"Rajiv Gandhi College of Engineering, Nemili Village, Sriperumbudur, Kanchipuram-602105.",Artificial Intelligence and Data Science,140.5,,133.5,,,,
1212,"Rajiv Gandhi College of Engineering, Nemili Village, Sriperumbudur, Kanchipuram-602105.",BIO MEDICAL ENGINEERING,,,,,,,
1212,"Rajiv Gandhi College of Engineering, Nemili Village, Sriperumbudur, Kanchipuram-602105.",COMPUTER SCIENCE AND ENGINEERING,143.5,,,,,,
1212,"Rajiv Gandhi College of Engineering, Nemili Village, Sriperumbudur, Kanchipuram-602105.",ELECTRONICS AND COMMUNICATION ENGINEERING,125.0,,,,,,
1212,"Rajiv Gandhi College of Engineering, Nemili Village, Sriperumbudur, Kanchipuram-602105.",ELECTRICAL AND ELECTRONICS ENGINEERING,,,,,,,
1212,"Rajiv Gandhi College of Engineering, Nemili Village, Sriperumbudur, Kanchipuram-602105.",MECHANICAL ENGINEERING,,,,,,,
1212,"Rajiv Gandhi College of Engineering, Nemili Village, Sriperumbudur, Kanchipuram-602105.",PETROLEUM ENGINEERING,111.0,,82.0,,,,
1216,"Saveetha Engineering College (Autonomous), Saveetha Nagar, Thandalam Post, Sriperumbudur Taluk, Kancheepuram District-602105.",Artificial Intelligence and Data Science,186.5,182.5,183.5,179.0,155.0,121.5,138.0
1216,"Saveetha Engineering College (Autonomous), Saveetha Nagar, Thandalam Post, Sriperumbudur Taluk, Kancheepuram District-602105.",Artificial Intelligence and Machine Learning,185.0,181.5,181.5,178.0,152.0,135.5,105.5
1216,"Saveetha Engineering College (Autonomous), Saveetha Nagar, Thandalam Post, Sriperumbudur Taluk, Kancheepuram District-602105.",BIO MEDICAL ENGINEERING,175.5,166.5,161.5,161.0,149.5,106.0,
1216,"Saveetha Engineering College (Autonomous), Saveetha Nagar, Thandalam Post, Sriperumbudur Taluk, Kancheepuram District-602105.",CIVIL ENGINEERING,168.0,165.0,153.0,162.0,144.0,106.5,
1216,"Saveetha Engineering College (Autonomous), Saveetha Nagar, Thandalam Post, Sriperumbudur Taluk, Kancheepuram District-602105.",COMPUTER SCIENCE AND ENGINEERING,189.0,184.5,185.5,180.5,157.0,127.5,141.0
1216,"Saveetha Engineering College (Autonomous), Saveetha Nagar, Thandalam Post, Sriperumbudur Taluk, Kancheepuram District-602105.",ELECTRONICS AND COMMUNICATION ENGINEERING,186.0,182.0,178.0,178.0,152.5,99.5,136.5
1216,"Saveetha Engineering College (Autonomous), Saveetha Nagar, Thandalam Post, Sriperumbudur Taluk, Kancheepuram District-602105.",ELECTRICAL AND ELECTRONICS ENGINEERING,181.0,177.0,178.5,174.0,141.5,114.5,
1216,"Saveetha Engineering College (Autonomous), Saveetha Nagar, Thandalam Post, Sriperumbudur Taluk, Kancheepuram District-602105.",INFORMATION TECHNOLOGY,186.5,183.0,186.0,179.0,153.0,130.0,135.5
1216,"Saveetha Engineering College (Autonomous), Saveetha Nagar, Thandalam Post, Sriperumbudur Taluk, Kancheepuram District-602105.",MECHANICAL ENGINEERING,176.0,170.5,173.0,165.0,142.5,114.0,
1216,"Saveetha Engineering College (Autonomous), Saveetha Nagar, Thandalam Post, Sriperumbudur Taluk, Kancheepuram District-602105.",Computer Science and Engineering (Cyber Security),190.0,183.5,183.5,183.5,165.0,111.0,
1217,"Sree Sastha Institute of Engineering and Technology, Chennai-Bangalore Highway, Chembarambakkam, Thiruvallur District, Chennai-600123.",Artificial Intelligence and Data Science,130.5,,,,,,
1217,"Sree Sastha Institute of Engineering and Technology, Chennai-Bangalore Highway, Chembarambakkam, Thiruvallur District, Chennai-600123.",Artificial Intelligence and Machine Learning,152.5,,,126.0,,,
1217,"Sree Sastha Institute of Engineering and Technology, Chennai-Bangalore Highway, Chembarambakkam, Thiruvallur District, Chennai-600123.",AUTOMOBILE ENGINEERING,,,,,,,
1217,"Sree Sastha Institute of Engineering and Technology, Chennai-Bangalore Highway, Chembarambakkam, Thiruvallur District, Chennai-600123.",BIO MEDICAL ENGINEERING,,,,,,,
1217,"Sree Sastha Institute of Engineering and Technology, Chennai-Bangalore Highway, Chembarambakkam, Thiruvallur District, Chennai-600123.",BIO TECHNOLOGY,,,,,,,
1217,"Sree Sastha Institute of Engineering and Technology, Chennai-Bangalore Highway, Chembarambakkam, Thiruvallur District, Chennai-600123.",COMPUTER SCIENCE AND BUSSINESS SYSTEM,114.5,,,,,,
1217,"Sree Sastha Institute of Engineering and Technology, Chennai-Bangalore Highway, Chembarambakkam, Thiruvallur District, Chennai-600123.",CIVIL ENGINEERING,,,,,,,
1217,"Sree Sastha Institute of Engineering and Technology, Chennai-Bangalore Highway, Chembarambakkam, Thiruvallur District, Chennai-600123.",COMPUTER SCIENCE AND ENGINEERING,144.5,,104.5,,108.0,,
1217,"Sree Sastha Institute of Engineering and Technology, Chennai-Bangalore Highway, Chembarambakkam, Thiruvallur District, Chennai-600123.",ELECTRONICS AND COMMUNICATION ENGINEERING,106.5,,,,,,
1217,"Sree Sastha Institute of Engineering and Technology, Chennai-Bangalore Highway, Chembarambakkam, Thiruvallur District, Chennai-600123.",ELECTRICAL AND ELECTRONICS ENGINEERING,,,,,,,
1217,"Sree Sastha Institute of Engineering and Technology, Chennai-Bangalore Highway, Chembarambakkam, Thiruvallur District, Chennai-600123.",FOOD TECHNOLOGY,102.0,,,,,,
1217,"Sree Sastha Institute of Engineering and Technology, Chennai-Bangalore Highway, Chembarambakkam, Thiruvallur District, Chennai-600123.",INFORMATION TECHNOLOGY,120.0,,,,,,
1217,"Sree Sastha Institute of Engineering and Technology, Chennai-Bangalore Highway, Chembarambakkam, Thiruvallur District, Chennai-600123.",MECHANICAL AND AUTOMATION ENGINEERING,,,,,,,
1217,"Sree Sastha Institute of Engineering and Technology, Chennai-Bangalore Highway, Chembarambakkam, Thiruvallur District, Chennai-600123.",Computer Science and Engineering (Cyber Security),135.5,,,,109.5,,
1218,"Sri Muthukumaran Institute of Technology, Chikkarayapuram Near Mangadu, Kanchipuram, Chennai-600069.",Artificial Intelligence and Data Science,157.5,141.0,150.5,108.5,127.0,135.5,
1218,"Sri Muthukumaran Institute of Technology, Chikkarayapuram Near Mangadu, Kanchipuram, Chennai-600069.",BIO MEDICAL ENGINEERING,130.0,,127.5,,,,
1218,"Sri Muthukumaran Institute of Technology, Chikkarayapuram Near Mangadu, Kanchipuram, Chennai-600069.",CIVIL ENGINEERING,102.5,,,,,,
1218,"Sri Muthukumaran Institute of Technology, Chikkarayapuram Near Mangadu, Kanchipuram, Chennai-600069.",COMPUTER SCIENCE AND ENGINEERING,158.0,134.5,153.5,132.0,130.5,,
1218,"Sri Muthukumaran Institute of Technology, Chikkarayapuram Near Mangadu, Kanchipuram, Chennai-600069.",ELECTRONICS AND COMMUNICATION ENGINEERING,155.5,142.5,140.0,113.5,126.5,,
1218,"Sri Muthukumaran Institute of Technology, Chikkarayapuram Near Mangadu, Kanchipuram, Chennai-600069.",ELECTRICAL AND ELECTRONICS ENGINEERING,124.5,,,,,,
1218,"Sri Muthukumaran Institute of Technology, Chikkarayapuram Near Mangadu, Kanchipuram, Chennai-600069.",INFORMATION TECHNOLOGY,143.0,134.5,141.5,119.0,122.5,,
1218,"Sri Muthukumaran Institute of Technology, Chikkarayapuram Near Mangadu, Kanchipuram, Chennai-600069.",MECHANICAL ENGINEERING,118.0,,,,,,
1218,"Sri Muthukumaran Institute of Technology, Chikkarayapuram Near Mangadu, Kanchipuram, Chennai-600069.",Mechatronics Engineering,129.5,,,,,,
1218,"Sri Muthukumaran Institute of Technology, Chikkarayapuram Near Mangadu, Kanchipuram, Chennai-600069.",PHARMACEUTICAL TECHNOLOGY,129.5,108.5,,103.0,,,
1218,"Sri Muthukumaran Institute of Technology, Chikkarayapuram Near Mangadu, Kanchipuram, Chennai-600069.",ROBOTICS AND AUTOMATION,133.0,,130.5,,,,
1219,"Sri Venkateswara College of Engineering (Autonomous), Post Bag No.3, Pennalur, Sriperumbudur, Kanchipuram-602105.",Artificial Intelligence and Data Science,188.5,185.0,182.0,182.5,170.0,179.0,156.0
1219,"Sri Venkateswara College of Engineering (Autonomous), Post Bag No.3, Pennalur, Sriperumbudur, Kanchipuram-602105.",BIO TECHNOLOGY,180.5,172.0,165.0,170.5,146.0,,154.5
1219,"Sri Venkateswara College of Engineering (Autonomous), Post Bag No.3, Pennalur, Sriperumbudur, Kanchipuram-602105.",CIVIL ENGINEERING,168.0,163.0,155.0,156.5,139.0,,139.0
1219,"Sri Venkateswara College of Engineering (Autonomous), Post Bag No.3, Pennalur, Sriperumbudur, Kanchipuram-602105.",CHEMICAL ENGINEERING,180.0,172.0,170.0,167.0,150.0,,
1219,"Sri Venkateswara College of Engineering (Autonomous), Post Bag No.3, Pennalur, Sriperumbudur, Kanchipuram-602105.",COMPUTER SCIENCE AND ENGINEERING,192.0,189.0,183.5,186.0,173.0,154.5,172.5
1219,"Sri Venkateswara College of Engineering (Autonomous), Post Bag No.3, Pennalur, Sriperumbudur, Kanchipuram-602105.",ELECTRONICS AND COMMUNICATION ENGINEERING,189.0,184.5,180.5,182.5,166.0,124.0,
1219,"Sri Venkateswara College of Engineering (Autonomous), Post Bag No.3, Pennalur, Sriperumbudur, Kanchipuram-602105.",ELECTRICAL AND ELECTRONICS ENGINEERING,183.0,181.5,175.0,176.5,155.0,133.0,153.0
1219,"Sri Venkateswara College of Engineering (Autonomous), Post Bag No.3, Pennalur, Sriperumbudur, Kanchipuram-602105.",INFORMATION TECHNOLOGY,188.5,186.0,181.5,183.0,166.0,148.5,143.0
1219,"Sri Venkateswara College of Engineering (Autonomous), Post Bag No.3, Pennalur, Sriperumbudur, Kanchipuram-602105.",Mechanical Engineering (Automobile),170.5,163.0,,160.5,142.5,,
1219,"Sri Venkateswara College of Engineering (Autonomous), Post Bag No.3, Pennalur, Sriperumbudur, Kanchipuram-602105.",MECHANICAL ENGINEERING,179.0,175.0,174.0,170.0,155.5,109.0,
1219,"Sri Venkateswara College of Engineering (Autonomous), Post Bag No.3, Pennalur, Sriperumbudur, Kanchipuram-602105.",MARINE ENGINEERING,,,,,,,
1219,"Sri Venkateswara College of Engineering (Autonomous), Post Bag No.3, Pennalur, Sriperumbudur, Kanchipuram-602105.",MECHANICAL AND AUTOMATION ENGINEERING,173.5,166.0,163.0,163.5,132.5,102.5,
1221,"Jaya College of Engineering and Technology, Poonamallee By Pass Road, Parivakkam, Chennai, Thiruvallur-600056.",COMPUTER SCIENCE AND ENGINEERING,120.0,,,,,,
1221,"Jaya College of Engineering and Technology, Poonamallee By Pass Road, Parivakkam, Chennai, Thiruvallur-600056.",ELECTRONICS AND COMMUNICATION ENGINEERING,,,,,,,
1221,"Jaya College of Engineering and Technology, Poonamallee By Pass Road, Parivakkam, Chennai, Thiruvallur-600056.",MEDICAL ELECTRONICS ENGINEERING,,,,,,,
1221,"Jaya College of Engineering and Technology, Poonamallee By Pass Road, Parivakkam, Chennai, Thiruvallur-600056.",MECHANICAL ENGINEERING,,,,,,,
1222,"P.B. College of Engineering, Chennai-Bangalore High Way, Irungkattukottai, Sriperumbudur Taluk, Kancheepuram District, Chennai -602117.",Artificial Intelligence and Data Science,140.0,,,,,,
1222,"P.B. College of Engineering, Chennai-Bangalore High Way, Irungkattukottai, Sriperumbudur Taluk, Kancheepuram District, Chennai -602117.",AERONAUTICAL ENGINEERING,,,,,,,
1222,"P.B. College of Engineering, Chennai-Bangalore High Way, Irungkattukottai, Sriperumbudur Taluk, Kancheepuram District, Chennai -602117.",CIVIL ENGINEERING,,,,,,,
1222,"P.B. College of Engineering, Chennai-Bangalore High Way, Irungkattukottai, Sriperumbudur Taluk, Kancheepuram District, Chennai -602117.",COMPUTER SCIENCE AND ENGINEERING,89.0,,,,,,
1222,"P.B. College of Engineering, Chennai-Bangalore High Way, Irungkattukottai, Sriperumbudur Taluk, Kancheepuram District, Chennai -602117.",ELECTRONICS AND COMMUNICATION ENGINEERING,98.0,,,,,,
1222,"P.B. College of Engineering, Chennai-Bangalore High Way, Irungkattukottai, Sriperumbudur Taluk, Kancheepuram District, Chennai -602117.",ELECTRICAL AND ELECTRONICS ENGINEERING,,,,,,,
1222,"P.B. College of Engineering, Chennai-Bangalore High Way, Irungkattukottai, Sriperumbudur Taluk, Kancheepuram District, Chennai -602117.",INFORMATION TECHNOLOGY,,,,,,,
1222,"P.B. College of Engineering, Chennai-Bangalore High Way, Irungkattukottai, Sriperumbudur Taluk, Kancheepuram District, Chennai -602117.",MECHANICAL ENGINEERING,,,,,,,
1222,"P.B. College of Engineering, Chennai-Bangalore High Way, Irungkattukottai, Sriperumbudur Taluk, Kancheepuram District, Chennai -602117.",Computer Science and Engineering (Cyber Security),,,,,,,
1225,"Loyola Institute of Technology, Palanchur, Mevalurkuppam, B village, Nazarathpet Post, Sriperumpudur Taluk, Kanchipuram District, Chennai-600123.",Artificial Intelligence and Data Science,165.0,150.0,148.5,150.5,143.0,,162.5
1225,"Loyola Institute of Technology, Palanchur, Mevalurkuppam, B village, Nazarathpet Post, Sriperumpudur Taluk, Kanchipuram District, Chennai-600123.",COMPUTER SCIENCE AND ENGINEERING,166.5,156.0,163.5,152.0,134.5,,
1225,"Loyola Institute of Technology, Palanchur, Mevalurkuppam, B village, Nazarathpet Post, Sriperumpudur Taluk, Kanchipuram District, Chennai-600123.",ELECTRONICS AND COMMUNICATION ENGINEERING,161.5,153.5,145.0,148.0,131.0,128.5,
1225,"Loyola Institute of Technology, Palanchur, Mevalurkuppam, B village, Nazarathpet Post, Sriperumpudur Taluk, Kanchipuram District, Chennai-600123.",ELECTRICAL AND ELECTRONICS ENGINEERING,146.5,137.5,140.0,124.5,126.0,103.5,
1225,"Loyola Institute of Technology, Palanchur, Mevalurkuppam, B village, Nazarathpet Post, Sriperumpudur Taluk, Kanchipuram District, Chennai-600123.",INFORMATION TECHNOLOGY,156.0,148.0,145.0,146.0,133.0,,
1225,"Loyola Institute of Technology, Palanchur, Mevalurkuppam, B village, Nazarathpet Post, Sriperumpudur Taluk, Kanchipuram District, Chennai-600123.",MECHANICAL ENGINEERING,144.0,125.5,121.0,116.0,99.0,,
1225,"Loyola Institute of Technology, Palanchur, Mevalurkuppam, B village, Nazarathpet Post, Sriperumpudur Taluk, Kanchipuram District, Chennai-600123.",Computer Science and Engineering (Cyber Security),163.5,151.5,154.5,147.0,139.5,,
1226,"P.T.Lee Chengalvaraya Naicker College of Engineering and Technology, Oovery, Veliyur Post, Kanchipuram District-631502.",Artificial Intelligence and Data Science,153.5,100.0,137.5,143.5,115.5,,
1226,"P.T.Lee Chengalvaraya Naicker College of Engineering and Technology, Oovery, Veliyur Post, Kanchipuram District-631502.",COMPUTER SCIENCE AND ENGINEERING,160.0,,,152.0,,,
1226,"P.T.Lee Chengalvaraya Naicker College of Engineering and Technology, Oovery, Veliyur Post, Kanchipuram District-631502.",ELECTRONICS AND COMMUNICATION ENGINEERING,153.0,,,146.0,,,
1226,"P.T.Lee Chengalvaraya Naicker College of Engineering and Technology, Oovery, Veliyur Post, Kanchipuram District-631502.",ELECTRICAL AND ELECTRONICS ENGINEERING,144.0,,,135.0,,,
1226,"P.T.Lee Chengalvaraya Naicker College of Engineering and Technology, Oovery, Veliyur Post, Kanchipuram District-631502.",INFORMATION TECHNOLOGY,162.0,94.0,139.0,154.5,,,
1226,"P.T.Lee Chengalvaraya Naicker College of Engineering and Technology, Oovery, Veliyur Post, Kanchipuram District-631502.",MECHANICAL ENGINEERING,137.0,,,126.0,,,
1228,"Alpha College of Engineering, No.34, Udayavar Kovil Street, Thirumazhisai, Chennai-600124.",Artificial Intelligence and Data Science,141.5,109.0,108.0,106.5,,,
1228,"Alpha College of Engineering, No.34, Udayavar Kovil Street, Thirumazhisai, Chennai-600124.",BIO MEDICAL ENGINEERING,121.5,,,,,,
1228,"Alpha College of Engineering, No.34, Udayavar Kovil Street, Thirumazhisai, Chennai-600124.",COMPUTER SCIENCE AND ENGINEERING,147.0,105.0,102.0,112.5,,,
1228,"Alpha College of Engineering, No.34, Udayavar Kovil Street, Thirumazhisai, Chennai-600124.",ELECTRONICS AND COMMUNICATION ENGINEERING,120.0,,103.0,,,,
1228,"Alpha College of Engineering, No.34, Udayavar Kovil Street, Thirumazhisai, Chennai-600124.",INFORMATION TECHNOLOGY,94.5,,,,,,
1228,"Alpha College of Engineering, No.34, Udayavar Kovil Street, Thirumazhisai, Chennai-600124.",ROBOTICS AND AUTOMATION,118.0,,,,107.0,,
1228,"Alpha College of Engineering, No.34, Udayavar Kovil Street, Thirumazhisai, Chennai-600124.",Computer Science and Engineering (Cyber Security),131.0,,,,,,
1229,"Indira Institute of Engineering and Technology, No.1, V.G.R Nagar, V.G.R Gardens, Pandur, Thiruvallur -631203.",Artificial Intelligence and Data Science,108.5,,,,,,
1229,"Indira Institute of Engineering and Technology, No.1, V.G.R Nagar, V.G.R Gardens, Pandur, Thiruvallur -631203.",CIVIL ENGINEERING,,,,,,,
1229,"Indira Institute of Engineering and Technology, No.1, V.G.R Nagar, V.G.R Gardens, Pandur, Thiruvallur -631203.",COMPUTER SCIENCE AND ENGINEERING,112.0,,,,,,
1229,"Indira Institute of Engineering and Technology, No.1, V.G.R Nagar, V.G.R Gardens, Pandur, Thiruvallur -631203.",ELECTRONICS AND COMMUNICATION ENGINEERING,,,,,,,
1229,"Indira Institute of Engineering and Technology, No.1, V.G.R Nagar, V.G.R Gardens, Pandur, Thiruvallur -631203.",ELECTRICAL AND ELECTRONICS ENGINEERING,,,,,,,
1229,"Indira Institute of Engineering and Technology, No.1, V.G.R Nagar, V.G.R Gardens, Pandur, Thiruvallur -631203.",MECHANICAL ENGINEERING,,,,,,,
1230,"Apollo Engineering College, Mevaloorkuppam Valarpuram Post, Sriperumbudur Taluk, Kanchipuram District-602105.",Artificial Intelligence and Data Science,129.5,,99.0,,,,
1230,"Apollo Engineering College, Mevaloorkuppam Valarpuram Post, Sriperumbudur Taluk, Kanchipuram District-602105.",AERONAUTICAL ENGINEERING,,,,,,,
1230,"Apollo Engineering College, Mevaloorkuppam Valarpuram Post, Sriperumbudur Taluk, Kanchipuram District-602105.",COMPUTER SCIENCE AND BUSSINESS SYSTEM,109.0,,,,,,
1230,"Apollo Engineering College, Mevaloorkuppam Valarpuram Post, Sriperumbudur Taluk, Kanchipuram District-602105.",COMPUTER SCIENCE AND ENGINEERING,141.0,,,,,,
1230,"Apollo Engineering College, Mevaloorkuppam Valarpuram Post, Sriperumbudur Taluk, Kanchipuram District-602105.",ELECTRONICS AND COMMUNICATION ENGINEERING,132.5,,,,,,
1230,"Apollo Engineering College, Mevaloorkuppam Valarpuram Post, Sriperumbudur Taluk, Kanchipuram District-602105.",ELECTRICAL AND ELECTRONICS ENGINEERING,104.0,,,,,,
1230,"Apollo Engineering College, Mevaloorkuppam Valarpuram Post, Sriperumbudur Taluk, Kanchipuram District-602105.",Computer Science and Engineering (Cyber Security),123.5,,,,99.5,,
1232,"ARM College of Engineering and Technology, Sattamangalam,Maraimalainagar Post, Chengalpattu Taluk, Kanchipuram Dist-603209.",Artificial Intelligence and Data Science,,,,,,,
1232,"ARM College of Engineering and Technology, Sattamangalam,Maraimalainagar Post, Chengalpattu Taluk, Kanchipuram Dist-603209.",CIVIL ENGINEERING,,,,,,,
1232,"ARM College of Engineering and Technology, Sattamangalam,Maraimalainagar Post, Chengalpattu Taluk, Kanchipuram Dist-603209.",COMPUTER SCIENCE AND ENGINEERING,,,,,,,
1232,"ARM College of Engineering and Technology, Sattamangalam,Maraimalainagar Post, Chengalpattu Taluk, Kanchipuram Dist-603209.",ELECTRONICS AND COMMUNICATION ENGINEERING,,,,,,,
1232,"ARM College of Engineering and Technology, Sattamangalam,Maraimalainagar Post, Chengalpattu Taluk, Kanchipuram Dist-603209.",ELECTRICAL AND ELECTRONICS ENGINEERING,,,,,,,
1232,"ARM College of Engineering and Technology, Sattamangalam,Maraimalainagar Post, Chengalpattu Taluk, Kanchipuram Dist-603209.",INFORMATION TECHNOLOGY,,,,,,,
1232,"ARM College of Engineering and Technology, Sattamangalam,Maraimalainagar Post, Chengalpattu Taluk, Kanchipuram Dist-603209.",MECHANICAL ENGINEERING,,,,,,,
1232,"ARM College of Engineering and Technology, Sattamangalam,Maraimalainagar Post, Chengalpattu Taluk, Kanchipuram Dist-603209.",Computer Science and Engineering (Cyber Security),,,,,,,
1233,"Adhi College of Engineering and Technology, No. 6, Munu Adhi Nagar, Sankarapuram, Puliambakkam Post, Near Wallajabad Kancheepuram-631605.",Artificial Intelligence and Data Science,145.0,135.0,,122.5,,,
1233,"Adhi College of Engineering and Technology, No. 6, Munu Adhi Nagar, Sankarapuram, Puliambakkam Post, Near Wallajabad Kancheepuram-631605.",COMPUTER SCIENCE AND ENGINEERING,143.5,,,111.5,,,
1233,"Adhi College of Engineering and Technology, No. 6, Munu Adhi Nagar, Sankarapuram, Puliambakkam Post, Near Wallajabad Kancheepuram-631605.",ELECTRONICS AND COMMUNICATION ENGINEERING,132.5,,,118.0,,,
1233,"Adhi College of Engineering and Technology, No. 6, Munu Adhi Nagar, Sankarapuram, Puliambakkam Post, Near Wallajabad Kancheepuram-631605.",ELECTRICAL AND ELECTRONICS ENGINEERING,126.5,,,95.5,,,
1233,"Adhi College of Engineering and Technology, No. 6, Munu Adhi Nagar, Sankarapuram, Puliambakkam Post, Near Wallajabad Kancheepuram-631605.",INFORMATION TECHNOLOGY,137.5,,,106.0,,,
1233,"Adhi College of Engineering and Technology, No. 6, Munu Adhi Nagar, Sankarapuram, Puliambakkam Post, Near Wallajabad Kancheepuram-631605.",MECHANICAL ENGINEERING,110.5,,,,,,
1235,"Jei Mathaajee College of Engineering, No.124, Vishakandikuppam Village, Siruvakkam Post, Kanchipuram-631552.",CIVIL ENGINEERING,,,,,,,
1235,"Jei Mathaajee College of Engineering, No.124, Vishakandikuppam Village, Siruvakkam Post, Kanchipuram-631552.",COMPUTER SCIENCE AND ENGINEERING,,,,,,,
1235,"Jei Mathaajee College of Engineering, No.124, Vishakandikuppam Village, Siruvakkam Post, Kanchipuram-631552.",ELECTRONICS AND COMMUNICATION ENGINEERING,,,,,,,
1235,"Jei Mathaajee College of Engineering, No.124, Vishakandikuppam Village, Siruvakkam Post, Kanchipuram-631552.",ELECTRICAL AND ELECTRONICS ENGINEERING,,,,,,,
1235,"Jei Mathaajee College of Engineering, No.124, Vishakandikuppam Village, Siruvakkam Post, Kanchipuram-631552.",INFORMATION TECHNOLOGY,,,,,,,
1235,"Jei Mathaajee College of Engineering, No.124, Vishakandikuppam Village, Siruvakkam Post, Kanchipuram-631552.",MECHANICAL ENGINEERING,,,,,,,
1237,"Velammal Institute of Technology, Chennai - Kolkatta Highway, Pancheeti Village, Ponneri Taluk, Thiruvallur District-601204.",Artificial Intelligence and Data Science,166.0,159.0,152.0,151.5,138.0,,107.0
1237,"Velammal Institute of Technology, Chennai - Kolkatta Highway, Pancheeti Village, Ponneri Taluk, Thiruvallur District-601204.",COMPUTER SCIENCE AND ENGINEERING,167.0,160.0,157.0,152.5,131.0,,
1237,"Velammal Institute of Technology, Chennai - Kolkatta Highway, Pancheeti Village, Ponneri Taluk, Thiruvallur District-601204.",ELECTRONICS AND COMMUNICATION ENGINEERING,164.0,156.5,151.5,151.0,127.0,,99.0
1237,"Velammal Institute of Technology, Chennai - Kolkatta Highway, Pancheeti Village, Ponneri Taluk, Thiruvallur District-601204.",ELECTRICAL AND ELECTRONICS ENGINEERING,158.0,148.5,152.0,145.5,132.0,,
1237,"Velammal Institute of Technology, Chennai - Kolkatta Highway, Pancheeti Village, Ponneri Taluk, Thiruvallur District-601204.",INFORMATION TECHNOLOGY,163.0,158.0,157.0,155.0,128.5,110.5,
1237,"Velammal Institute of Technology, Chennai - Kolkatta Highway, Pancheeti Village, Ponneri Taluk, Thiruvallur District-601204.",MECHANICAL ENGINEERING,156.5,145.0,135.5,134.5,126.0,,
1237,"Velammal Institute of Technology, Chennai - Kolkatta Highway, Pancheeti Village, Ponneri Taluk, Thiruvallur District-601204.",Mechatronics Engineering,147.5,146.0,,141.5,140.5,,
1238,"GRT Institute of Engineering and Technology (Autonomous), GRT Mahalakshmi Nagar, Chennai-Tirupathi Highway, Tiruttani, Thiruvallur-631209.",Artificial Intelligence and Data Science,149.0,106.5,,118.0,,,
1238,"GRT Institute of Engineering and Technology (Autonomous), GRT Mahalakshmi Nagar, Chennai-Tirupathi Highway, Tiruttani, Thiruvallur-631209.",BIO MEDICAL ENGINEERING,114.0,,,85.0,,,
1238,"GRT Institute of Engineering and Technology (Autonomous), GRT Mahalakshmi Nagar, Chennai-Tirupathi Highway, Tiruttani, Thiruvallur-631209.",COMPUTER SCIENCE AND ENGINEERING,155.0,119.0,,115.0,,,
1238,"GRT Institute of Engineering and Technology (Autonomous), GRT Mahalakshmi Nagar, Chennai-Tirupathi Highway, Tiruttani, Thiruvallur-631209.",ELECTRONICS AND COMMUNICATION ENGINEERING,137.5,116.5,124.5,111.0,,,
1238,"GRT Institute of Engineering and Technology (Autonomous), GRT Mahalakshmi Nagar, Chennai-Tirupathi Highway, Tiruttani, Thiruvallur-631209.",ELECTRICAL AND ELECTRONICS ENGINEERING,116.5,,,,,,
1238,"GRT Institute of Engineering and Technology (Autonomous), GRT Mahalakshmi Nagar, Chennai-Tirupathi Highway, Tiruttani, Thiruvallur-631209.",INFORMATION TECHNOLOGY,145.0,107.0,,123.0,,,
1238,"GRT Institute of Engineering and Technology (Autonomous), GRT Mahalakshmi Nagar, Chennai-Tirupathi Highway, Tiruttani, Thiruvallur-631209.",MECHANICAL ENGINEERING,122.0,,107.0,108.0,,,
1241,"T.J.S. Engineering College, Peruvoyal, Near Kavaraipettai,Gummidipoondi Taluk,Thiruvallur District-601206.",Artificial Intelligence and Data Science,144.5,127.0,,114.0,109.0,,
1241,"T.J.S. Engineering College, Peruvoyal, Near Kavaraipettai,Gummidipoondi Taluk,Thiruvallur District-601206.",COMPUTER SCIENCE AND ENGINEERING (AI AND MACHINE LEARNING),143.5,,,,104.0,,
1241,"T.J.S. Engineering College, Peruvoyal, Near Kavaraipettai,Gummidipoondi Taluk,Thiruvallur District-601206.",COMPUTER SCIENCE AND ENGINEERING,149.0,112.5,148.5,109.0,114.5,91.5,
1241,"T.J.S. Engineering College, Peruvoyal, Near Kavaraipettai,Gummidipoondi Taluk,Thiruvallur District-601206.",ELECTRONICS AND COMMUNICATION ENGINEERING,128.0,,,106.0,99.0,,
1241,"T.J.S. Engineering College, Peruvoyal, Near Kavaraipettai,Gummidipoondi Taluk,Thiruvallur District-601206.",ELECTRICAL AND ELECTRONICS ENGINEERING,110.5,,,,101.0,,
1241,"T.J.S. Engineering College, Peruvoyal, Near Kavaraipettai,Gummidipoondi Taluk,Thiruvallur District-601206.",INFORMATION TECHNOLOGY,125.0,,,,100.0,,
1241,"T.J.S. Engineering College, Peruvoyal, Near Kavaraipettai,Gummidipoondi Taluk,Thiruvallur District-601206.",MECHANICAL ENGINEERING,109.5,,,,,,
1243,"ST. LOURDES ENGINEERING COLLEGE (Formerly Madha Institute of Engineering and Technology), Irandaam Kattalai, Sadhananthapuram, Thandalam post, Chennai-600122.",Artificial Intelligence and Data Science,,,,,,,
1243,"ST. LOURDES ENGINEERING COLLEGE (Formerly Madha Institute of Engineering and Technology), Irandaam Kattalai, Sadhananthapuram, Thandalam post, Chennai-600122.",COMPUTER SCIENCE AND ENGINEERING,,,,,,,
1243,"ST. LOURDES ENGINEERING COLLEGE (Formerly Madha Institute of Engineering and Technology), Irandaam Kattalai, Sadhananthapuram, Thandalam post, Chennai-600122.",ELECTRONICS AND COMMUNICATION ENGINEERING,,,,,,,
1243,"ST. LOURDES ENGINEERING COLLEGE (Formerly Madha Institute of Engineering and Technology), Irandaam Kattalai, Sadhananthapuram, Thandalam post, Chennai-600122.",INFORMATION TECHNOLOGY,,,,,,,
1243,"ST. LOURDES ENGINEERING COLLEGE (Formerly Madha Institute of Engineering and Technology), Irandaam Kattalai, Sadhananthapuram, Thandalam post, Chennai-600122.",Computer Science and Engineering (Cyber Security),,,,,,,
1301,"Mohamed Sathak A J College of Engineering (Autonomous), #34, Rajiv Gandhi Road(OMR), IT Highway, Siruseri, Egattur, Chennai-603103.",Artificial Intelligence and Data Science,161.0,121.0,152.0,131.0,,95.0,
1301,"Mohamed Sathak A J College of Engineering (Autonomous), #34, Rajiv Gandhi Road(OMR), IT Highway, Siruseri, Egattur, Chennai-603103.",COMPUTER SCIENCE AND ENGINEERING (AI AND MACHINE LEARNING),138.5,111.0,,117.0,,,
1301,"Mohamed Sathak A J College of Engineering (Autonomous), #34, Rajiv Gandhi Road(OMR), IT Highway, Siruseri, Egattur, Chennai-603103.",COMPUTER SCIENCE AND BUSSINESS SYSTEM,143.5,,142.5,109.0,,,
1301,"Mohamed Sathak A J College of Engineering (Autonomous), #34, Rajiv Gandhi Road(OMR), IT Highway, Siruseri, Egattur, Chennai-603103.",CIVIL ENGINEERING,126.0,,102.0,,,,
1301,"Mohamed Sathak A J College of Engineering (Autonomous), #34, Rajiv Gandhi Road(OMR), IT Highway, Siruseri, Egattur, Chennai-603103.",COMPUTER SCIENCE AND ENGINEERING,161.5,142.5,158.5,133.0,,,
1301,"Mohamed Sathak A J College of Engineering (Autonomous), #34, Rajiv Gandhi Road(OMR), IT Highway, Siruseri, Egattur, Chennai-603103.",Electronics and Communication (Advanced Communication Technology),135.5,,134.0,,,,
1301,"Mohamed Sathak A J College of Engineering (Autonomous), #34, Rajiv Gandhi Road(OMR), IT Highway, Siruseri, Egattur, Chennai-603103.",ELECTRONICS AND COMMUNICATION ENGINEERING,140.5,,138.5,112.0,,,
1301,"Mohamed Sathak A J College of Engineering (Autonomous), #34, Rajiv Gandhi Road(OMR), IT Highway, Siruseri, Egattur, Chennai-603103.",ELECTRICAL AND ELECTRONICS ENGINEERING,134.5,,,,,,
1301,"Mohamed Sathak A J College of Engineering (Autonomous), #34, Rajiv Gandhi Road(OMR), IT Highway, Siruseri, Egattur, Chennai-603103.",Electronics Engineering (VLSI Design and Technology),137.0,,109.5,,,,
1301,"Mohamed Sathak A J College of Engineering (Autonomous), #34, Rajiv Gandhi Road(OMR), IT Highway, Siruseri, Egattur, Chennai-603103.",INFORMATION TECHNOLOGY,144.5,126.5,144.0,117.5,,,
1301,"Mohamed Sathak A J College of Engineering (Autonomous), #34, Rajiv Gandhi Road(OMR), IT Highway, Siruseri, Egattur, Chennai-603103.",MECHANICAL ENGINEERING,133.5,,122.0,,,,
1301,"Mohamed Sathak A J College of Engineering (Autonomous), #34, Rajiv Gandhi Road(OMR), IT Highway, Siruseri, Egattur, Chennai-603103.",Computer Science and Engineering (Cyber Security),151.0,125.0,150.0,137.0,113.0,,
1303,"Anand Institute of Higher Technology, Kalasalingam Nagar(Autonomous), Old Mahabalipuram Road, Kazhipattur Village, Chengalpattu Taluk, Kancheepuram District-603103.",Artificial Intelligence and Data Science,153.0,127.0,,136.0,119.5,,
1303,"Anand Institute of Higher Technology, Kalasalingam Nagar(Autonomous), Old Mahabalipuram Road, Kazhipattur Village, Chengalpattu Taluk, Kancheepuram District-603103.",BIO TECHNOLOGY,114.0,,,,,,
1303,"Anand Institute of Higher Technology, Kalasalingam Nagar(Autonomous), Old Mahabalipuram Road, Kazhipattur Village, Chengalpattu Taluk, Kancheepuram District-603103.",COMPUTER SCIENCE AND BUSSINESS SYSTEM,129.0,,108.5,,,,
1303,"Anand Institute of Higher Technology, Kalasalingam Nagar(Autonomous), Old Mahabalipuram Road, Kazhipattur Village, Chengalpattu Taluk, Kancheepuram District-603103.",COMPUTER SCIENCE AND ENGINEERING,150.5,119.0,145.5,131.5,,,
1303,"Anand Institute of Higher Technology, Kalasalingam Nagar(Autonomous), Old Mahabalipuram Road, Kazhipattur Village, Chengalpattu Taluk, Kancheepuram District-603103.",ELECTRONICS AND COMMUNICATION ENGINEERING,134.0,,,107.0,,,
1303,"Anand Institute of Higher Technology, Kalasalingam Nagar(Autonomous), Old Mahabalipuram Road, Kazhipattur Village, Chengalpattu Taluk, Kancheepuram District-603103.",ELECTRICAL AND ELECTRONICS ENGINEERING,120.0,,,,,,
1303,"Anand Institute of Higher Technology, Kalasalingam Nagar(Autonomous), Old Mahabalipuram Road, Kazhipattur Village, Chengalpattu Taluk, Kancheepuram District-603103.",INFORMATION TECHNOLOGY,143.5,112.0,123.0,122.5,118.5,,128.0
1303,"Anand Institute of Higher Technology, Kalasalingam Nagar(Autonomous), Old Mahabalipuram Road, Kazhipattur Village, Chengalpattu Taluk, Kancheepuram District-603103.",MECHANICAL ENGINEERING,98.5,,,,,,
1303,"Anand Institute of Higher Technology, Kalasalingam Nagar(Autonomous), Old Mahabalipuram Road, Kazhipattur Village, Chengalpattu Taluk, Kancheepuram District-603103.",Computer Science and Engineering (Cyber Security),132.5,,,100.0,117.5,,
1304,"Easwari Engineering College (Autonomous), Bharathi Salai, Ramapuram, Chennai-600089.",Artificial Intelligence and Data Science,184.5,180.0,179.0,178.5,160.5,140.0,
1304,"Easwari Engineering College (Autonomous), Bharathi Salai, Ramapuram, Chennai-600089.",COMPUTER SCIENCE AND ENGINEERING (AI AND MACHINE LEARNING),185.0,180.5,179.5,179.5,163.0,113.0,
1304,"Easwari Engineering College (Autonomous), Bharathi Salai, Ramapuram, Chennai-600089.",AUTOMOBILE ENGINEERING,168.0,166.0,165.0,159.5,138.0,,
1304,"Easwari Engineering College (Autonomous), Bharathi Salai, Ramapuram, Chennai-600089.",BIO MEDICAL ENGINEERING,178.0,169.0,177.0,162.0,137.5,,
1304,"Easwari Engineering College (Autonomous), Bharathi Salai, Ramapuram, Chennai-600089.",BIO TECHNOLOGY,177.5,170.5,160.5,167.5,145.0,129.5,
1304,"Easwari Engineering College (Autonomous), Bharathi Salai, Ramapuram, Chennai-600089.",COMPUTER SCIENCE AND BUSSINESS SYSTEM,183.5,179.5,180.0,176.5,156.0,,
1304,"Easwari Engineering College (Autonomous), Bharathi Salai, Ramapuram, Chennai-600089.",COMPUTER SCIENCE AND DESIGN,182.0,179.0,178.5,176.5,155.5,127.5,
1304,"Easwari Engineering College (Autonomous), Bharathi Salai, Ramapuram, Chennai-600089.",CIVIL ENGINEERING,173.5,162.5,147.0,165.0,152.5,,
1304,"Easwari Engineering College (Autonomous), Bharathi Salai, Ramapuram, Chennai-600089.",COMPUTER SCIENCE AND ENGINEERING,188.0,183.5,182.5,181.0,168.5,145.5,147.5
1304,"Easwari Engineering College (Autonomous), Bharathi Salai, Ramapuram, Chennai-600089.",ELECTRONICS AND COMMUNICATION ENGINEERING,186.0,180.5,182.0,179.0,160.0,133.5,148.5
1304,"Easwari Engineering College (Autonomous), Bharathi Salai, Ramapuram, Chennai-600089.",ELECTRICAL AND ELECTRONICS ENGINEERING,180.5,176.5,178.0,175.5,148.5,123.0,
1304,"Easwari Engineering College (Autonomous), Bharathi Salai, Ramapuram, Chennai-600089.",INFORMATION TECHNOLOGY,184.0,180.5,179.5,178.5,161.0,129.5,138.0
1304,"Easwari Engineering College (Autonomous), Bharathi Salai, Ramapuram, Chennai-600089.",MECHANICAL ENGINEERING,171.5,166.0,167.5,164.0,146.0,,108.5
1304,"Easwari Engineering College (Autonomous), Bharathi Salai, Ramapuram, Chennai-600089.",ROBOTICS AND AUTOMATION,180.0,176.5,176.5,171.5,158.0,,
1304,"Easwari Engineering College (Autonomous), Bharathi Salai, Ramapuram, Chennai-600089.",Computer Science and Engineering (Cyber Security),184.5,180.0,,182.0,162.5,138.0,137.5
1306,"Jeppiaar Engineering College, Jeppiaar Nagar, Old Mammallapuram Road, Kanchipuram, Chennai-600119.",Artificial Intelligence and Data Science,172.0,166.0,164.0,164.5,137.5,,
1306,"Jeppiaar Engineering College, Jeppiaar Nagar, Old Mammallapuram Road, Kanchipuram, Chennai-600119.",COMPUTER SCIENCE AND ENGINEERING (AI AND MACHINE LEARNING),170.0,165.0,165.0,164.0,135.5,129.5,
1306,"Jeppiaar Engineering College, Jeppiaar Nagar, Old Mammallapuram Road, Kanchipuram, Chennai-600119.",AEROSPACE ENGINEERING,160.0,151.0,,141.5,145.5,,
1306,"Jeppiaar Engineering College, Jeppiaar Nagar, Old Mammallapuram Road, Kanchipuram, Chennai-600119.",BIO TECHNOLOGY,164.5,161.5,137.0,152.0,136.5,,
1306,"Jeppiaar Engineering College, Jeppiaar Nagar, Old Mammallapuram Road, Kanchipuram, Chennai-600119.",COMPUTER SCIENCE AND ENGINEERING,174.0,168.5,167.0,166.0,139.5,95.5,105.0
1306,"Jeppiaar Engineering College, Jeppiaar Nagar, Old Mammallapuram Road, Kanchipuram, Chennai-600119.",ELECTRONICS AND COMMUNICATION ENGINEERING,171.0,166.0,161.0,161.0,137.5,,
1306,"Jeppiaar Engineering College, Jeppiaar Nagar, Old Mammallapuram Road, Kanchipuram, Chennai-600119.",ELECTRICAL AND ELECTRONICS ENGINEERING,164.0,161.5,154.5,158.0,133.5,,
1306,"Jeppiaar Engineering College, Jeppiaar Nagar, Old Mammallapuram Road, Kanchipuram, Chennai-600119.",INFORMATION TECHNOLOGY,170.0,165.0,163.5,163.5,134.5,,
1306,"Jeppiaar Engineering College, Jeppiaar Nagar, Old Mammallapuram Road, Kanchipuram, Chennai-600119.",MECHANICAL ENGINEERING,149.5,131.0,135.5,137.0,112.5,,
1307,"Jerusalem College of Engineering (Autonomous), Velachery-Tambaram Main Road,Narayanapuram, Pallikkaranai,Chennai-600100.",Artificial Intelligence and Data Science,167.5,161.5,157.0,158.5,143.0,,
1307,"Jerusalem College of Engineering (Autonomous), Velachery-Tambaram Main Road,Narayanapuram, Pallikkaranai,Chennai-600100.",COMPUTER SCIENCE AND ENGINEERING (AI AND MACHINE LEARNING),164.5,158.5,145.5,150.5,136.0,,
1307,"Jerusalem College of Engineering (Autonomous), Velachery-Tambaram Main Road,Narayanapuram, Pallikkaranai,Chennai-600100.",BIO MEDICAL ENGINEERING,143.5,121.0,143.5,107.0,,,
1307,"Jerusalem College of Engineering (Autonomous), Velachery-Tambaram Main Road,Narayanapuram, Pallikkaranai,Chennai-600100.",COMPUTER SCIENCE AND BUSSINESS SYSTEM,162.5,153.5,158.5,153.0,134.5,,
1307,"Jerusalem College of Engineering (Autonomous), Velachery-Tambaram Main Road,Narayanapuram, Pallikkaranai,Chennai-600100.",COMPUTER SCIENCE AND ENGINEERING,169.0,159.0,153.5,156.5,140.0,,154.5
1307,"Jerusalem College of Engineering (Autonomous), Velachery-Tambaram Main Road,Narayanapuram, Pallikkaranai,Chennai-600100.",ELECTRONICS AND COMMUNICATION ENGINEERING,165.0,153.5,157.5,150.0,136.5,,
1307,"Jerusalem College of Engineering (Autonomous), Velachery-Tambaram Main Road,Narayanapuram, Pallikkaranai,Chennai-600100.",ELECTRICAL AND ELECTRONICS ENGINEERING,152.5,136.5,,144.0,114.0,,
1307,"Jerusalem College of Engineering (Autonomous), Velachery-Tambaram Main Road,Narayanapuram, Pallikkaranai,Chennai-600100.",INFORMATION TECHNOLOGY,163.0,155.0,146.0,151.0,139.5,,149.5
1307,"Jerusalem College of Engineering (Autonomous), Velachery-Tambaram Main Road,Narayanapuram, Pallikkaranai,Chennai-600100.",Computer Science and Engineering (Cyber Security),162.5,154.5,145.0,151.5,136.5,,
1309,"Meenakshi Sundararajan Engineering College (Autonomous), C/O I.I.E.T Society No.363, Arcot Road, Kodambakkam, Chennai-600024.",Artificial Intelligence and Data Science,175.5,171.5,172.0,168.0,149.5,,146.5
1309,"Meenakshi Sundararajan Engineering College (Autonomous), C/O I.I.E.T Society No.363, Arcot Road, Kodambakkam, Chennai-600024.",CIVIL ENGINEERING,152.5,132.0,145.5,128.0,108.5,117.0,
1309,"Meenakshi Sundararajan Engineering College (Autonomous), C/O I.I.E.T Society No.363, Arcot Road, Kodambakkam, Chennai-600024.",COMPUTER SCIENCE AND ENGINEERING,180.5,175.0,177.5,172.5,152.0,,133.0
1309,"Meenakshi Sundararajan Engineering College (Autonomous), C/O I.I.E.T Society No.363, Arcot Road, Kodambakkam, Chennai-600024.",ELECTRONICS AND COMMUNICATION ENGINEERING,176.0,169.5,174.0,170.0,137.5,,123.0
1309,"Meenakshi Sundararajan Engineering College (Autonomous), C/O I.I.E.T Society No.363, Arcot Road, Kodambakkam, Chennai-600024.",ELECTRICAL AND ELECTRONICS ENGINEERING,167.5,163.0,,159.5,136.0,,
1309,"Meenakshi Sundararajan Engineering College (Autonomous), C/O I.I.E.T Society No.363, Arcot Road, Kodambakkam, Chennai-600024.",INFORMATION TECHNOLOGY,175.0,169.5,172.0,168.0,141.5,,
1309,"Meenakshi Sundararajan Engineering College (Autonomous), C/O I.I.E.T Society No.363, Arcot Road, Kodambakkam, Chennai-600024.",MECHANICAL ENGINEERING,165.5,157.0,160.0,146.5,143.0,,
1310,"Misrimal Navajee Munoth Jain Engineering College, Guru Marudhar Kesari Building, Jyothi Nagar, Thorapakkam, Chennai-600097.",Artificial Intelligence and Data Science,155.5,137.5,144.5,139.5,105.0,,
1310,"Misrimal Navajee Munoth Jain Engineering College, Guru Marudhar Kesari Building, Jyothi Nagar, Thorapakkam, Chennai-600097.",COMPUTER SCIENCE AND BUSSINESS SYSTEM,143.5,122.5,,125.0,,,
1310,"Misrimal Navajee Munoth Jain Engineering College, Guru Marudhar Kesari Building, Jyothi Nagar, Thorapakkam, Chennai-600097.",CIVIL ENGINEERING,,,,,,,
1310,"Misrimal Navajee Munoth Jain Engineering College, Guru Marudhar Kesari Building, Jyothi Nagar, Thorapakkam, Chennai-600097.",COMPUTER SCIENCE AND ENGINEERING,167.0,146.5,148.5,149.0,112.5,,
1310,"Misrimal Navajee Munoth Jain Engineering College, Guru Marudhar Kesari Building, Jyothi Nagar, Thorapakkam, Chennai-600097.",ELECTRONICS AND COMMUNICATION ENGINEERING,147.5,121.0,114.0,136.0,120.0,,
1310,"Misrimal Navajee Munoth Jain Engineering College, Guru Marudhar Kesari Building, Jyothi Nagar, Thorapakkam, Chennai-600097.",ELECTRICAL AND ELECTRONICS ENGINEERING,144.0,,,,,,
1310,"Misrimal Navajee Munoth Jain Engineering College, Guru Marudhar Kesari Building, Jyothi Nagar, Thorapakkam, Chennai-600097.",INFORMATION TECHNOLOGY,154.0,136.0,141.5,136.5,93.0,,
1310,"Misrimal Navajee Munoth Jain Engineering College, Guru Marudhar Kesari Building, Jyothi Nagar, Thorapakkam, Chennai-600097.",MECHANICAL ENGINEERING,128.5,104.0,,,,,
1311,"KCG college of Technology (Autonomous), Rajiv Gandhi Salai, Karapakkam, Chennai-600097.",Artificial Intelligence and Data Science,172.0,166.0,169.0,166.0,143.0,,96.5
1311,"KCG college of Technology (Autonomous), Rajiv Gandhi Salai, Karapakkam, Chennai-600097.",AERONAUTICAL ENGINEERING,167.5,160.5,158.5,155.5,128.5,,
1311,"KCG college of Technology (Autonomous), Rajiv Gandhi Salai, Karapakkam, Chennai-600097.",COMPUTER SCIENCE AND ENGINEERING (AI AND MACHINE LEARNING),171.0,166.0,168.5,164.5,137.0,126.0,
1311,"KCG college of Technology (Autonomous), Rajiv Gandhi Salai, Karapakkam, Chennai-600097.",AEROSPACE ENGINEERING,179.5,167.0,159.0,157.0,134.5,132.0,
1311,"KCG college of Technology (Autonomous), Rajiv Gandhi Salai, Karapakkam, Chennai-600097.",AUTOMOBILE ENGINEERING,151.0,129.0,132.5,120.5,107.0,,
1311,"KCG college of Technology (Autonomous), Rajiv Gandhi Salai, Karapakkam, Chennai-600097.",CIVIL ENGINEERING,142.0,123.5,123.0,,105.0,,
1311,"KCG college of Technology (Autonomous), Rajiv Gandhi Salai, Karapakkam, Chennai-600097.",COMPUTER SCIENCE AND ENGINEERING,174.5,168.0,171.0,166.0,137.0,,
1311,"KCG college of Technology (Autonomous), Rajiv Gandhi Salai, Karapakkam, Chennai-600097.",ELECTRONICS AND COMMUNICATION ENGINEERING,171.5,165.5,162.0,164.0,140.0,,
1311,"KCG college of Technology (Autonomous), Rajiv Gandhi Salai, Karapakkam, Chennai-600097.",ELECTRICAL AND ELECTRONICS ENGINEERING,166.0,161.0,156.0,152.0,131.5,,
1311,"KCG college of Technology (Autonomous), Rajiv Gandhi Salai, Karapakkam, Chennai-600097.",FASHION TECHNOLOGY,146.0,108.5,,111.0,111.5,,
1311,"KCG college of Technology (Autonomous), Rajiv Gandhi Salai, Karapakkam, Chennai-600097.",INFORMATION TECHNOLOGY,170.0,165.0,167.0,164.0,139.0,,119.5
1311,"KCG college of Technology (Autonomous), Rajiv Gandhi Salai, Karapakkam, Chennai-600097.",MECHANICAL ENGINEERING,165.5,154.5,156.0,151.5,136.0,,
1311,"KCG college of Technology (Autonomous), Rajiv Gandhi Salai, Karapakkam, Chennai-600097.",Mechatronics Engineering,163.0,155.5,,156.0,138.0,,
1311,"KCG college of Technology (Autonomous), Rajiv Gandhi Salai, Karapakkam, Chennai-600097.",Computer Science and Engineering (Cyber Security),171.5,166.5,165.5,164.5,148.5,114.0,
1315,"Sri Sivasubramaniya Nadar College of Engineering (Autonomous), Rajiv Gandhi Salai (OMR), Kalavakkam,Kanchipuram District-603110.",BIO MEDICAL ENGINEERING,192.5,190.0,187.5,189.5,183.5,,
1315,"Sri Sivasubramaniya Nadar College of Engineering (Autonomous), Rajiv Gandhi Salai (OMR), Kalavakkam,Kanchipuram District-603110.",CIVIL ENGINEERING,192.5,188.0,183.0,188.0,174.5,146.5,140.5
1315,"Sri Sivasubramaniya Nadar College of Engineering (Autonomous), Rajiv Gandhi Salai (OMR), Kalavakkam,Kanchipuram District-603110.",CHEMICAL ENGINEERING,192.0,190.0,191.5,187.0,181.5,173.0,
1315,"Sri Sivasubramaniya Nadar College of Engineering (Autonomous), Rajiv Gandhi Salai (OMR), Kalavakkam,Kanchipuram District-603110.",M.Tech. Computer Science and Engineering (Integrated 5 years),197.0,196.0,195.5,195.0,188.5,179.0,
1315,"Sri Sivasubramaniya Nadar College of Engineering (Autonomous), Rajiv Gandhi Salai (OMR), Kalavakkam,Kanchipuram District-603110.",COMPUTER SCIENCE AND ENGINEERING,199.0,198.0,198.5,198.0,192.5,180.5,188.0
1315,"Sri Sivasubramaniya Nadar College of Engineering (Autonomous), Rajiv Gandhi Salai (OMR), Kalavakkam,Kanchipuram District-603110.",ELECTRONICS AND COMMUNICATION ENGINEERING,198.0,197.5,196.5,197.0,192.5,179.0,
1315,"Sri Sivasubramaniya Nadar College of Engineering (Autonomous), Rajiv Gandhi Salai (OMR), Kalavakkam,Kanchipuram District-603110.",ELECTRICAL AND ELECTRONICS ENGINEERING,196.5,195.5,195.0,195.0,189.5,176.0,185.0
1315,"Sri Sivasubramaniya Nadar College of Engineering (Autonomous), Rajiv Gandhi Salai (OMR), Kalavakkam,Kanchipuram District-603110.",INFORMATION TECHNOLOGY,198.0,197.5,197.0,197.5,191.5,185.5,187.5
1315,"Sri Sivasubramaniya Nadar College of Engineering (Autonomous), Rajiv Gandhi Salai (OMR), Kalavakkam,Kanchipuram District-603110.",MECHANICAL ENGINEERING,194.0,192.5,191.0,191.5,182.5,175.5,165.0
1316,"Agni College of Technology (Autonomous), Thalambur Off.Rajiv Gandhi Salai, Chengalpattu Taluk, Kancheepuram District-603103.",Artificial Intelligence and Data Science,162.5,152.0,152.0,148.5,128.0,,
1316,"Agni College of Technology (Autonomous), Thalambur Off.Rajiv Gandhi Salai, Chengalpattu Taluk, Kancheepuram District-603103.",BIO MEDICAL ENGINEERING,141.0,104.5,132.0,118.5,,,
1316,"Agni College of Technology (Autonomous), Thalambur Off.Rajiv Gandhi Salai, Chengalpattu Taluk, Kancheepuram District-603103.",CIVIL ENGINEERING,125.5,91.5,121.0,,,,
1316,"Agni College of Technology (Autonomous), Thalambur Off.Rajiv Gandhi Salai, Chengalpattu Taluk, Kancheepuram District-603103.",CHEMICAL ENGINEERING,148.5,99.0,131.0,102.0,,130.5,
1316,"Agni College of Technology (Autonomous), Thalambur Off.Rajiv Gandhi Salai, Chengalpattu Taluk, Kancheepuram District-603103.",COMPUTER SCIENCE AND ENGINEERING,161.0,148.0,148.5,145.0,130.0,,
1316,"Agni College of Technology (Autonomous), Thalambur Off.Rajiv Gandhi Salai, Chengalpattu Taluk, Kancheepuram District-603103.",ELECTRONICS AND COMMUNICATION ENGINEERING,160.5,146.0,149.0,138.0,137.0,,
1316,"Agni College of Technology (Autonomous), Thalambur Off.Rajiv Gandhi Salai, Chengalpattu Taluk, Kancheepuram District-603103.",ELECTRICAL AND ELECTRONICS ENGINEERING,156.0,142.5,,137.0,115.5,,
1316,"Agni College of Technology (Autonomous), Thalambur Off.Rajiv Gandhi Salai, Chengalpattu Taluk, Kancheepuram District-603103.",INFORMATION TECHNOLOGY,157.5,144.5,140.0,143.5,128.0,,
1316,"Agni College of Technology (Autonomous), Thalambur Off.Rajiv Gandhi Salai, Chengalpattu Taluk, Kancheepuram District-603103.",MECHANICAL ENGINEERING,139.5,115.5,122.0,123.0,97.5,,
1316,"Agni College of Technology (Autonomous), Thalambur Off.Rajiv Gandhi Salai, Chengalpattu Taluk, Kancheepuram District-603103.",Mechatronics Engineering,147.5,123.5,,138.5,112.0,,
1317,"St. Joseph's College of Engineering (Autonomous), Jeppiaar Nagar, Old Mamallapuram Road, Kanchipuram, Chennai-600119.",Artificial Intelligence and Data Science,182.0,176.5,180.5,175.5,153.0,,124.0
1317,"St. Joseph's College of Engineering (Autonomous), Jeppiaar Nagar, Old Mamallapuram Road, Kanchipuram, Chennai-600119.",Artificial Intelligence and Machine Learning,180.5,176.0,174.0,175.0,148.5,108.0,
1317,"St. Joseph's College of Engineering (Autonomous), Jeppiaar Nagar, Old Mamallapuram Road, Kanchipuram, Chennai-600119.",BIO TECHNOLOGY,174.5,168.5,173.5,167.0,146.0,,
1317,"St. Joseph's College of Engineering (Autonomous), Jeppiaar Nagar, Old Mamallapuram Road, Kanchipuram, Chennai-600119.",COMPUTER SCIENCE AND BUSSINESS SYSTEM,179.0,176.0,176.5,174.0,149.0,105.0,
1317,"St. Joseph's College of Engineering (Autonomous), Jeppiaar Nagar, Old Mamallapuram Road, Kanchipuram, Chennai-600119.",CHEMICAL ENGINEERING,176.5,174.0,154.5,165.0,168.5,,
1317,"St. Joseph's College of Engineering (Autonomous), Jeppiaar Nagar, Old Mamallapuram Road, Kanchipuram, Chennai-600119.",M.Tech. Computer Science and Engineering (Integrated 5 years),178.0,173.5,176.0,169.5,143.0,107.0,135.0
1317,"St. Joseph's College of Engineering (Autonomous), Jeppiaar Nagar, Old Mamallapuram Road, Kanchipuram, Chennai-600119.",COMPUTER SCIENCE AND ENGINEERING,187.5,182.0,185.0,178.5,162.5,138.0,146.5
1317,"St. Joseph's College of Engineering (Autonomous), Jeppiaar Nagar, Old Mamallapuram Road, Kanchipuram, Chennai-600119.",ELECTRONICS AND COMMUNICATION ENGINEERING,184.0,179.0,179.5,175.0,153.5,,
1317,"St. Joseph's College of Engineering (Autonomous), Jeppiaar Nagar, Old Mamallapuram Road, Kanchipuram, Chennai-600119.",ELECTRICAL AND ELECTRONICS ENGINEERING,178.5,173.0,168.5,168.0,138.0,128.5,
1317,"St. Joseph's College of Engineering (Autonomous), Jeppiaar Nagar, Old Mamallapuram Road, Kanchipuram, Chennai-600119.",INFORMATION TECHNOLOGY,183.0,177.5,179.0,175.0,153.5,117.5,114.5
1317,"St. Joseph's College of Engineering (Autonomous), Jeppiaar Nagar, Old Mamallapuram Road, Kanchipuram, Chennai-600119.",MECHANICAL ENGINEERING,170.0,165.5,156.5,162.0,147.0,,
1317,"St. Joseph's College of Engineering (Autonomous), Jeppiaar Nagar, Old Mamallapuram Road, Kanchipuram, Chennai-600119.",Mechatronics Engineering,171.0,167.0,163.0,164.0,141.5,,
1317,"St. Joseph's College of Engineering (Autonomous), Jeppiaar Nagar, Old Mamallapuram Road, Kanchipuram, Chennai-600119.",Computer Science and Engineering (Cyber Security),181.5,178.0,181.0,175.5,163.0,128.0,
1318,"T.J. Institute of Technology, Rajiv Gandhi Salai, Karapakkam, Chennai-600097.",Artificial Intelligence and Data Science,108.5,,106.5,,,,
1318,"T.J. Institute of Technology, Rajiv Gandhi Salai, Karapakkam, Chennai-600097.",COMPUTER SCIENCE AND ENGINEERING (AI AND MACHINE LEARNING),,,,,,,
1318,"T.J. Institute of Technology, Rajiv Gandhi Salai, Karapakkam, Chennai-600097.",CIVIL ENGINEERING,,,,,,,
1318,"T.J. Institute of Technology, Rajiv Gandhi Salai, Karapakkam, Chennai-600097.",COMPUTER SCIENCE AND ENGINEERING,,,,,,,
1318,"T.J. Institute of Technology, Rajiv Gandhi Salai, Karapakkam, Chennai-600097.",ELECTRONICS AND COMMUNICATION ENGINEERING,,,,,,,
1318,"T.J. Institute of Technology, Rajiv Gandhi Salai, Karapakkam, Chennai-600097.",ELECTRICAL AND ELECTRONICS ENGINEERING,,,,,,,
1318,"T.J. Institute of Technology, Rajiv Gandhi Salai, Karapakkam, Chennai-600097.",INFORMATION TECHNOLOGY,,,,,,,
1318,"T.J. Institute of Technology, Rajiv Gandhi Salai, Karapakkam, Chennai-600097.",MECHANICAL ENGINEERING,,,,,,,
1318,"T.J. Institute of Technology, Rajiv Gandhi Salai, Karapakkam, Chennai-600097.",Computer Science and Engineering (Cyber Security),,,,,,,
1319,"Thangavelu Engineering College, Rajiv Gandhi Salai, Karapakkam, Chennai-600097.",Artificial Intelligence and Data Science,130.5,,124.0,,,,
1319,"Thangavelu Engineering College, Rajiv Gandhi Salai, Karapakkam, Chennai-600097.",CIVIL ENGINEERING,,,,,,,
1319,"Thangavelu Engineering College, Rajiv Gandhi Salai, Karapakkam, Chennai-600097.",COMPUTER SCIENCE AND ENGINEERING,120.5,,,,,,
1319,"Thangavelu Engineering College, Rajiv Gandhi Salai, Karapakkam, Chennai-600097.",ELECTRONICS AND COMMUNICATION ENGINEERING,,,,,,,
1319,"Thangavelu Engineering College, Rajiv Gandhi Salai, Karapakkam, Chennai-600097.",ELECTRICAL AND ELECTRONICS ENGINEERING,,,,,,,
1319,"Thangavelu Engineering College, Rajiv Gandhi Salai, Karapakkam, Chennai-600097.",ELECTRONICS AND INSTRUMENTATION ENGINEERING,,,,,,,
1319,"Thangavelu Engineering College, Rajiv Gandhi Salai, Karapakkam, Chennai-600097.",INFORMATION TECHNOLOGY,110.5,,,,,,
1319,"Thangavelu Engineering College, Rajiv Gandhi Salai, Karapakkam, Chennai-600097.",MECHANICAL ENGINEERING,,,,,,,
1322,"Dhanalakshmi Srinivasan College of Engineering and Technology, ECR, Poonjeri, Mamallapuram, Kanchipuram-603104.",Artificial Intelligence and Data Science,149.5,120.5,116.0,123.0,111.0,,
1322,"Dhanalakshmi Srinivasan College of Engineering and Technology, ECR, Poonjeri, Mamallapuram, Kanchipuram-603104.",AERONAUTICAL ENGINEERING,146.5,92.0,,,127.0,,
1322,"Dhanalakshmi Srinivasan College of Engineering and Technology, ECR, Poonjeri, Mamallapuram, Kanchipuram-603104.",AGRICULTURAL ENGINEERING,123.0,,,91.0,,,
1322,"Dhanalakshmi Srinivasan College of Engineering and Technology, ECR, Poonjeri, Mamallapuram, Kanchipuram-603104.",COMPUTER SCIENCE AND ENGINEERING (AI AND MACHINE LEARNING),149.5,123.0,118.0,123.0,104.5,,
1322,"Dhanalakshmi Srinivasan College of Engineering and Technology, ECR, Poonjeri, Mamallapuram, Kanchipuram-603104.",BIO MEDICAL ENGINEERING,106.0,,,,,,
1322,"Dhanalakshmi Srinivasan College of Engineering and Technology, ECR, Poonjeri, Mamallapuram, Kanchipuram-603104.",CIVIL ENGINEERING,108.5,,,,,,
1322,"Dhanalakshmi Srinivasan College of Engineering and Technology, ECR, Poonjeri, Mamallapuram, Kanchipuram-603104.",Computer Science and Engineering (Internet of Things),131.5,108.0,113.0,107.5,98.5,,
1322,"Dhanalakshmi Srinivasan College of Engineering and Technology, ECR, Poonjeri, Mamallapuram, Kanchipuram-603104.",COMPUTER SCIENCE AND ENGINEERING,148.0,118.0,131.0,125.5,106.5,,
1322,"Dhanalakshmi Srinivasan College of Engineering and Technology, ECR, Poonjeri, Mamallapuram, Kanchipuram-603104.",ELECTRONICS AND COMMUNICATION ENGINEERING,145.5,129.5,119.5,122.5,123.5,,
1322,"Dhanalakshmi Srinivasan College of Engineering and Technology, ECR, Poonjeri, Mamallapuram, Kanchipuram-603104.",ELECTRICAL AND ELECTRONICS ENGINEERING,135.5,98.0,112.5,117.5,102.0,,
1322,"Dhanalakshmi Srinivasan College of Engineering and Technology, ECR, Poonjeri, Mamallapuram, Kanchipuram-603104.",Electrical and Computer Engineering,114.0,,,105.5,,,
1322,"Dhanalakshmi Srinivasan College of Engineering and Technology, ECR, Poonjeri, Mamallapuram, Kanchipuram-603104.",ENVIRONMENTAL SCIENCE & TECHNOLOGY,,,,,,,
1322,"Dhanalakshmi Srinivasan College of Engineering and Technology, ECR, Poonjeri, Mamallapuram, Kanchipuram-603104.",FOOD TECHNOLOGY,129.5,,123.0,,,112.0,
1322,"Dhanalakshmi Srinivasan College of Engineering and Technology, ECR, Poonjeri, Mamallapuram, Kanchipuram-603104.",INFORMATION TECHNOLOGY,149.0,113.0,108.5,122.5,104.0,,
1322,"Dhanalakshmi Srinivasan College of Engineering and Technology, ECR, Poonjeri, Mamallapuram, Kanchipuram-603104.",MECHANICAL ENGINEERING,129.0,,98.5,90.0,104.0,,
1322,"Dhanalakshmi Srinivasan College of Engineering and Technology, ECR, Poonjeri, Mamallapuram, Kanchipuram-603104.",ROBOTICS AND ARTIFICIAL INTELLIGENCE,139.0,112.5,,108.5,,,
1322,"Dhanalakshmi Srinivasan College of Engineering and Technology, ECR, Poonjeri, Mamallapuram, Kanchipuram-603104.",Computer Science and Engineering (Cyber Security),145.0,130.5,136.0,123.0,97.5,,
1325,"St. Joseph College of Engineering, Trinity Campus, Nemili B Beemanthangal Village, Sriperumbudur, Kancheepuram District, Chennai-602105.",Artificial Intelligence and Data Science,155.0,133.5,154.0,149.5,128.5,,
1325,"St. Joseph College of Engineering, Trinity Campus, Nemili B Beemanthangal Village, Sriperumbudur, Kancheepuram District, Chennai-602105.",COMPUTER SCIENCE AND ENGINEERING,152.0,121.5,127.0,118.0,112.5,,
1325,"St. Joseph College of Engineering, Trinity Campus, Nemili B Beemanthangal Village, Sriperumbudur, Kancheepuram District, Chennai-602105.",ELECTRONICS AND COMMUNICATION ENGINEERING,151.5,130.5,138.0,110.5,112.0,,
1325,"St. Joseph College of Engineering, Trinity Campus, Nemili B Beemanthangal Village, Sriperumbudur, Kancheepuram District, Chennai-602105.",INFORMATION TECHNOLOGY,146.5,124.5,118.5,121.5,112.0,,
1325,"St. Joseph College of Engineering, Trinity Campus, Nemili B Beemanthangal Village, Sriperumbudur, Kancheepuram District, Chennai-602105.",MECHANICAL ENGINEERING,134.0,101.0,100.0,,106.0,95.0,
1325,"St. Joseph College of Engineering, Trinity Campus, Nemili B Beemanthangal Village, Sriperumbudur, Kancheepuram District, Chennai-602105.",Computer Science and Engineering (Cyber Security),148.0,119.0,139.5,128.5,115.0,,
1333,"Shikshaa Institute of Advanced Technologies (formerly Vi Institute of Technology), No. 96 Sirunkundram Post,Chengalpattu Taluk,Kancheepuram District-603108.",Artificial Intelligence and Data Science,91.0,,,,,,
1333,"Shikshaa Institute of Advanced Technologies (formerly Vi Institute of Technology), No. 96 Sirunkundram Post,Chengalpattu Taluk,Kancheepuram District-603108.",COMPUTER SCIENCE AND ENGINEERING (AI AND MACHINE LEARNING),,,,,,,
1333,"Shikshaa Institute of Advanced Technologies (formerly Vi Institute of Technology), No. 96 Sirunkundram Post,Chengalpattu Taluk,Kancheepuram District-603108.",COMPUTER SCIENCE AND ENGINEERING,,,,,,,
1333,"Shikshaa Institute of Advanced Technologies (formerly Vi Institute of Technology), No. 96 Sirunkundram Post,Chengalpattu Taluk,Kancheepuram District-603108.",ELECTRONICS AND COMMUNICATION ENGINEERING,,,,,,,
1333,"Shikshaa Institute of Advanced Technologies (formerly Vi Institute of Technology), No. 96 Sirunkundram Post,Chengalpattu Taluk,Kancheepuram District-603108.",ELECTRICAL AND ELECTRONICS ENGINEERING,,,,,,,
1333,"Shikshaa Institute of Advanced Technologies (formerly Vi Institute of Technology), No. 96 Sirunkundram Post,Chengalpattu Taluk,Kancheepuram District-603108.",MECHANICAL ENGINEERING,,,,,,,
1335,"Sri Krishna Institute of Technology, Navaneedam Nagar, Panapakkam, Near Padappai, Kanchipuram-601301.",COMPUTER SCIENCE AND ENGINEERING (AI AND MACHINE LEARNING),,,,,,,
1335,"Sri Krishna Institute of Technology, Navaneedam Nagar, Panapakkam, Near Padappai, Kanchipuram-601301.",CIVIL ENGINEERING,,,,,,,
1335,"Sri Krishna Institute of Technology, Navaneedam Nagar, Panapakkam, Near Padappai, Kanchipuram-601301.",ELECTRONICS AND COMMUNICATION ENGINEERING,,,,,,,
1335,"Sri Krishna Institute of Technology, Navaneedam Nagar, Panapakkam, Near Padappai, Kanchipuram-601301.",ELECTRICAL AND ELECTRONICS ENGINEERING,,,,,,,
1335,"Sri Krishna Institute of Technology, Navaneedam Nagar, Panapakkam, Near Padappai, Kanchipuram-601301.",MECHANICAL ENGINEERING,,,,,,,
1335,"Sri Krishna Institute of Technology, Navaneedam Nagar, Panapakkam, Near Padappai, Kanchipuram-601301.",Computer Science and Engineering (Cyber Security),116.0,,,,,,
1339,"MAHALAKSHMI TECH CAMPUS (FORMERLY MAHALAKSHMI ENGINEERING COLLEGE - TIRUCHIRAPPALLI), NO.1,BHARATHIYAR STREET, PRASHANTHI NAGAR, CHROMPET, CHENNAI - 600044",Artificial Intelligence and Data Science,159.5,82.0,155.0,102.5,,170.0,
1339,"MAHALAKSHMI TECH CAMPUS (FORMERLY MAHALAKSHMI ENGINEERING COLLEGE - TIRUCHIRAPPALLI), NO.1,BHARATHIYAR STREET, PRASHANTHI NAGAR, CHROMPET, CHENNAI - 600044",COMPUTER SCIENCE AND ENGINEERING (AI AND MACHINE LEARNING),123.0,,,,,,
1339,"MAHALAKSHMI TECH CAMPUS (FORMERLY MAHALAKSHMI ENGINEERING COLLEGE - TIRUCHIRAPPALLI), NO.1,BHARATHIYAR STREET, PRASHANTHI NAGAR, CHROMPET, CHENNAI - 600044",COMPUTER SCIENCE AND ENGINEERING,130.5,,125.0,,,,
1339,"MAHALAKSHMI TECH CAMPUS (FORMERLY MAHALAKSHMI ENGINEERING COLLEGE - TIRUCHIRAPPALLI), NO.1,BHARATHIYAR STREET, PRASHANTHI NAGAR, CHROMPET, CHENNAI - 600044",ELECTRONICS AND COMMUNICATION ENGINEERING,144.5,,,,,,
1339,"MAHALAKSHMI TECH CAMPUS (FORMERLY MAHALAKSHMI ENGINEERING COLLEGE - TIRUCHIRAPPALLI), NO.1,BHARATHIYAR STREET, PRASHANTHI NAGAR, CHROMPET, CHENNAI - 600044",ELECTRICAL AND ELECTRONICS ENGINEERING,,,,,,,
1339,"MAHALAKSHMI TECH CAMPUS (FORMERLY MAHALAKSHMI ENGINEERING COLLEGE - TIRUCHIRAPPALLI), NO.1,BHARATHIYAR STREET, PRASHANTHI NAGAR, CHROMPET, CHENNAI - 600044",Computer Science and Engineering (Cyber Security),138.5,105.5,,,,,
1399,Chennai Institute of Technology (Autonomous) Puduper Village Nandambakkam Post Kundrathur Chennai 600069,Artificial Intelligence and Data Science,194.0,193.0,192.5,192.5,184.0,165.5,183.0
1399,Chennai Institute of Technology (Autonomous) Puduper Village Nandambakkam Post Kundrathur Chennai 600069,COMPUTER SCIENCE AND ENGINEERING (AI AND MACHINE LEARNING),194.5,193.5,193.5,192.0,183.5,181.5,
1399,Chennai Institute of Technology (Autonomous) Puduper Village Nandambakkam Post Kundrathur Chennai 600069,BIO MEDICAL ENGINEERING,190.5,188.0,185.5,187.5,174.5,139.0,
1399,Chennai Institute of Technology (Autonomous) Puduper Village Nandambakkam Post Kundrathur Chennai 600069,COMPUTER SCIENCE AND BUSSINESS SYSTEM,194.0,192.5,,192.0,183.5,,183.5
1399,Chennai Institute of Technology (Autonomous) Puduper Village Nandambakkam Post Kundrathur Chennai 600069,CIVIL ENGINEERING,188.0,185.0,183.5,187.5,178.0,,166.5
1399,Chennai Institute of Technology (Autonomous) Puduper Village Nandambakkam Post Kundrathur Chennai 600069,COMPUTER SCIENCE AND ENGINEERING,196.0,194.0,194.0,193.0,185.0,161.5,185.0
1399,Chennai Institute of Technology (Autonomous) Puduper Village Nandambakkam Post Kundrathur Chennai 600069,Electronics and Communication (Advanced Communication Technology),193.0,192.5,192.0,192.0,181.5,159.5,
1399,Chennai Institute of Technology (Autonomous) Puduper Village Nandambakkam Post Kundrathur Chennai 600069,ELECTRONICS AND COMMUNICATION ENGINEERING,195.0,193.5,192.5,193.5,185.5,177.0,179.5
1399,Chennai Institute of Technology (Autonomous) Puduper Village Nandambakkam Post Kundrathur Chennai 600069,ELECTRICAL AND ELECTRONICS ENGINEERING,193.0,192.0,191.0,191.5,179.5,165.0,
1399,Chennai Institute of Technology (Autonomous) Puduper Village Nandambakkam Post Kundrathur Chennai 600069,Electronics Engineering (VLSI Design and Technology),193.0,192.5,192.0,191.5,181.0,161.5,171.5
1399,Chennai Institute of Technology (Autonomous) Puduper Village Nandambakkam Post Kundrathur Chennai 600069,INFORMATION TECHNOLOGY,194.0,193.5,193.0,192.0,184.0,147.0,178.0
1399,Chennai Institute of Technology (Autonomous) Puduper Village Nandambakkam Post Kundrathur Chennai 600069,MECHANICAL ENGINEERING,189.5,186.5,188.0,183.5,170.5,144.0,
1399,Chennai Institute of Technology (Autonomous) Puduper Village Nandambakkam Post Kundrathur Chennai 600069,Mechatronics Engineering,191.5,191.0,190.0,190.0,177.5,153.0,
1399,Chennai Institute of Technology (Autonomous) Puduper Village Nandambakkam Post Kundrathur Chennai 600069,Computer Science and Engineering (Cyber Security),194.0,193.0,193.0,192.5,183.5,177.0,
1400,"MOHAMED SATHAK A.J. ACADEMY OF ARCHITECTURE, IT HIGHWAY, 34, OLD MAHABALIPURAM ROAD, EGATTUR, CHENGLEPET TALUK, KANCHEEPURAM DISTRICT-603103.",Bachelor of Design,,,,,,,
1401,"Adhiparasakthi Engineering College, Melmaruvathur, Cheyyur Taluk, Kancheepuram District-603319.",AGRICULTURAL ENGINEERING,,,,,,,
1401,"Adhiparasakthi Engineering College, Melmaruvathur, Cheyyur Taluk, Kancheepuram District-603319.",COMPUTER SCIENCE AND ENGINEERING (AI AND MACHINE LEARNING),164.5,140.0,154.0,149.0,127.5,,
1401,"Adhiparasakthi Engineering College, Melmaruvathur, Cheyyur Taluk, Kancheepuram District-603319.",COMPUTER SCIENCE AND DESIGN,126.0,,,105.0,,,
1401,"Adhiparasakthi Engineering College, Melmaruvathur, Cheyyur Taluk, Kancheepuram District-603319.",CIVIL ENGINEERING,109.0,,,,,,
1401,"Adhiparasakthi Engineering College, Melmaruvathur, Cheyyur Taluk, Kancheepuram District-603319.",CHEMICAL ENGINEERING,,,,,,,
1401,"Adhiparasakthi Engineering College, Melmaruvathur, Cheyyur Taluk, Kancheepuram District-603319.",COMPUTER SCIENCE AND ENGINEERING,158.0,126.0,147.0,144.0,102.5,,
1401,"Adhiparasakthi Engineering College, Melmaruvathur, Cheyyur Taluk, Kancheepuram District-603319.",ELECTRONICS AND COMMUNICATION ENGINEERING,140.0,,,113.5,,,
1401,"Adhiparasakthi Engineering College, Melmaruvathur, Cheyyur Taluk, Kancheepuram District-603319.",ELECTRICAL AND ELECTRONICS ENGINEERING,107.0,,,,,,
1401,"Adhiparasakthi Engineering College, Melmaruvathur, Cheyyur Taluk, Kancheepuram District-603319.",INFORMATION TECHNOLOGY,157.0,130.0,,144.5,116.0,90.5,
1401,"Adhiparasakthi Engineering College, Melmaruvathur, Cheyyur Taluk, Kancheepuram District-603319.",MECHANICAL ENGINEERING,114.5,,,,,,
1402,"Annai Teresa College of Engineering, Thirunavalur, Ulundurpet Taluk, Villupuram District-607204.",COMPUTER SCIENCE AND ENGINEERING,98.0,,,,,,
1402,"Annai Teresa College of Engineering, Thirunavalur, Ulundurpet Taluk, Villupuram District-607204.",ELECTRONICS AND COMMUNICATION ENGINEERING,,,,,,,
1402,"Annai Teresa College of Engineering, Thirunavalur, Ulundurpet Taluk, Villupuram District-607204.",ELECTRICAL AND ELECTRONICS ENGINEERING,,,,,,,
1402,"Annai Teresa College of Engineering, Thirunavalur, Ulundurpet Taluk, Villupuram District-607204.",MECHANICAL ENGINEERING,,,,,,,
1405,"Dhanalakshmi College of Engineering, Manimangalam Puducheri Road, Manimangalam, Manimangalam Post, Sriperumbudur Taluk, Kancheepuram District, Chennai-601301.",Artificial Intelligence and Data Science,158.0,135.5,143.5,135.0,125.5,,114.0
1405,"Dhanalakshmi College of Engineering, Manimangalam Puducheri Road, Manimangalam, Manimangalam Post, Sriperumbudur Taluk, Kancheepuram District, Chennai-601301.",COMPUTER SCIENCE AND ENGINEERING (AI AND MACHINE LEARNING),149.0,134.5,147.5,131.0,125.0,,144.5
1405,"Dhanalakshmi College of Engineering, Manimangalam Puducheri Road, Manimangalam, Manimangalam Post, Sriperumbudur Taluk, Kancheepuram District, Chennai-601301.",COMPUTER SCIENCE AND ENGINEERING,159.0,145.5,149.0,140.0,121.5,,
1405,"Dhanalakshmi College of Engineering, Manimangalam Puducheri Road, Manimangalam, Manimangalam Post, Sriperumbudur Taluk, Kancheepuram District, Chennai-601301.",ELECTRONICS AND COMMUNICATION ENGINEERING,156.0,133.0,145.0,136.0,121.0,,
1405,"Dhanalakshmi College of Engineering, Manimangalam Puducheri Road, Manimangalam, Manimangalam Post, Sriperumbudur Taluk, Kancheepuram District, Chennai-601301.",ELECTRICAL AND ELECTRONICS ENGINEERING,142.0,125.0,140.5,120.0,118.0,104.0,
1405,"Dhanalakshmi College of Engineering, Manimangalam Puducheri Road, Manimangalam, Manimangalam Post, Sriperumbudur Taluk, Kancheepuram District, Chennai-601301.",INFORMATION TECHNOLOGY,146.5,136.5,144.0,138.0,122.0,106.5,
1405,"Dhanalakshmi College of Engineering, Manimangalam Puducheri Road, Manimangalam, Manimangalam Post, Sriperumbudur Taluk, Kancheepuram District, Chennai-601301.",MECHANICAL ENGINEERING,136.5,,,124.0,105.5,,
1405,"Dhanalakshmi College of Engineering, Manimangalam Puducheri Road, Manimangalam, Manimangalam Post, Sriperumbudur Taluk, Kancheepuram District, Chennai-601301.",Computer Science and Engineering (Cyber Security),157.0,135.5,148.0,131.5,129.0,99.5,
1407,"G K M College of Engineering and Technology, G K M Nagar, Alappakkam-Mappedu Road, New Perugalathur, Chennai-600063.",Artificial Intelligence and Data Science,144.5,,,121.0,108.5,,
1407,"G K M College of Engineering and Technology, G K M Nagar, Alappakkam-Mappedu Road, New Perugalathur, Chennai-600063.",AUTOMOBILE ENGINEERING,,,,,,,
1407,"G K M College of Engineering and Technology, G K M Nagar, Alappakkam-Mappedu Road, New Perugalathur, Chennai-600063.",BIO MEDICAL ENGINEERING,120.0,,,,,,
1407,"G K M College of Engineering and Technology, G K M Nagar, Alappakkam-Mappedu Road, New Perugalathur, Chennai-600063.",CIVIL ENGINEERING,,,,,,,
1407,"G K M College of Engineering and Technology, G K M Nagar, Alappakkam-Mappedu Road, New Perugalathur, Chennai-600063.",COMPUTER SCIENCE AND ENGINEERING,142.0,,129.0,,110.5,,
1407,"G K M College of Engineering and Technology, G K M Nagar, Alappakkam-Mappedu Road, New Perugalathur, Chennai-600063.",ELECTRONICS AND COMMUNICATION ENGINEERING,131.5,,,100.0,,,
1407,"G K M College of Engineering and Technology, G K M Nagar, Alappakkam-Mappedu Road, New Perugalathur, Chennai-600063.",ELECTRICAL AND ELECTRONICS ENGINEERING,,,,,,,
1407,"G K M College of Engineering and Technology, G K M Nagar, Alappakkam-Mappedu Road, New Perugalathur, Chennai-600063.",INFORMATION TECHNOLOGY,145.5,,123.5,109.0,124.0,,
1407,"G K M College of Engineering and Technology, G K M Nagar, Alappakkam-Mappedu Road, New Perugalathur, Chennai-600063.",MECHANICAL ENGINEERING,129.0,,,,,,
1407,"G K M College of Engineering and Technology, G K M Nagar, Alappakkam-Mappedu Road, New Perugalathur, Chennai-600063.",MARINE ENGINEERING,,,,,,,
1407,"G K M College of Engineering and Technology, G K M Nagar, Alappakkam-Mappedu Road, New Perugalathur, Chennai-600063.",Computer Science and Engineering (Cyber Security),124.5,,,,,121.0,
1408,"IFET College of Engineering (Autonomous), IFET Nagar, Gangarampalayam, Valavanur Post, Villupuram District-605108.",Artificial Intelligence and Data Science,167.5,135.0,152.5,151.0,131.5,162.0,
1408,"IFET College of Engineering (Autonomous), IFET Nagar, Gangarampalayam, Valavanur Post, Villupuram District-605108.",Artificial Intelligence and Machine Learning,160.5,126.5,149.0,152.0,131.0,,
1408,"IFET College of Engineering (Autonomous), IFET Nagar, Gangarampalayam, Valavanur Post, Villupuram District-605108.",COMPUTER SCIENCE AND ENGINEERING,176.0,145.0,148.0,157.5,144.5,,
1408,"IFET College of Engineering (Autonomous), IFET Nagar, Gangarampalayam, Valavanur Post, Villupuram District-605108.",ELECTRONICS AND COMMUNICATION ENGINEERING,157.5,129.0,144.5,144.5,122.0,,
1408,"IFET College of Engineering (Autonomous), IFET Nagar, Gangarampalayam, Valavanur Post, Villupuram District-605108.",ELECTRICAL AND ELECTRONICS ENGINEERING,150.0,,,136.0,116.0,,
1408,"IFET College of Engineering (Autonomous), IFET Nagar, Gangarampalayam, Valavanur Post, Villupuram District-605108.",INFORMATION TECHNOLOGY,160.0,132.0,146.0,149.0,125.0,,
1408,"IFET College of Engineering (Autonomous), IFET Nagar, Gangarampalayam, Valavanur Post, Villupuram District-605108.",MECHANICAL ENGINEERING,143.5,,108.0,130.0,,,
1408,"IFET College of Engineering (Autonomous), IFET Nagar, Gangarampalayam, Valavanur Post, Villupuram District-605108.",Computer Science and Engineering (Cyber Security),160.0,130.0,148.0,148.5,131.0,,
1409,"Karpaga Vinayaga College of Engineering and Technology, G.S.T. Road, Chinna Kolambakkam, Palayanoor Post, Madurantagam Taluk, Kancheepuram Dist-603308.",Artificial Intelligence and Data Science,159.0,146.0,139.5,143.5,139.0,,
1409,"Karpaga Vinayaga College of Engineering and Technology, G.S.T. Road, Chinna Kolambakkam, Palayanoor Post, Madurantagam Taluk, Kancheepuram Dist-603308.",AUTOMOBILE ENGINEERING,108.0,,98.0,,,,
1409,"Karpaga Vinayaga College of Engineering and Technology, G.S.T. Road, Chinna Kolambakkam, Palayanoor Post, Madurantagam Taluk, Kancheepuram Dist-603308.",BIO MEDICAL ENGINEERING,142.0,106.5,105.0,121.5,118.5,,
1409,"Karpaga Vinayaga College of Engineering and Technology, G.S.T. Road, Chinna Kolambakkam, Palayanoor Post, Madurantagam Taluk, Kancheepuram Dist-603308.",BIO TECHNOLOGY,150.5,133.5,,95.0,111.5,,
1409,"Karpaga Vinayaga College of Engineering and Technology, G.S.T. Road, Chinna Kolambakkam, Palayanoor Post, Madurantagam Taluk, Kancheepuram Dist-603308.",CIVIL ENGINEERING,,,,,,,
1409,"Karpaga Vinayaga College of Engineering and Technology, G.S.T. Road, Chinna Kolambakkam, Palayanoor Post, Madurantagam Taluk, Kancheepuram Dist-603308.",COMPUTER SCIENCE AND ENGINEERING,154.5,129.0,144.0,139.5,131.0,,107.0
1409,"Karpaga Vinayaga College of Engineering and Technology, G.S.T. Road, Chinna Kolambakkam, Palayanoor Post, Madurantagam Taluk, Kancheepuram Dist-603308.",ELECTRONICS AND COMMUNICATION ENGINEERING,158.5,126.0,151.0,142.0,131.0,,106.5
1409,"Karpaga Vinayaga College of Engineering and Technology, G.S.T. Road, Chinna Kolambakkam, Palayanoor Post, Madurantagam Taluk, Kancheepuram Dist-603308.",ELECTRICAL AND ELECTRONICS ENGINEERING,148.0,106.0,,115.5,128.0,,
1409,"Karpaga Vinayaga College of Engineering and Technology, G.S.T. Road, Chinna Kolambakkam, Palayanoor Post, Madurantagam Taluk, Kancheepuram Dist-603308.",MECHANICAL ENGINEERING,132.0,,,120.0,103.0,,
1409,"Karpaga Vinayaga College of Engineering and Technology, G.S.T. Road, Chinna Kolambakkam, Palayanoor Post, Madurantagam Taluk, Kancheepuram Dist-603308.",ROBOTICS AND AUTOMATION,141.5,100.0,93.0,128.5,105.0,,
1411,"Madha Engineering College, Madha Nagar,Somangalam Road, Kundrathur, Kanchipuram, Chennai-600069.",Artificial Intelligence and Data Science,128.5,,,,,,
1411,"Madha Engineering College, Madha Nagar,Somangalam Road, Kundrathur, Kanchipuram, Chennai-600069.",AERONAUTICAL ENGINEERING,,,,,,,
1411,"Madha Engineering College, Madha Nagar,Somangalam Road, Kundrathur, Kanchipuram, Chennai-600069.",COMPUTER SCIENCE AND ENGINEERING (AI AND MACHINE LEARNING),106.0,,,,,,
1411,"Madha Engineering College, Madha Nagar,Somangalam Road, Kundrathur, Kanchipuram, Chennai-600069.",BIO MEDICAL ENGINEERING,,,,,,,
1411,"Madha Engineering College, Madha Nagar,Somangalam Road, Kundrathur, Kanchipuram, Chennai-600069.",BIO TECHNOLOGY,,,,,,,
1411,"Madha Engineering College, Madha Nagar,Somangalam Road, Kundrathur, Kanchipuram, Chennai-600069.",COMPUTER SCIENCE AND BUSSINESS SYSTEM,102.0,,,,,,
1411,"Madha Engineering College, Madha Nagar,Somangalam Road, Kundrathur, Kanchipuram, Chennai-600069.",COMPUTER SCIENCE AND ENGINEERING,128.0,,,,,,
1411,"Madha Engineering College, Madha Nagar,Somangalam Road, Kundrathur, Kanchipuram, Chennai-600069.",ELECTRONICS AND COMMUNICATION ENGINEERING,110.0,,,,,,
1411,"Madha Engineering College, Madha Nagar,Somangalam Road, Kundrathur, Kanchipuram, Chennai-600069.",ELECTRICAL AND ELECTRONICS ENGINEERING,,,,,,,
1411,"Madha Engineering College, Madha Nagar,Somangalam Road, Kundrathur, Kanchipuram, Chennai-600069.",INFORMATION TECHNOLOGY,119.5,,,,,114.5,
1411,"Madha Engineering College, Madha Nagar,Somangalam Road, Kundrathur, Kanchipuram, Chennai-600069.",MECHANICAL ENGINEERING,,,,,,,
1412,"Mailam Engineering College, Mailam, Tindivanam Taluk, Villupuram District-604304.",Artificial Intelligence and Data Science,165.5,125.0,156.0,148.0,141.0,,128.5
1412,"Mailam Engineering College, Mailam, Tindivanam Taluk, Villupuram District-604304.",COMPUTER SCIENCE AND BUSSINESS SYSTEM,151.0,107.0,146.5,141.0,124.5,,
1412,"Mailam Engineering College, Mailam, Tindivanam Taluk, Villupuram District-604304.",CIVIL ENGINEERING,132.5,,96.0,96.5,111.5,,
1412,"Mailam Engineering College, Mailam, Tindivanam Taluk, Villupuram District-604304.",COMPUTER SCIENCE AND ENGINEERING,170.0,136.0,149.5,156.0,145.0,,
1412,"Mailam Engineering College, Mailam, Tindivanam Taluk, Villupuram District-604304.",ELECTRONICS AND COMMUNICATION ENGINEERING,153.0,106.0,110.0,142.5,125.5,,
1412,"Mailam Engineering College, Mailam, Tindivanam Taluk, Villupuram District-604304.",ELECTRICAL AND ELECTRONICS ENGINEERING,141.0,,,136.0,119.5,,
1412,"Mailam Engineering College, Mailam, Tindivanam Taluk, Villupuram District-604304.",INFORMATION TECHNOLOGY,160.5,134.5,154.5,151.0,134.0,,
1412,"Mailam Engineering College, Mailam, Tindivanam Taluk, Villupuram District-604304.",MECHANICAL ENGINEERING,124.5,,,103.0,98.0,,
1413,"Sri Venkateswaraa College of Technology(Autonomous), Sirukulathur, Vadakal Village, Mathur Post, Sriperumbhudur, Kanchipuram-602105.",Artificial Intelligence and Data Science,165.0,157.0,144.5,151.0,120.0,,
1413,"Sri Venkateswaraa College of Technology(Autonomous), Sirukulathur, Vadakal Village, Mathur Post, Sriperumbhudur, Kanchipuram-602105.",COMPUTER SCIENCE AND ENGINEERING (AI AND MACHINE LEARNING),158.0,147.5,128.0,145.5,116.0,,
1413,"Sri Venkateswaraa College of Technology(Autonomous), Sirukulathur, Vadakal Village, Mathur Post, Sriperumbhudur, Kanchipuram-602105.",COMPUTER SCIENCE AND BUSSINESS SYSTEM,145.5,141.0,115.0,133.0,104.0,,
1413,"Sri Venkateswaraa College of Technology(Autonomous), Sirukulathur, Vadakal Village, Mathur Post, Sriperumbhudur, Kanchipuram-602105.",COMPUTER SCIENCE AND DESIGN,145.0,139.0,115.5,117.5,,,
1413,"Sri Venkateswaraa College of Technology(Autonomous), Sirukulathur, Vadakal Village, Mathur Post, Sriperumbhudur, Kanchipuram-602105.",COMPUTER SCIENCE AND ENGINEERING,172.0,162.5,153.5,159.0,132.0,105.0,
1413,"Sri Venkateswaraa College of Technology(Autonomous), Sirukulathur, Vadakal Village, Mathur Post, Sriperumbhudur, Kanchipuram-602105.",Electronics and Communication (Advanced Communication Technology),157.5,142.0,127.5,124.0,109.5,,
1413,"Sri Venkateswaraa College of Technology(Autonomous), Sirukulathur, Vadakal Village, Mathur Post, Sriperumbhudur, Kanchipuram-602105.",ELECTRONICS AND COMMUNICATION ENGINEERING,168.0,160.5,,154.0,135.5,125.0,
1413,"Sri Venkateswaraa College of Technology(Autonomous), Sirukulathur, Vadakal Village, Mathur Post, Sriperumbhudur, Kanchipuram-602105.",ELECTRICAL AND ELECTRONICS ENGINEERING,152.0,146.5,,125.0,110.0,,
1413,"Sri Venkateswaraa College of Technology(Autonomous), Sirukulathur, Vadakal Village, Mathur Post, Sriperumbhudur, Kanchipuram-602105.",Electronics Engineering (VLSI Design and Technology),143.5,133.5,116.5,132.5,,,
1413,"Sri Venkateswaraa College of Technology(Autonomous), Sirukulathur, Vadakal Village, Mathur Post, Sriperumbhudur, Kanchipuram-602105.",INFORMATION TECHNOLOGY,162.5,156.0,155.5,154.5,121.0,,
1413,"Sri Venkateswaraa College of Technology(Autonomous), Sirukulathur, Vadakal Village, Mathur Post, Sriperumbhudur, Kanchipuram-602105.",MECHANICAL ENGINEERING,147.0,131.0,,124.5,104.0,,
1413,"Sri Venkateswaraa College of Technology(Autonomous), Sirukulathur, Vadakal Village, Mathur Post, Sriperumbhudur, Kanchipuram-602105.",Computer Science and Engineering (Cyber Security),156.0,148.0,143.5,145.5,118.0,,
1414,"Prince Shri Venkateshwaraa Padmavathy Engineering College (Autonomous), Medavakkam - Mambakkam Road, Ponmar, Kanchipuram, Chennai-600127.",CIVIL ENGINEERING,145.5,97.5,130.5,80.0,,,
1414,"Prince Shri Venkateshwaraa Padmavathy Engineering College (Autonomous), Medavakkam - Mambakkam Road, Ponmar, Kanchipuram, Chennai-600127.",COMPUTER SCIENCE AND ENGINEERING,195.0,190.5,194.5,192.5,188.0,,
1414,"Prince Shri Venkateshwaraa Padmavathy Engineering College (Autonomous), Medavakkam - Mambakkam Road, Ponmar, Kanchipuram, Chennai-600127.",ELECTRONICS AND COMMUNICATION ENGINEERING,187.0,175.5,172.0,173.5,133.0,,137.0
1414,"Prince Shri Venkateshwaraa Padmavathy Engineering College (Autonomous), Medavakkam - Mambakkam Road, Ponmar, Kanchipuram, Chennai-600127.",ELECTRICAL AND ELECTRONICS ENGINEERING,173.5,167.5,,163.5,125.5,,
1414,"Prince Shri Venkateshwaraa Padmavathy Engineering College (Autonomous), Medavakkam - Mambakkam Road, Ponmar, Kanchipuram, Chennai-600127.",INFORMATION TECHNOLOGY,192.5,191.0,192.0,191.5,187.0,121.5,191.0
1414,"Prince Shri Venkateshwaraa Padmavathy Engineering College (Autonomous), Medavakkam - Mambakkam Road, Ponmar, Kanchipuram, Chennai-600127.",MECHANICAL ENGINEERING,166.0,155.0,147.0,144.5,111.5,,94.5
1415,"T.S.M.Jain College of Technology, Melur,Kallakurichi Taluk,Villupuram District-606201.",CIVIL ENGINEERING,,,,,,,
1415,"T.S.M.Jain College of Technology, Melur,Kallakurichi Taluk,Villupuram District-606201.",COMPUTER SCIENCE AND ENGINEERING,,,,,,,
1415,"T.S.M.Jain College of Technology, Melur,Kallakurichi Taluk,Villupuram District-606201.",ELECTRONICS AND COMMUNICATION ENGINEERING,,,,,,,
1415,"T.S.M.Jain College of Technology, Melur,Kallakurichi Taluk,Villupuram District-606201.",ELECTRICAL AND ELECTRONICS ENGINEERING,,,,,,,
1415,"T.S.M.Jain College of Technology, Melur,Kallakurichi Taluk,Villupuram District-606201.",MECHANICAL ENGINEERING,,,,,,,
1416,"Jaya Sakthi Engineering College, St.Mary's Nagar, Thiruninravur,(Near Avadi), Thiruvallur, Chennai-602024.",Artificial Intelligence and Data Science,127.0,,,,,,
1416,"Jaya Sakthi Engineering College, St.Mary's Nagar, Thiruninravur,(Near Avadi), Thiruvallur, Chennai-602024.",BIO MEDICAL ENGINEERING,,,,,,,
1416,"Jaya Sakthi Engineering College, St.Mary's Nagar, Thiruninravur,(Near Avadi), Thiruvallur, Chennai-602024.",BIO TECHNOLOGY,123.0,,,,101.0,,
1416,"Jaya Sakthi Engineering College, St.Mary's Nagar, Thiruninravur,(Near Avadi), Thiruvallur, Chennai-602024.",COMPUTER SCIENCE AND ENGINEERING,91.5,,,,,,
1416,"Jaya Sakthi Engineering College, St.Mary's Nagar, Thiruninravur,(Near Avadi), Thiruvallur, Chennai-602024.",MECHANICAL ENGINEERING,,,,,,,
1416,"Jaya Sakthi Engineering College, St.Mary's Nagar, Thiruninravur,(Near Avadi), Thiruvallur, Chennai-602024.",PHARMACEUTICAL TECHNOLOGY,,,,,,,
1416,"Jaya Sakthi Engineering College, St.Mary's Nagar, Thiruninravur,(Near Avadi), Thiruvallur, Chennai-602024.",Computer Science and Engineering (Cyber Security),,,,,,,
1419,"Sri Sai Ram Engineering College (Autonomous), Sai Leo Nagar, Poonthandalam Village, Dharkast Post, West Tambram, Kanchipuram, Chennai-600044.",Artificial Intelligence and Data Science,182.0,178.0,175.0,176.5,154.0,104.5,127.5
1419,"Sri Sai Ram Engineering College (Autonomous), Sai Leo Nagar, Poonthandalam Village, Dharkast Post, West Tambram, Kanchipuram, Chennai-600044.",COMPUTER SCIENCE AND ENGINEERING (AI AND MACHINE LEARNING),183.0,178.5,174.0,176.0,149.5,85.0,127.5
1419,"Sri Sai Ram Engineering College (Autonomous), Sai Leo Nagar, Poonthandalam Village, Dharkast Post, West Tambram, Kanchipuram, Chennai-600044.",COMPUTER SCIENCE AND BUSSINESS SYSTEM,180.0,177.0,176.0,174.5,148.0,,
1419,"Sri Sai Ram Engineering College (Autonomous), Sai Leo Nagar, Poonthandalam Village, Dharkast Post, West Tambram, Kanchipuram, Chennai-600044.",CIVIL ENGINEERING,176.5,166.0,171.5,159.5,164.5,,
1419,"Sri Sai Ram Engineering College (Autonomous), Sai Leo Nagar, Poonthandalam Village, Dharkast Post, West Tambram, Kanchipuram, Chennai-600044.",Computer Science and Engineering (Internet of Things),179.5,176.0,175.5,173.5,149.0,,123.5
1419,"Sri Sai Ram Engineering College (Autonomous), Sai Leo Nagar, Poonthandalam Village, Dharkast Post, West Tambram, Kanchipuram, Chennai-600044.",M.Tech. Computer Science and Engineering (Integrated 5 years),180.0,176.0,174.0,173.0,152.5,,
1419,"Sri Sai Ram Engineering College (Autonomous), Sai Leo Nagar, Poonthandalam Village, Dharkast Post, West Tambram, Kanchipuram, Chennai-600044.",COMPUTER AND COMMUNICATION ENGINEERING,180.0,176.0,173.5,173.5,147.0,,
1419,"Sri Sai Ram Engineering College (Autonomous), Sai Leo Nagar, Poonthandalam Village, Dharkast Post, West Tambram, Kanchipuram, Chennai-600044.",COMPUTER SCIENCE AND ENGINEERING,186.0,181.5,178.5,178.5,156.5,,127.0
1419,"Sri Sai Ram Engineering College (Autonomous), Sai Leo Nagar, Poonthandalam Village, Dharkast Post, West Tambram, Kanchipuram, Chennai-600044.",ELECTRONICS AND COMMUNICATION ENGINEERING,182.0,178.0,173.5,175.5,150.5,,
1419,"Sri Sai Ram Engineering College (Autonomous), Sai Leo Nagar, Poonthandalam Village, Dharkast Post, West Tambram, Kanchipuram, Chennai-600044.",ELECTRICAL AND ELECTRONICS ENGINEERING,176.0,172.0,166.0,168.5,143.5,,124.5
1419,"Sri Sai Ram Engineering College (Autonomous), Sai Leo Nagar, Poonthandalam Village, Dharkast Post, West Tambram, Kanchipuram, Chennai-600044.",ELECTRONICS AND INSTRUMENTATION ENGINEERING,173.0,169.5,171.5,163.5,141.0,,124.0
1419,"Sri Sai Ram Engineering College (Autonomous), Sai Leo Nagar, Poonthandalam Village, Dharkast Post, West Tambram, Kanchipuram, Chennai-600044.",INFORMATION TECHNOLOGY,181.5,177.5,176.5,175.5,149.5,,120.5
1419,"Sri Sai Ram Engineering College (Autonomous), Sai Leo Nagar, Poonthandalam Village, Dharkast Post, West Tambram, Kanchipuram, Chennai-600044.",MECHANICAL ENGINEERING,171.5,165.5,160.0,160.0,141.5,,
1419,"Sri Sai Ram Engineering College (Autonomous), Sai Leo Nagar, Poonthandalam Village, Dharkast Post, West Tambram, Kanchipuram, Chennai-600044.",Mechatronics Engineering,172.0,168.5,168.0,165.0,138.0,,
1419,"Sri Sai Ram Engineering College (Autonomous), Sai Leo Nagar, Poonthandalam Village, Dharkast Post, West Tambram, Kanchipuram, Chennai-600044.",Computer Science and Engineering (Cyber Security),180.5,177.5,176.0,176.0,150.5,,
1420,"Tagore Engineering College, Rathinamangalam, Vandalur, Kanchipuram, Chennai-600127.",Artificial Intelligence and Data Science,157.5,143.5,,148.5,137.5,,
1420,"Tagore Engineering College, Rathinamangalam, Vandalur, Kanchipuram, Chennai-600127.",AERONAUTICAL ENGINEERING,109.5,,,,,,
1420,"Tagore Engineering College, Rathinamangalam, Vandalur, Kanchipuram, Chennai-600127.",COMPUTER SCIENCE AND ENGINEERING,154.0,138.0,146.0,141.5,134.5,,
1420,"Tagore Engineering College, Rathinamangalam, Vandalur, Kanchipuram, Chennai-600127.",ELECTRONICS AND COMMUNICATION ENGINEERING,153.5,134.0,112.0,143.5,123.0,,
1420,"Tagore Engineering College, Rathinamangalam, Vandalur, Kanchipuram, Chennai-600127.",INFORMATION TECHNOLOGY,154.0,146.5,123.0,145.0,136.0,129.0,
1420,"Tagore Engineering College, Rathinamangalam, Vandalur, Kanchipuram, Chennai-600127.",MECHANICAL ENGINEERING,118.5,,,,,,
1420,"Tagore Engineering College, Rathinamangalam, Vandalur, Kanchipuram, Chennai-600127.",Computer Science and Engineering (Cyber Security),149.5,134.0,147.5,137.0,123.5,,
1421,"V.R.S. College of Engineering and Technology, Arasur & Post, Ulundurpet Taluk, Villupuram District-607107.",CIVIL ENGINEERING,101.5,,,,,,
1421,"V.R.S. College of Engineering and Technology, Arasur & Post, Ulundurpet Taluk, Villupuram District-607107.",COMPUTER SCIENCE AND ENGINEERING,147.5,,118.5,138.0,118.0,,
1421,"V.R.S. College of Engineering and Technology, Arasur & Post, Ulundurpet Taluk, Villupuram District-607107.",ELECTRONICS AND COMMUNICATION ENGINEERING,133.0,,119.0,120.5,114.0,,
1421,"V.R.S. College of Engineering and Technology, Arasur & Post, Ulundurpet Taluk, Villupuram District-607107.",ELECTRICAL AND ELECTRONICS ENGINEERING,118.0,,,,106.0,,
1421,"V.R.S. College of Engineering and Technology, Arasur & Post, Ulundurpet Taluk, Villupuram District-607107.",INFORMATION TECHNOLOGY,135.0,,116.0,122.0,118.0,,
1421,"V.R.S. College of Engineering and Technology, Arasur & Post, Ulundurpet Taluk, Villupuram District-607107.",MECHANICAL ENGINEERING,117.5,,,,89.0,,
1422,"SRM Valliammai Engineering College (Autonomous), S.R.M. Nagar, Kattankulathur, Chengalpattu, Kancheepuram, Chennai-603203.",Artificial Intelligence and Data Science,183.5,179.0,178.0,176.5,158.0,169.5,
1422,"SRM Valliammai Engineering College (Autonomous), S.R.M. Nagar, Kattankulathur, Chengalpattu, Kancheepuram, Chennai-603203.",AGRICULTURAL ENGINEERING,146.0,119.0,105.0,119.5,,,
1422,"SRM Valliammai Engineering College (Autonomous), S.R.M. Nagar, Kattankulathur, Chengalpattu, Kancheepuram, Chennai-603203.",CIVIL ENGINEERING,163.0,154.5,160.5,153.5,140.5,,123.5
1422,"SRM Valliammai Engineering College (Autonomous), S.R.M. Nagar, Kattankulathur, Chengalpattu, Kancheepuram, Chennai-603203.",COMPUTER SCIENCE AND ENGINEERING,184.5,178.5,178.0,178.0,161.5,141.5,144.0
1422,"SRM Valliammai Engineering College (Autonomous), S.R.M. Nagar, Kattankulathur, Chengalpattu, Kancheepuram, Chennai-603203.",Cyber Security,180.5,176.0,173.5,174.0,157.0,117.0,
1422,"SRM Valliammai Engineering College (Autonomous), S.R.M. Nagar, Kattankulathur, Chengalpattu, Kancheepuram, Chennai-603203.",ELECTRONICS AND COMMUNICATION ENGINEERING,179.5,175.0,173.5,174.5,155.0,119.0,126.5
1422,"SRM Valliammai Engineering College (Autonomous), S.R.M. Nagar, Kattankulathur, Chengalpattu, Kancheepuram, Chennai-603203.",ELECTRICAL AND ELECTRONICS ENGINEERING,174.0,169.5,171.0,167.0,139.0,,
1422,"SRM Valliammai Engineering College (Autonomous), S.R.M. Nagar, Kattankulathur, Chengalpattu, Kancheepuram, Chennai-603203.",ELECTRONICS AND INSTRUMENTATION ENGINEERING,168.5,165.0,160.0,159.5,135.5,,
1422,"SRM Valliammai Engineering College (Autonomous), S.R.M. Nagar, Kattankulathur, Chengalpattu, Kancheepuram, Chennai-603203.",INFORMATION TECHNOLOGY,180.5,176.5,175.0,174.5,158.5,108.5,
1422,"SRM Valliammai Engineering College (Autonomous), S.R.M. Nagar, Kattankulathur, Chengalpattu, Kancheepuram, Chennai-603203.",MEDICAL ELECTRONICS ENGINEERING,159.5,141.5,140.0,135.5,119.5,,
1422,"SRM Valliammai Engineering College (Autonomous), S.R.M. Nagar, Kattankulathur, Chengalpattu, Kancheepuram, Chennai-603203.",MECHANICAL ENGINEERING,167.5,162.5,162.0,157.0,144.0,,
1423,"Asan Memorial College of Engineering and Technology, Asan Nagar, 9th kilometer, Chengalpattu - Mahabalipuram Highway, Post Box No.6, Chengalpattu-603001.",Artificial Intelligence and Data Science,148.5,,109.5,88.0,138.5,,
1423,"Asan Memorial College of Engineering and Technology, Asan Nagar, 9th kilometer, Chengalpattu - Mahabalipuram Highway, Post Box No.6, Chengalpattu-603001.",COMPUTER SCIENCE AND ENGINEERING,144.0,,,109.0,88.5,,
1423,"Asan Memorial College of Engineering and Technology, Asan Nagar, 9th kilometer, Chengalpattu - Mahabalipuram Highway, Post Box No.6, Chengalpattu-603001.",ELECTRONICS AND COMMUNICATION ENGINEERING,130.0,,,117.5,,,
1423,"Asan Memorial College of Engineering and Technology, Asan Nagar, 9th kilometer, Chengalpattu - Mahabalipuram Highway, Post Box No.6, Chengalpattu-603001.",INFORMATION TECHNOLOGY,127.0,,,89.5,94.5,,123.5
1423,"Asan Memorial College of Engineering and Technology, Asan Nagar, 9th kilometer, Chengalpattu - Mahabalipuram Highway, Post Box No.6, Chengalpattu-603001.",MECHANICAL ENGINEERING,127.5,,,,108.0,,
1423,"Asan Memorial College of Engineering and Technology, Asan Nagar, 9th kilometer, Chengalpattu - Mahabalipuram Highway, Post Box No.6, Chengalpattu-603001.",Computer Science and Engineering (Cyber Security),113.0,,,,,,
1424,"Dhaanish Ahmed College of Engineering, Dhaanish Nagar, Vanchuvancherry, Padappai(Near Tambaram), Sriperumbudur Taluk, Kancheepuram District-601301.",Artificial Intelligence and Data Science,184.0,153.0,166.0,144.5,109.5,,
1424,"Dhaanish Ahmed College of Engineering, Dhaanish Nagar, Vanchuvancherry, Padappai(Near Tambaram), Sriperumbudur Taluk, Kancheepuram District-601301.",COMPUTER SCIENCE AND BUSSINESS SYSTEM,179.5,155.5,167.5,149.0,138.0,,
1424,"Dhaanish Ahmed College of Engineering, Dhaanish Nagar, Vanchuvancherry, Padappai(Near Tambaram), Sriperumbudur Taluk, Kancheepuram District-601301.",COMPUTER SCIENCE AND ENGINEERING,182.5,160.0,176.5,154.0,,,
1424,"Dhaanish Ahmed College of Engineering, Dhaanish Nagar, Vanchuvancherry, Padappai(Near Tambaram), Sriperumbudur Taluk, Kancheepuram District-601301.",ELECTRONICS AND COMMUNICATION ENGINEERING,182.0,162.5,181.5,159.0,,,
1424,"Dhaanish Ahmed College of Engineering, Dhaanish Nagar, Vanchuvancherry, Padappai(Near Tambaram), Sriperumbudur Taluk, Kancheepuram District-601301.",ELECTRICAL AND ELECTRONICS ENGINEERING,164.5,148.0,,125.0,,,
1424,"Dhaanish Ahmed College of Engineering, Dhaanish Nagar, Vanchuvancherry, Padappai(Near Tambaram), Sriperumbudur Taluk, Kancheepuram District-601301.",PETROLEUM ENGINEERING,144.0,,149.5,111.0,,,
1424,"Dhaanish Ahmed College of Engineering, Dhaanish Nagar, Vanchuvancherry, Padappai(Near Tambaram), Sriperumbudur Taluk, Kancheepuram District-601301.",ROBOTICS AND AUTOMATION,153.0,145.5,149.0,,,,
1426,"Sri Ramanujar Engineering College, Vandalur, Kolapakkam, Kanchipuram, Chennai-600127.",Artificial Intelligence and Data Science,144.5,93.5,,127.5,,,
1426,"Sri Ramanujar Engineering College, Vandalur, Kolapakkam, Kanchipuram, Chennai-600127.",COMPUTER SCIENCE AND BUSSINESS SYSTEM,112.0,,104.0,,,,
1426,"Sri Ramanujar Engineering College, Vandalur, Kolapakkam, Kanchipuram, Chennai-600127.",COMPUTER SCIENCE AND ENGINEERING,140.5,,,,,,
1426,"Sri Ramanujar Engineering College, Vandalur, Kolapakkam, Kanchipuram, Chennai-600127.",ELECTRONICS AND COMMUNICATION ENGINEERING,134.5,,,,,,
1426,"Sri Ramanujar Engineering College, Vandalur, Kolapakkam, Kanchipuram, Chennai-600127.",ELECTRICAL AND ELECTRONICS ENGINEERING,109.5,,,,,,
1426,"Sri Ramanujar Engineering College, Vandalur, Kolapakkam, Kanchipuram, Chennai-600127.",INFORMATION TECHNOLOGY,124.0,,,,,110.5,
1426,"Sri Ramanujar Engineering College, Vandalur, Kolapakkam, Kanchipuram, Chennai-600127.",MECHANICAL ENGINEERING,,,,,,,
1427,"Sri Krishna Engineering College, Panapakkam Near Padappai Via Tambaram, Kanchipuram, Chennai-601301.",Artificial Intelligence and Data Science,147.0,,,,129.5,,
1427,"Sri Krishna Engineering College, Panapakkam Near Padappai Via Tambaram, Kanchipuram, Chennai-601301.",COMPUTER SCIENCE AND ENGINEERING,133.5,,,,,,
1427,"Sri Krishna Engineering College, Panapakkam Near Padappai Via Tambaram, Kanchipuram, Chennai-601301.",ELECTRONICS AND COMMUNICATION ENGINEERING,,,,,,,
1427,"Sri Krishna Engineering College, Panapakkam Near Padappai Via Tambaram, Kanchipuram, Chennai-601301.",ELECTRICAL AND ELECTRONICS ENGINEERING,,,,,,,
1427,"Sri Krishna Engineering College, Panapakkam Near Padappai Via Tambaram, Kanchipuram, Chennai-601301.",FASHION TECHNOLOGY,,,,,,,
1427,"Sri Krishna Engineering College, Panapakkam Near Padappai Via Tambaram, Kanchipuram, Chennai-601301.",INFORMATION TECHNOLOGY,145.0,,,,107.0,,
1428,"E.S.College of Engineering and Technology, Chennai Trunk Road, Ayyankoilpattu, Villupuram-605602.",Artificial Intelligence and Data Science,100.0,,,,,,
1428,"E.S.College of Engineering and Technology, Chennai Trunk Road, Ayyankoilpattu, Villupuram-605602.",COMPUTER SCIENCE AND ENGINEERING,118.0,,,,,,
1428,"E.S.College of Engineering and Technology, Chennai Trunk Road, Ayyankoilpattu, Villupuram-605602.",ELECTRONICS AND COMMUNICATION ENGINEERING,,,,,,,
1428,"E.S.College of Engineering and Technology, Chennai Trunk Road, Ayyankoilpattu, Villupuram-605602.",INFORMATION TECHNOLOGY,,,,,,,
1430,"Maha Barathi Engineering College, A. Vasudevanur (post), Chinnasalem, Kallakurichi (Taluk), Villupuram-606201.",Artificial Intelligence and Data Science,142.0,,112.5,,127.0,,
1430,"Maha Barathi Engineering College, A. Vasudevanur (post), Chinnasalem, Kallakurichi (Taluk), Villupuram-606201.",CIVIL ENGINEERING,,,,,,,
1430,"Maha Barathi Engineering College, A. Vasudevanur (post), Chinnasalem, Kallakurichi (Taluk), Villupuram-606201.",COMPUTER SCIENCE AND ENGINEERING,126.5,,,,109.5,,86.0
1430,"Maha Barathi Engineering College, A. Vasudevanur (post), Chinnasalem, Kallakurichi (Taluk), Villupuram-606201.",ELECTRONICS AND COMMUNICATION ENGINEERING,117.0,,,,99.5,94.5,
1430,"Maha Barathi Engineering College, A. Vasudevanur (post), Chinnasalem, Kallakurichi (Taluk), Villupuram-606201.",ELECTRICAL AND ELECTRONICS ENGINEERING,96.0,,,,,,
1430,"Maha Barathi Engineering College, A. Vasudevanur (post), Chinnasalem, Kallakurichi (Taluk), Villupuram-606201.",MECHANICAL ENGINEERING,,,,,,,
1431,"New Prince Shri Bhavani College of Engineering and Technology (Autonomous), Vengaivasal Main Road, Gowrivakkam, Chennai-600073.",Artificial Intelligence and Data Science,150.5,131.5,129.0,130.5,121.0,,
1431,"New Prince Shri Bhavani College of Engineering and Technology (Autonomous), Vengaivasal Main Road, Gowrivakkam, Chennai-600073.",COMPUTER SCIENCE AND ENGINEERING,151.0,125.0,136.0,130.0,118.0,,
1431,"New Prince Shri Bhavani College of Engineering and Technology (Autonomous), Vengaivasal Main Road, Gowrivakkam, Chennai-600073.",ELECTRONICS AND COMMUNICATION ENGINEERING,153.0,123.0,145.0,140.5,117.5,,
1431,"New Prince Shri Bhavani College of Engineering and Technology (Autonomous), Vengaivasal Main Road, Gowrivakkam, Chennai-600073.",ELECTRICAL AND ELECTRONICS ENGINEERING,131.0,119.0,129.0,123.5,113.5,,
1431,"New Prince Shri Bhavani College of Engineering and Technology (Autonomous), Vengaivasal Main Road, Gowrivakkam, Chennai-600073.",INFORMATION TECHNOLOGY,146.5,123.5,134.5,129.5,117.5,,131.0
1431,"New Prince Shri Bhavani College of Engineering and Technology (Autonomous), Vengaivasal Main Road, Gowrivakkam, Chennai-600073.",MECHANICAL ENGINEERING,120.0,113.5,98.5,109.0,106.5,,
1431,"New Prince Shri Bhavani College of Engineering and Technology (Autonomous), Vengaivasal Main Road, Gowrivakkam, Chennai-600073.",Computer Science and Engineering (Cyber Security),145.0,123.0,124.5,129.0,116.0,,
1432,"Rajalakshmi Institute of Technology (Autonomous), Bangalore Highway Road, Kuthambakkam, Chennai-600124.",Artificial Intelligence and Data Science,189.0,185.0,183.5,183.5,166.5,119.5,143.0
1432,"Rajalakshmi Institute of Technology (Autonomous), Bangalore Highway Road, Kuthambakkam, Chennai-600124.",COMPUTER SCIENCE AND ENGINEERING (AI AND MACHINE LEARNING),189.5,185.5,185.5,183.5,163.0,140.0,154.0
1432,"Rajalakshmi Institute of Technology (Autonomous), Bangalore Highway Road, Kuthambakkam, Chennai-600124.",BIO TECHNOLOGY,184.0,173.0,,169.5,160.0,141.5,
1432,"Rajalakshmi Institute of Technology (Autonomous), Bangalore Highway Road, Kuthambakkam, Chennai-600124.",COMPUTER SCIENCE AND BUSSINESS SYSTEM,187.0,183.5,185.0,183.0,157.5,118.5,146.5
1432,"Rajalakshmi Institute of Technology (Autonomous), Bangalore Highway Road, Kuthambakkam, Chennai-600124.",COMPUTER AND COMMUNICATION ENGINEERING,186.5,184.0,183.5,182.5,158.0,117.5,
1432,"Rajalakshmi Institute of Technology (Autonomous), Bangalore Highway Road, Kuthambakkam, Chennai-600124.",COMPUTER SCIENCE AND ENGINEERING,191.0,187.0,184.0,185.0,169.0,114.5,160.0
1432,"Rajalakshmi Institute of Technology (Autonomous), Bangalore Highway Road, Kuthambakkam, Chennai-600124.",ELECTRONICS AND COMMUNICATION ENGINEERING,190.0,185.5,185.0,184.0,160.5,139.0,
1432,"Rajalakshmi Institute of Technology (Autonomous), Bangalore Highway Road, Kuthambakkam, Chennai-600124.",Electronics Engineering (VLSI Design and Technology),185.0,183.0,182.5,180.5,157.0,126.5,131.0
1432,"Rajalakshmi Institute of Technology (Autonomous), Bangalore Highway Road, Kuthambakkam, Chennai-600124.",MECHANICAL ENGINEERING,180.5,175.0,177.0,170.5,147.5,,115.0
1434,"Surya Group of Institutions, NH-45, GST Road, Vikiravandi, Villupuram-605652.",Artificial Intelligence and Data Science,137.5,,137.0,127.0,115.0,,
1434,"Surya Group of Institutions, NH-45, GST Road, Vikiravandi, Villupuram-605652.",AERONAUTICAL ENGINEERING,,,,,,,
1434,"Surya Group of Institutions, NH-45, GST Road, Vikiravandi, Villupuram-605652.",AGRICULTURAL ENGINEERING,,,,,,,
1434,"Surya Group of Institutions, NH-45, GST Road, Vikiravandi, Villupuram-605652.",AUTOMOBILE ENGINEERING,,,,,,,
1434,"Surya Group of Institutions, NH-45, GST Road, Vikiravandi, Villupuram-605652.",CIVIL ENGINEERING,,,,,,,
1434,"Surya Group of Institutions, NH-45, GST Road, Vikiravandi, Villupuram-605652.",COMPUTER SCIENCE AND ENGINEERING,147.5,,115.0,125.0,129.0,,
1434,"Surya Group of Institutions, NH-45, GST Road, Vikiravandi, Villupuram-605652.",ELECTRONICS AND COMMUNICATION ENGINEERING,108.0,,,,,,
1434,"Surya Group of Institutions, NH-45, GST Road, Vikiravandi, Villupuram-605652.",ELECTRICAL AND ELECTRONICS ENGINEERING,,,,,,,
1434,"Surya Group of Institutions, NH-45, GST Road, Vikiravandi, Villupuram-605652.",MECHANICAL ENGINEERING,,,,,,,
1434,"Surya Group of Institutions, NH-45, GST Road, Vikiravandi, Villupuram-605652.",Computer Science and Engineering (Cyber Security),132.5,,122.5,117.0,114.5,94.0,
1436,"A.R.Engineering College, Vadakuchipalayam, Kappiyampuliyur post, Villupuram-605601.",Artificial Intelligence and Data Science,,,,,,,
1436,"A.R.Engineering College, Vadakuchipalayam, Kappiyampuliyur post, Villupuram-605601.",CIVIL ENGINEERING,,,,,,,
1436,"A.R.Engineering College, Vadakuchipalayam, Kappiyampuliyur post, Villupuram-605601.",COMPUTER SCIENCE AND ENGINEERING,,,,,,,
1436,"A.R.Engineering College, Vadakuchipalayam, Kappiyampuliyur post, Villupuram-605601.",ELECTRONICS AND COMMUNICATION ENGINEERING,,,,,,,
1436,"A.R.Engineering College, Vadakuchipalayam, Kappiyampuliyur post, Villupuram-605601.",ELECTRICAL AND ELECTRONICS ENGINEERING,,,,,,,
1436,"A.R.Engineering College, Vadakuchipalayam, Kappiyampuliyur post, Villupuram-605601.",MECHANICAL ENGINEERING,,,,,,,
1437,"Rrase College of Engineering, Vanjuvancherry, Padappai, Sriperumbadur, Kancheepuram -601301.",Artificial Intelligence and Data Science,125.0,,,,,,116.0
1437,"Rrase College of Engineering, Vanjuvancherry, Padappai, Sriperumbadur, Kancheepuram -601301.",CIVIL ENGINEERING,,,,,,,
1437,"Rrase College of Engineering, Vanjuvancherry, Padappai, Sriperumbadur, Kancheepuram -601301.",COMPUTER SCIENCE AND ENGINEERING,143.5,,130.5,,103.5,130.0,
1437,"Rrase College of Engineering, Vanjuvancherry, Padappai, Sriperumbadur, Kancheepuram -601301.",ELECTRONICS AND COMMUNICATION ENGINEERING,108.0,,,,,,
1437,"Rrase College of Engineering, Vanjuvancherry, Padappai, Sriperumbadur, Kancheepuram -601301.",ELECTRICAL AND ELECTRONICS ENGINEERING,,,,,,,
1437,"Rrase College of Engineering, Vanjuvancherry, Padappai, Sriperumbadur, Kancheepuram -601301.",INFORMATION TECHNOLOGY,123.5,,,,,,
1437,"Rrase College of Engineering, Vanjuvancherry, Padappai, Sriperumbadur, Kancheepuram -601301.",MECHANICAL ENGINEERING,,,,,,,
1437,"Rrase College of Engineering, Vanjuvancherry, Padappai, Sriperumbadur, Kancheepuram -601301.",Computer Science and Engineering (Cyber Security),128.5,,123.0,,,,
1438,"Sree Krishna College of Engineering, Anaicut Post, Unnai Village, Vellore-632101.",CIVIL ENGINEERING,,,,,,,
1438,"Sree Krishna College of Engineering, Anaicut Post, Unnai Village, Vellore-632101.",COMPUTER SCIENCE AND ENGINEERING,102.5,,,,,,
1438,"Sree Krishna College of Engineering, Anaicut Post, Unnai Village, Vellore-632101.",ELECTRONICS AND COMMUNICATION ENGINEERING,,,,,,,
1438,"Sree Krishna College of Engineering, Anaicut Post, Unnai Village, Vellore-632101.",ELECTRICAL AND ELECTRONICS ENGINEERING,,,,,,,
1438,"Sree Krishna College of Engineering, Anaicut Post, Unnai Village, Vellore-632101.",MECHANICAL ENGINEERING,,,,,,,
1441,"A.K.T.Memorial College of Engineering and Technology, Neelamangalam( Post ), Kallakurichi Taluk, Villupuram District-606202.",Artificial Intelligence and Data Science,124.5,,100.5,,96.5,,90.5
1441,"A.K.T.Memorial College of Engineering and Technology, Neelamangalam( Post ), Kallakurichi Taluk, Villupuram District-606202.",CIVIL ENGINEERING,111.5,,,,,,
1441,"A.K.T.Memorial College of Engineering and Technology, Neelamangalam( Post ), Kallakurichi Taluk, Villupuram District-606202.",COMPUTER SCIENCE AND ENGINEERING,131.0,,,102.0,109.0,,
1441,"A.K.T.Memorial College of Engineering and Technology, Neelamangalam( Post ), Kallakurichi Taluk, Villupuram District-606202.",ELECTRONICS AND COMMUNICATION ENGINEERING,118.0,,,89.0,91.0,,
1441,"A.K.T.Memorial College of Engineering and Technology, Neelamangalam( Post ), Kallakurichi Taluk, Villupuram District-606202.",ELECTRICAL AND ELECTRONICS ENGINEERING,89.0,,,,,,
1441,"A.K.T.Memorial College of Engineering and Technology, Neelamangalam( Post ), Kallakurichi Taluk, Villupuram District-606202.",INFORMATION TECHNOLOGY,122.0,,119.5,,91.5,111.0,
1441,"A.K.T.Memorial College of Engineering and Technology, Neelamangalam( Post ), Kallakurichi Taluk, Villupuram District-606202.",MECHANICAL ENGINEERING,83.0,,,,,,
1442,"Prince Dr. K. Vasudevan College of Engineering and Technology (Autonomous), Medavakkam-Mambakkam Road, Ponmar, Chennai-600127.",Artificial Intelligence and Data Science,192.5,191.0,178.5,190.0,120.0,147.0,
1442,"Prince Dr. K. Vasudevan College of Engineering and Technology (Autonomous), Medavakkam-Mambakkam Road, Ponmar, Chennai-600127.",COMPUTER SCIENCE AND ENGINEERING,182.5,166.5,160.5,164.0,118.0,,
1442,"Prince Dr. K. Vasudevan College of Engineering and Technology (Autonomous), Medavakkam-Mambakkam Road, Ponmar, Chennai-600127.",Computer Science and Engineering (Cyber Security),185.0,165.5,158.5,158.0,115.0,,120.0
1444,"R.M.Engineering College (formerly Chendu College of Engineering and Technology), Zamin Endathur Village, Madurantakam, Kanchipuram-603311.",Artificial Intelligence and Data Science,,,,,,,
1444,"R.M.Engineering College (formerly Chendu College of Engineering and Technology), Zamin Endathur Village, Madurantakam, Kanchipuram-603311.",CIVIL ENGINEERING,,,,,,,
1444,"R.M.Engineering College (formerly Chendu College of Engineering and Technology), Zamin Endathur Village, Madurantakam, Kanchipuram-603311.",COMPUTER SCIENCE AND ENGINEERING,,,,,,,
1444,"R.M.Engineering College (formerly Chendu College of Engineering and Technology), Zamin Endathur Village, Madurantakam, Kanchipuram-603311.",ELECTRONICS AND COMMUNICATION ENGINEERING,,,,,,,
1444,"R.M.Engineering College (formerly Chendu College of Engineering and Technology), Zamin Endathur Village, Madurantakam, Kanchipuram-603311.",MECHANICAL ENGINEERING,,,,,,,
1444,"R.M.Engineering College (formerly Chendu College of Engineering and Technology), Zamin Endathur Village, Madurantakam, Kanchipuram-603311.",Computer Science and Engineering (Cyber Security),,,,,,,
1445,"Sri Rangapoopathi College of Engineering, Alampoondi Village & Post, Gingee Taluk, Villupuram District-604151.",Artificial Intelligence and Data Science,131.0,,,,,,
1445,"Sri Rangapoopathi College of Engineering, Alampoondi Village & Post, Gingee Taluk, Villupuram District-604151.",CIVIL ENGINEERING,,,,,,,
1445,"Sri Rangapoopathi College of Engineering, Alampoondi Village & Post, Gingee Taluk, Villupuram District-604151.",COMPUTER SCIENCE AND ENGINEERING,138.5,,,,,,
1445,"Sri Rangapoopathi College of Engineering, Alampoondi Village & Post, Gingee Taluk, Villupuram District-604151.",ELECTRONICS AND COMMUNICATION ENGINEERING,,,,,,,
1445,"Sri Rangapoopathi College of Engineering, Alampoondi Village & Post, Gingee Taluk, Villupuram District-604151.",ELECTRICAL AND ELECTRONICS ENGINEERING,,,,,,,
1445,"Sri Rangapoopathi College of Engineering, Alampoondi Village & Post, Gingee Taluk, Villupuram District-604151.",MECHANICAL ENGINEERING,,,,,,,
1445,"Sri Rangapoopathi College of Engineering, Alampoondi Village & Post, Gingee Taluk, Villupuram District-604151.",Computer Science and Engineering (Cyber Security),,,,,,,
1449,"Saraswathy College of Engineering and Technology, NH-45 Main Road, Olakkur, Tindivanam, Villupuram-604307.",Artificial Intelligence and Data Science,131.5,,,121.0,,,
1449,"Saraswathy College of Engineering and Technology, NH-45 Main Road, Olakkur, Tindivanam, Villupuram-604307.",AGRICULTURAL ENGINEERING,,,,,,,
1449,"Saraswathy College of Engineering and Technology, NH-45 Main Road, Olakkur, Tindivanam, Villupuram-604307.",CIVIL ENGINEERING,,,,,,,
1449,"Saraswathy College of Engineering and Technology, NH-45 Main Road, Olakkur, Tindivanam, Villupuram-604307.",COMPUTER SCIENCE AND ENGINEERING,134.5,,,120.5,,,
1449,"Saraswathy College of Engineering and Technology, NH-45 Main Road, Olakkur, Tindivanam, Villupuram-604307.",ELECTRONICS AND COMMUNICATION ENGINEERING,119.5,,,107.0,,,
1449,"Saraswathy College of Engineering and Technology, NH-45 Main Road, Olakkur, Tindivanam, Villupuram-604307.",INFORMATION TECHNOLOGY,115.5,,,96.0,,,
1449,"Saraswathy College of Engineering and Technology, NH-45 Main Road, Olakkur, Tindivanam, Villupuram-604307.",MECHANICAL ENGINEERING,,,,,,,
1450,"Loyola-ICAM College of Engineering and Technology (Autonomous), Loyola College Campus, Chennai-600034.",Artificial Intelligence and Data Science,188.5,185.0,187.0,183.0,182.5,,168.0
1450,"Loyola-ICAM College of Engineering and Technology (Autonomous), Loyola College Campus, Chennai-600034.",COMPUTER SCIENCE AND ENGINEERING,193.0,188.5,188.5,186.5,179.0,165.0,152.0
1450,"Loyola-ICAM College of Engineering and Technology (Autonomous), Loyola College Campus, Chennai-600034.",ELECTRONICS AND COMMUNICATION ENGINEERING,189.0,184.5,184.5,184.5,176.5,162.5,
1450,"Loyola-ICAM College of Engineering and Technology (Autonomous), Loyola College Campus, Chennai-600034.",ELECTRICAL AND ELECTRONICS ENGINEERING,184.0,180.5,179.5,178.0,177.0,134.5,
1450,"Loyola-ICAM College of Engineering and Technology (Autonomous), Loyola College Campus, Chennai-600034.",INFORMATION TECHNOLOGY,188.5,186.0,182.5,181.5,180.0,,
1450,"Loyola-ICAM College of Engineering and Technology (Autonomous), Loyola College Campus, Chennai-600034.",MECHANICAL ENGINEERING,178.5,175.0,169.5,175.5,169.5,134.5,
1452,"PERI Institute of Technology (Autonomous), Mannivakkam,Tambaram, Kancheepuram, Chennai-600048.",Artificial Intelligence and Data Science,144.5,,122.0,102.5,,,
1452,"PERI Institute of Technology (Autonomous), Mannivakkam,Tambaram, Kancheepuram, Chennai-600048.",COMPUTER SCIENCE AND ENGINEERING (AI AND MACHINE LEARNING),130.5,,,,,,
1452,"PERI Institute of Technology (Autonomous), Mannivakkam,Tambaram, Kancheepuram, Chennai-600048.",COMPUTER SCIENCE AND ENGINEERING(ARTIFICIAL INTELLIGENCE),125.0,,110.5,,,,
1452,"PERI Institute of Technology (Autonomous), Mannivakkam,Tambaram, Kancheepuram, Chennai-600048.",COMPUTER SCIENCE AND BUSSINESS SYSTEM,,,,,,,
1452,"PERI Institute of Technology (Autonomous), Mannivakkam,Tambaram, Kancheepuram, Chennai-600048.",COMPUTER SCIENCE AND DESIGN,,,,,,,
1452,"PERI Institute of Technology (Autonomous), Mannivakkam,Tambaram, Kancheepuram, Chennai-600048.",CIVIL ENGINEERING,,,,,,,
1452,"PERI Institute of Technology (Autonomous), Mannivakkam,Tambaram, Kancheepuram, Chennai-600048.",COMPUTER SCIENCE AND ENGINEERING (DATA SCIENCE),108.0,,92.5,,,,
1452,"PERI Institute of Technology (Autonomous), Mannivakkam,Tambaram, Kancheepuram, Chennai-600048.",COMPUTER SCIENCE AND ENGINEERING,139.5,,,,,,
1452,"PERI Institute of Technology (Autonomous), Mannivakkam,Tambaram, Kancheepuram, Chennai-600048.",ELECTRONICS AND COMMUNICATION ENGINEERING,141.5,,126.5,108.5,,,
1452,"PERI Institute of Technology (Autonomous), Mannivakkam,Tambaram, Kancheepuram, Chennai-600048.",ELECTRICAL AND ELECTRONICS ENGINEERING,114.5,,,,,,
1452,"PERI Institute of Technology (Autonomous), Mannivakkam,Tambaram, Kancheepuram, Chennai-600048.",INFORMATION TECHNOLOGY,130.0,,92.5,,,,
1452,"PERI Institute of Technology (Autonomous), Mannivakkam,Tambaram, Kancheepuram, Chennai-600048.",MECHANICAL ENGINEERING,115.0,,,,,,
1452,"PERI Institute of Technology (Autonomous), Mannivakkam,Tambaram, Kancheepuram, Chennai-600048.",ROBOTICS AND ARTIFICIAL INTELLIGENCE,,,,,,,
1452,"PERI Institute of Technology (Autonomous), Mannivakkam,Tambaram, Kancheepuram, Chennai-600048.",Computer Science and Engineering (Cyber Security),136.5,,,,,,
1501,"Adhiparasakthi College of Engineering, G.B.Nagar, Kalavai, Arcot Taluk, Vellore District-632506.",Artificial Intelligence and Data Science,143.5,136.0,128.5,138.0,117.5,,
1501,"Adhiparasakthi College of Engineering, G.B.Nagar, Kalavai, Arcot Taluk, Vellore District-632506.",CIVIL ENGINEERING,94.5,,,,,,
1501,"Adhiparasakthi College of Engineering, G.B.Nagar, Kalavai, Arcot Taluk, Vellore District-632506.",COMPUTER SCIENCE AND ENGINEERING,155.5,133.0,,138.5,114.5,,
1501,"Adhiparasakthi College of Engineering, G.B.Nagar, Kalavai, Arcot Taluk, Vellore District-632506.",ELECTRONICS AND COMMUNICATION ENGINEERING,145.0,131.0,,136.5,,,
1501,"Adhiparasakthi College of Engineering, G.B.Nagar, Kalavai, Arcot Taluk, Vellore District-632506.",ELECTRICAL AND ELECTRONICS ENGINEERING,129.5,108.0,,122.5,,,
1501,"Adhiparasakthi College of Engineering, G.B.Nagar, Kalavai, Arcot Taluk, Vellore District-632506.",INFORMATION TECHNOLOGY,151.5,136.0,,139.0,124.0,,
1501,"Adhiparasakthi College of Engineering, G.B.Nagar, Kalavai, Arcot Taluk, Vellore District-632506.",MECHANICAL ENGINEERING,122.5,96.0,,103.0,,,
1501,"Adhiparasakthi College of Engineering, G.B.Nagar, Kalavai, Arcot Taluk, Vellore District-632506.",Computer Science and Engineering (Cyber Security),143.5,129.5,,138.5,,,
1503,"Arulmigu Meenakshi Amman College of Engineering, Vadamavandal Village, Namandi Post,(Near Kanchipuram),Tiruvanamalai-604410.",Artificial Intelligence and Data Science,90.0,,,,,,
1503,"Arulmigu Meenakshi Amman College of Engineering, Vadamavandal Village, Namandi Post,(Near Kanchipuram),Tiruvanamalai-604410.",CIVIL ENGINEERING,,,,,,,
1503,"Arulmigu Meenakshi Amman College of Engineering, Vadamavandal Village, Namandi Post,(Near Kanchipuram),Tiruvanamalai-604410.",COMPUTER SCIENCE AND ENGINEERING,95.0,,,,,,
1503,"Arulmigu Meenakshi Amman College of Engineering, Vadamavandal Village, Namandi Post,(Near Kanchipuram),Tiruvanamalai-604410.",ELECTRONICS AND COMMUNICATION ENGINEERING,,,,,,,
1503,"Arulmigu Meenakshi Amman College of Engineering, Vadamavandal Village, Namandi Post,(Near Kanchipuram),Tiruvanamalai-604410.",ELECTRICAL AND ELECTRONICS ENGINEERING,,,,,,,
1503,"Arulmigu Meenakshi Amman College of Engineering, Vadamavandal Village, Namandi Post,(Near Kanchipuram),Tiruvanamalai-604410.",INFORMATION TECHNOLOGY,,,,,,,
1503,"Arulmigu Meenakshi Amman College of Engineering, Vadamavandal Village, Namandi Post,(Near Kanchipuram),Tiruvanamalai-604410.",MECHANICAL ENGINEERING,,,,,,,
1504,"Arunai Engineering College (Autonomous), Chittor-Cuddalore Raod, Mathur, Tiruvannamalai-606603.",Artificial Intelligence and Data Science,166.0,134.5,142.0,142.0,113.5,,115.0
1504,"Arunai Engineering College (Autonomous), Chittor-Cuddalore Raod, Mathur, Tiruvannamalai-606603.",AGRICULTURAL ENGINEERING,,,,,,,
1504,"Arunai Engineering College (Autonomous), Chittor-Cuddalore Raod, Mathur, Tiruvannamalai-606603.",COMPUTER SCIENCE AND ENGINEERING (AI AND MACHINE LEARNING),152.0,136.0,151.5,144.5,,,
1504,"Arunai Engineering College (Autonomous), Chittor-Cuddalore Raod, Mathur, Tiruvannamalai-606603.",BIO TECHNOLOGY,134.5,,134.5,124.0,,,
1504,"Arunai Engineering College (Autonomous), Chittor-Cuddalore Raod, Mathur, Tiruvannamalai-606603.",CIVIL ENGINEERING,133.0,110.0,128.5,113.0,127.5,,
1504,"Arunai Engineering College (Autonomous), Chittor-Cuddalore Raod, Mathur, Tiruvannamalai-606603.",CHEMICAL ENGINEERING,120.0,,,,,,
1504,"Arunai Engineering College (Autonomous), Chittor-Cuddalore Raod, Mathur, Tiruvannamalai-606603.",COMPUTER SCIENCE AND ENGINEERING,161.0,132.5,144.0,141.5,,,
1504,"Arunai Engineering College (Autonomous), Chittor-Cuddalore Raod, Mathur, Tiruvannamalai-606603.",ELECTRONICS AND COMMUNICATION ENGINEERING,157.0,133.0,149.5,142.0,,,
1504,"Arunai Engineering College (Autonomous), Chittor-Cuddalore Raod, Mathur, Tiruvannamalai-606603.",ELECTRICAL AND ELECTRONICS ENGINEERING,140.5,121.0,110.5,134.5,106.0,,
1504,"Arunai Engineering College (Autonomous), Chittor-Cuddalore Raod, Mathur, Tiruvannamalai-606603.",INFORMATION TECHNOLOGY,154.0,134.0,138.5,142.5,,,94.5
1504,"Arunai Engineering College (Autonomous), Chittor-Cuddalore Raod, Mathur, Tiruvannamalai-606603.",MECHANICAL ENGINEERING,131.5,,,118.0,,,
1504,"Arunai Engineering College (Autonomous), Chittor-Cuddalore Raod, Mathur, Tiruvannamalai-606603.",Computer Science and Engineering (Cyber Security),150.0,139.5,173.0,143.0,,,
1505,"C.Abdul Hakeem College of Engineering and Technology, Hakeem Nagar, Melvisharam, Vellore -632509.",Artificial Intelligence and Data Science,171.5,150.0,159.5,158.0,127.0,102.5,
1505,"C.Abdul Hakeem College of Engineering and Technology, Hakeem Nagar, Melvisharam, Vellore -632509.",COMPUTER SCIENCE AND ENGINEERING (AI AND MACHINE LEARNING),161.5,138.0,157.5,140.0,125.5,,
1505,"C.Abdul Hakeem College of Engineering and Technology, Hakeem Nagar, Melvisharam, Vellore -632509.",COMPUTER SCIENCE AND ENGINEERING,163.0,142.5,158.0,141.5,102.0,113.5,
1505,"C.Abdul Hakeem College of Engineering and Technology, Hakeem Nagar, Melvisharam, Vellore -632509.",ELECTRONICS AND COMMUNICATION ENGINEERING,161.5,142.5,156.5,142.0,,,
1505,"C.Abdul Hakeem College of Engineering and Technology, Hakeem Nagar, Melvisharam, Vellore -632509.",ELECTRICAL AND ELECTRONICS ENGINEERING,146.0,125.5,135.0,133.5,102.5,,
1505,"C.Abdul Hakeem College of Engineering and Technology, Hakeem Nagar, Melvisharam, Vellore -632509.",INFORMATION TECHNOLOGY,157.0,135.5,156.0,142.5,,,
1505,"C.Abdul Hakeem College of Engineering and Technology, Hakeem Nagar, Melvisharam, Vellore -632509.",MECHANICAL ENGINEERING,124.0,,117.0,,,,
1507,"Ganadipathy Tulsi's Jain Engineering College, Chittoor-Cuddalore Road, Kaniyambadi, Vellore-632102.",Artificial Intelligence and Data Science,148.0,129.5,109.0,135.0,123.0,105.5,
1507,"Ganadipathy Tulsi's Jain Engineering College, Chittoor-Cuddalore Road, Kaniyambadi, Vellore-632102.",COMPUTER SCIENCE AND BUSSINESS SYSTEM,130.0,119.0,98.5,126.0,,,
1507,"Ganadipathy Tulsi's Jain Engineering College, Chittoor-Cuddalore Road, Kaniyambadi, Vellore-632102.",COMPUTER SCIENCE AND ENGINEERING,144.0,125.0,133.0,134.5,111.0,,
1507,"Ganadipathy Tulsi's Jain Engineering College, Chittoor-Cuddalore Road, Kaniyambadi, Vellore-632102.",ELECTRONICS AND COMMUNICATION ENGINEERING,139.5,129.0,114.0,133.5,86.5,,
1507,"Ganadipathy Tulsi's Jain Engineering College, Chittoor-Cuddalore Road, Kaniyambadi, Vellore-632102.",ELECTRICAL AND ELECTRONICS ENGINEERING,124.5,112.0,94.0,114.5,,,
1507,"Ganadipathy Tulsi's Jain Engineering College, Chittoor-Cuddalore Road, Kaniyambadi, Vellore-632102.",INFORMATION TECHNOLOGY,144.5,129.0,126.5,133.0,96.5,106.0,
1507,"Ganadipathy Tulsi's Jain Engineering College, Chittoor-Cuddalore Road, Kaniyambadi, Vellore-632102.",MECHANICAL ENGINEERING,111.0,,90.0,105.5,,,
1507,"Ganadipathy Tulsi's Jain Engineering College, Chittoor-Cuddalore Road, Kaniyambadi, Vellore-632102.",Computer Science and Engineering (Cyber Security),132.5,122.0,121.0,127.5,97.5,119.0,
1509,"Meenakshi College of Engineering, 12,Vembuli Amman Koil Street, West K K Nagar, Chennai-600078.",Artificial Intelligence and Data Science,169.5,160.5,161.5,152.0,139.5,,
1509,"Meenakshi College of Engineering, 12,Vembuli Amman Koil Street, West K K Nagar, Chennai-600078.",COMPUTER SCIENCE AND ENGINEERING (AI AND MACHINE LEARNING),163.5,148.5,155.0,143.5,134.5,,
1509,"Meenakshi College of Engineering, 12,Vembuli Amman Koil Street, West K K Nagar, Chennai-600078.",COMPUTER SCIENCE AND BUSSINESS SYSTEM,153.5,143.5,145.0,142.5,134.5,,
1509,"Meenakshi College of Engineering, 12,Vembuli Amman Koil Street, West K K Nagar, Chennai-600078.",CIVIL ENGINEERING,135.5,,123.0,115.0,,,
1509,"Meenakshi College of Engineering, 12,Vembuli Amman Koil Street, West K K Nagar, Chennai-600078.",COMPUTER SCIENCE AND ENGINEERING,167.0,153.0,162.0,152.5,144.0,106.5,
1509,"Meenakshi College of Engineering, 12,Vembuli Amman Koil Street, West K K Nagar, Chennai-600078.",ELECTRONICS AND COMMUNICATION ENGINEERING,154.5,144.0,144.5,143.5,135.0,103.0,
1509,"Meenakshi College of Engineering, 12,Vembuli Amman Koil Street, West K K Nagar, Chennai-600078.",ELECTRICAL AND ELECTRONICS ENGINEERING,143.0,133.0,131.5,136.0,128.5,,
1509,"Meenakshi College of Engineering, 12,Vembuli Amman Koil Street, West K K Nagar, Chennai-600078.",ELECTRONICS AND INSTRUMENTATION ENGINEERING,143.0,123.0,139.0,129.5,123.5,,
1509,"Meenakshi College of Engineering, 12,Vembuli Amman Koil Street, West K K Nagar, Chennai-600078.",INFORMATION TECHNOLOGY,160.5,145.5,152.5,146.0,138.0,,116.5
1509,"Meenakshi College of Engineering, 12,Vembuli Amman Koil Street, West K K Nagar, Chennai-600078.",MECHANICAL ENGINEERING,138.0,111.5,,121.0,108.5,,
1510,"Priyadarshini Engineering College, Chettiyappanur Village & Post, Vaniyambadi, Vellore-635751.",Artificial Intelligence and Data Science,144.5,116.0,135.5,132.5,129.5,117.0,
1510,"Priyadarshini Engineering College, Chettiyappanur Village & Post, Vaniyambadi, Vellore-635751.",CIVIL ENGINEERING,94.0,,,85.0,,,
1510,"Priyadarshini Engineering College, Chettiyappanur Village & Post, Vaniyambadi, Vellore-635751.",COMPUTER SCIENCE AND ENGINEERING,140.0,,107.5,126.5,89.0,,
1510,"Priyadarshini Engineering College, Chettiyappanur Village & Post, Vaniyambadi, Vellore-635751.",ELECTRONICS AND COMMUNICATION ENGINEERING,130.5,,105.0,118.5,100.5,,
1510,"Priyadarshini Engineering College, Chettiyappanur Village & Post, Vaniyambadi, Vellore-635751.",ELECTRICAL AND ELECTRONICS ENGINEERING,110.5,,,99.0,,,
1510,"Priyadarshini Engineering College, Chettiyappanur Village & Post, Vaniyambadi, Vellore-635751.",INFORMATION TECHNOLOGY,139.5,107.5,129.5,124.0,,,
1510,"Priyadarshini Engineering College, Chettiyappanur Village & Post, Vaniyambadi, Vellore-635751.",MECHANICAL ENGINEERING,105.0,,,96.0,,,
1511,"RANIPPETTAI ENGINEERING COLLEGE, THENKADAPPANTHANGAL, VELLORE DISTRICT 632513",CIVIL ENGINEERING,,,,,,,
1511,"RANIPPETTAI ENGINEERING COLLEGE, THENKADAPPANTHANGAL, VELLORE DISTRICT 632513",COMPUTER SCIENCE AND ENGINEERING,,,,,,,
1511,"RANIPPETTAI ENGINEERING COLLEGE, THENKADAPPANTHANGAL, VELLORE DISTRICT 632513",ELECTRONICS AND COMMUNICATION ENGINEERING,,,,,,,
1511,"RANIPPETTAI ENGINEERING COLLEGE, THENKADAPPANTHANGAL, VELLORE DISTRICT 632513",ELECTRICAL AND ELECTRONICS ENGINEERING,,,,,,,
1511,"RANIPPETTAI ENGINEERING COLLEGE, THENKADAPPANTHANGAL, VELLORE DISTRICT 632513",MECHANICAL ENGINEERING,,,,,,,
1512,"S.K.P. Engineering College, Chinnkangiyanur, Somasipadi Post, Tiruvannamalai District-606611.",Artificial Intelligence and Data Science,144.5,117.5,136.5,131.0,120.5,,
1512,"S.K.P. Engineering College, Chinnkangiyanur, Somasipadi Post, Tiruvannamalai District-606611.",COMPUTER SCIENCE AND ENGINEERING (AI AND MACHINE LEARNING),139.0,108.5,134.0,132.0,,,
1512,"S.K.P. Engineering College, Chinnkangiyanur, Somasipadi Post, Tiruvannamalai District-606611.",CIVIL ENGINEERING,,,,,,,
1512,"S.K.P. Engineering College, Chinnkangiyanur, Somasipadi Post, Tiruvannamalai District-606611.",COMPUTER SCIENCE AND ENGINEERING,152.5,132.0,134.5,135.0,125.5,,145.0
1512,"S.K.P. Engineering College, Chinnkangiyanur, Somasipadi Post, Tiruvannamalai District-606611.",ELECTRONICS AND COMMUNICATION ENGINEERING,154.5,120.5,138.5,131.0,121.0,,
1512,"S.K.P. Engineering College, Chinnkangiyanur, Somasipadi Post, Tiruvannamalai District-606611.",ELECTRICAL AND ELECTRONICS ENGINEERING,129.5,103.5,115.5,121.0,,,
1512,"S.K.P. Engineering College, Chinnkangiyanur, Somasipadi Post, Tiruvannamalai District-606611.",INFORMATION TECHNOLOGY,152.0,128.5,137.0,133.0,100.5,,
1512,"S.K.P. Engineering College, Chinnkangiyanur, Somasipadi Post, Tiruvannamalai District-606611.",MECHANICAL ENGINEERING,116.0,,,96.5,,,
1512,"S.K.P. Engineering College, Chinnkangiyanur, Somasipadi Post, Tiruvannamalai District-606611.",Computer Science and Engineering (Cyber Security),139.0,114.0,,130.5,,,
1513,"Sri Balaji Chockalingam Engineering College, Irumbedu, Arni Taluk,Tiruvannamalai District-632317.",Artificial Intelligence and Data Science,133.0,105.0,120.0,110.0,,102.0,
1513,"Sri Balaji Chockalingam Engineering College, Irumbedu, Arni Taluk,Tiruvannamalai District-632317.",COMPUTER SCIENCE AND BUSSINESS SYSTEM,106.0,,,,,,
1513,"Sri Balaji Chockalingam Engineering College, Irumbedu, Arni Taluk,Tiruvannamalai District-632317.",COMPUTER SCIENCE AND ENGINEERING,144.0,109.5,,112.5,,,
1513,"Sri Balaji Chockalingam Engineering College, Irumbedu, Arni Taluk,Tiruvannamalai District-632317.",ELECTRONICS AND COMMUNICATION ENGINEERING,123.0,,,,,,
1513,"Sri Balaji Chockalingam Engineering College, Irumbedu, Arni Taluk,Tiruvannamalai District-632317.",INFORMATION TECHNOLOGY,133.0,,,81.5,,,
1517,"Thirumalai Engineering College, Kilambi, Krishnapuram Post, Kanchipuram-631551.",Artificial Intelligence and Data Science,140.0,,,,119.0,94.5,
1517,"Thirumalai Engineering College, Kilambi, Krishnapuram Post, Kanchipuram-631551.",AGRICULTURAL ENGINEERING,,,,,,,
1517,"Thirumalai Engineering College, Kilambi, Krishnapuram Post, Kanchipuram-631551.",CIVIL ENGINEERING,,,,,,,
1517,"Thirumalai Engineering College, Kilambi, Krishnapuram Post, Kanchipuram-631551.",COMPUTER SCIENCE AND ENGINEERING,115.5,,,,,,
1517,"Thirumalai Engineering College, Kilambi, Krishnapuram Post, Kanchipuram-631551.",ELECTRONICS AND COMMUNICATION ENGINEERING,111.5,,,,,,
1517,"Thirumalai Engineering College, Kilambi, Krishnapuram Post, Kanchipuram-631551.",ELECTRICAL AND ELECTRONICS ENGINEERING,,,,,,,
1517,"Thirumalai Engineering College, Kilambi, Krishnapuram Post, Kanchipuram-631551.",INFORMATION TECHNOLOGY,134.5,111.5,126.0,,118.5,,
1517,"Thirumalai Engineering College, Kilambi, Krishnapuram Post, Kanchipuram-631551.",MECHANICAL ENGINEERING,,,,,,,
1518,"Thiruvalluvar College of Engineering and Technology, Arunachala City,Ponnur Hills, Vandavasi, Thiruvannamalai District-604505.",COMPUTER SCIENCE AND ENGINEERING (AI AND MACHINE LEARNING),115.0,,,,103.0,,
1518,"Thiruvalluvar College of Engineering and Technology, Arunachala City,Ponnur Hills, Vandavasi, Thiruvannamalai District-604505.",CIVIL ENGINEERING,,,,,,,
1518,"Thiruvalluvar College of Engineering and Technology, Arunachala City,Ponnur Hills, Vandavasi, Thiruvannamalai District-604505.",COMPUTER SCIENCE AND ENGINEERING,119.0,,,,,,
1518,"Thiruvalluvar College of Engineering and Technology, Arunachala City,Ponnur Hills, Vandavasi, Thiruvannamalai District-604505.",ELECTRONICS AND COMMUNICATION ENGINEERING,118.5,,,88.5,,,
1518,"Thiruvalluvar College of Engineering and Technology, Arunachala City,Ponnur Hills, Vandavasi, Thiruvannamalai District-604505.",ELECTRICAL AND ELECTRONICS ENGINEERING,95.0,,,,,,
1518,"Thiruvalluvar College of Engineering and Technology, Arunachala City,Ponnur Hills, Vandavasi, Thiruvannamalai District-604505.",ELECTRONICS AND INSTRUMENTATION ENGINEERING,,,,,,,
1518,"Thiruvalluvar College of Engineering and Technology, Arunachala City,Ponnur Hills, Vandavasi, Thiruvannamalai District-604505.",INFORMATION TECHNOLOGY,124.5,,,109.0,106.5,92.0,
1518,"Thiruvalluvar College of Engineering and Technology, Arunachala City,Ponnur Hills, Vandavasi, Thiruvannamalai District-604505.",MECHANICAL ENGINEERING,,,,,,,
1519,"Bharathidasan Engineering College, K.Bandarapalli Post, Nattrampalli, Vellore District-635854.",Artificial Intelligence and Data Science,141.0,,135.5,126.5,123.5,121.0,
1519,"Bharathidasan Engineering College, K.Bandarapalli Post, Nattrampalli, Vellore District-635854.",COMPUTER SCIENCE AND ENGINEERING,125.5,,,112.5,104.5,113.0,
1519,"Bharathidasan Engineering College, K.Bandarapalli Post, Nattrampalli, Vellore District-635854.",ELECTRONICS AND COMMUNICATION ENGINEERING,116.5,,,110.0,103.5,,
1519,"Bharathidasan Engineering College, K.Bandarapalli Post, Nattrampalli, Vellore District-635854.",ELECTRICAL AND ELECTRONICS ENGINEERING,102.0,,,88.0,80.5,,
1519,"Bharathidasan Engineering College, K.Bandarapalli Post, Nattrampalli, Vellore District-635854.",INFORMATION TECHNOLOGY,134.5,,108.5,114.0,104.5,129.0,
1519,"Bharathidasan Engineering College, K.Bandarapalli Post, Nattrampalli, Vellore District-635854.",MECHANICAL ENGINEERING,,,,,,,
1520,"Kingston Engineering College, Chittoor Main Road, Chiristianpet Village, Mettukulam Panchayat, Katpadi Taluk, Vellore District-632059.",Artificial Intelligence and Data Science,172.5,159.0,143.5,151.5,116.0,,
1520,"Kingston Engineering College, Chittoor Main Road, Chiristianpet Village, Mettukulam Panchayat, Katpadi Taluk, Vellore District-632059.",COMPUTER SCIENCE AND ENGINEERING (AI AND MACHINE LEARNING),150.5,142.0,146.0,143.0,,,
1520,"Kingston Engineering College, Chittoor Main Road, Chiristianpet Village, Mettukulam Panchayat, Katpadi Taluk, Vellore District-632059.",COMPUTER SCIENCE AND BUSSINESS SYSTEM,146.5,136.5,,138.0,,,
1520,"Kingston Engineering College, Chittoor Main Road, Chiristianpet Village, Mettukulam Panchayat, Katpadi Taluk, Vellore District-632059.",COMPUTER SCIENCE AND ENGINEERING,160.5,144.0,126.0,143.5,110.0,,130.0
1520,"Kingston Engineering College, Chittoor Main Road, Chiristianpet Village, Mettukulam Panchayat, Katpadi Taluk, Vellore District-632059.",ELECTRONICS AND COMMUNICATION ENGINEERING,163.5,141.0,124.0,145.5,,158.5,
1520,"Kingston Engineering College, Chittoor Main Road, Chiristianpet Village, Mettukulam Panchayat, Katpadi Taluk, Vellore District-632059.",INFORMATION TECHNOLOGY,158.0,138.0,142.0,146.0,132.5,,
1520,"Kingston Engineering College, Chittoor Main Road, Chiristianpet Village, Mettukulam Panchayat, Katpadi Taluk, Vellore District-632059.",MECHANICAL ENGINEERING,127.0,121.0,,,,,
1523,"Global Institute of Engineering and Technology, 257/1, Bangalore-Chennai Highway,Melvisharam, Vellore-632509.",Artificial Intelligence and Data Science,149.5,131.0,145.0,131.5,115.0,107.0,115.5
1523,"Global Institute of Engineering and Technology, 257/1, Bangalore-Chennai Highway,Melvisharam, Vellore-632509.",COMPUTER SCIENCE AND ENGINEERING (AI AND MACHINE LEARNING),139.0,117.5,,129.0,101.5,113.5,
1523,"Global Institute of Engineering and Technology, 257/1, Bangalore-Chennai Highway,Melvisharam, Vellore-632509.",COMPUTER SCIENCE AND ENGINEERING,134.0,102.5,,122.5,,,
1523,"Global Institute of Engineering and Technology, 257/1, Bangalore-Chennai Highway,Melvisharam, Vellore-632509.",ELECTRONICS AND COMMUNICATION ENGINEERING,133.5,101.0,,118.5,,,
1523,"Global Institute of Engineering and Technology, 257/1, Bangalore-Chennai Highway,Melvisharam, Vellore-632509.",ELECTRICAL AND ELECTRONICS ENGINEERING,118.5,,,113.5,,,
1523,"Global Institute of Engineering and Technology, 257/1, Bangalore-Chennai Highway,Melvisharam, Vellore-632509.",INFORMATION TECHNOLOGY,133.0,103.0,,122.5,,108.0,
1523,"Global Institute of Engineering and Technology, 257/1, Bangalore-Chennai Highway,Melvisharam, Vellore-632509.",MECHANICAL ENGINEERING,112.5,,,101.0,,,
1524,"Annamalaiar College Of Engineering, Chetpet-Polur Road, Polur Taluk, Thiruvannamalai District-606902.",CIVIL ENGINEERING,,,,,,,
1524,"Annamalaiar College Of Engineering, Chetpet-Polur Road, Polur Taluk, Thiruvannamalai District-606902.",COMPUTER SCIENCE AND ENGINEERING,108.5,,,,,,
1524,"Annamalaiar College Of Engineering, Chetpet-Polur Road, Polur Taluk, Thiruvannamalai District-606902.",ELECTRONICS AND COMMUNICATION ENGINEERING,,,,,,,
1524,"Annamalaiar College Of Engineering, Chetpet-Polur Road, Polur Taluk, Thiruvannamalai District-606902.",ELECTRICAL AND ELECTRONICS ENGINEERING,,,,,,,
1524,"Annamalaiar College Of Engineering, Chetpet-Polur Road, Polur Taluk, Thiruvannamalai District-606902.",INFORMATION TECHNOLOGY,120.0,,,,,,
1524,"Annamalaiar College Of Engineering, Chetpet-Polur Road, Polur Taluk, Thiruvannamalai District-606902.",MECHANICAL ENGINEERING,,,,,,,
1525,"Podhigai College of Engineering and Technology, Salem Main Road, Adiyur Post, Tirupattur Taluk,Tirupattur, Vellore District.-635601.",Artificial Intelligence and Data Science,117.0,,109.5,,,,94.5
1525,"Podhigai College of Engineering and Technology, Salem Main Road, Adiyur Post, Tirupattur Taluk,Tirupattur, Vellore District.-635601.",COMPUTER SCIENCE AND ENGINEERING,124.0,,,,,,
1525,"Podhigai College of Engineering and Technology, Salem Main Road, Adiyur Post, Tirupattur Taluk,Tirupattur, Vellore District.-635601.",ELECTRONICS AND COMMUNICATION ENGINEERING,97.5,,,,,,
1525,"Podhigai College of Engineering and Technology, Salem Main Road, Adiyur Post, Tirupattur Taluk,Tirupattur, Vellore District.-635601.",ELECTRICAL AND ELECTRONICS ENGINEERING,,,,,,,
1525,"Podhigai College of Engineering and Technology, Salem Main Road, Adiyur Post, Tirupattur Taluk,Tirupattur, Vellore District.-635601.",INFORMATION TECHNOLOGY,103.5,,,,,,
1525,"Podhigai College of Engineering and Technology, Salem Main Road, Adiyur Post, Tirupattur Taluk,Tirupattur, Vellore District.-635601.",MECHANICAL ENGINEERING,,,,,,,
1526,"Sri Krishna College of Engineering, T.R.S. Campus, Sri Krishna Nagar, Tiruttani Road,Arakkonam, Vellore-631003.",CIVIL ENGINEERING,,,,,,,
1526,"Sri Krishna College of Engineering, T.R.S. Campus, Sri Krishna Nagar, Tiruttani Road,Arakkonam, Vellore-631003.",COMPUTER SCIENCE AND ENGINEERING,,,,,,,
1526,"Sri Krishna College of Engineering, T.R.S. Campus, Sri Krishna Nagar, Tiruttani Road,Arakkonam, Vellore-631003.",ELECTRONICS AND COMMUNICATION ENGINEERING,,,,,,,
1526,"Sri Krishna College of Engineering, T.R.S. Campus, Sri Krishna Nagar, Tiruttani Road,Arakkonam, Vellore-631003.",ELECTRICAL AND ELECTRONICS ENGINEERING,,,,,,,
1526,"Sri Krishna College of Engineering, T.R.S. Campus, Sri Krishna Nagar, Tiruttani Road,Arakkonam, Vellore-631003.",MECHANICAL ENGINEERING,,,,,,,
1529,"Oxford College of Engineering, Venmani Village, Karaipoondi Post, Polur, Tiruvannamalai-606803.",CIVIL ENGINEERING,,,,,,,
1529,"Oxford College of Engineering, Venmani Village, Karaipoondi Post, Polur, Tiruvannamalai-606803.",COMPUTER SCIENCE AND ENGINEERING,,,,,,,
1529,"Oxford College of Engineering, Venmani Village, Karaipoondi Post, Polur, Tiruvannamalai-606803.",ELECTRONICS AND COMMUNICATION ENGINEERING,,,,,,,
1529,"Oxford College of Engineering, Venmani Village, Karaipoondi Post, Polur, Tiruvannamalai-606803.",ELECTRICAL AND ELECTRONICS ENGINEERING,,,,,,,
1529,"Oxford College of Engineering, Venmani Village, Karaipoondi Post, Polur, Tiruvannamalai-606803.",MECHANICAL ENGINEERING,,,,,,,
1605,"Idhaya Engineering College for Women, Nainarpalayam Road,Chinna Salem, Villupuram District.-606201.",COMPUTER SCIENCE AND ENGINEERING,141.5,,,,,,121.5
1605,"Idhaya Engineering College for Women, Nainarpalayam Road,Chinna Salem, Villupuram District.-606201.",ELECTRONICS AND COMMUNICATION ENGINEERING,99.5,,,,,,95.5
1605,"Idhaya Engineering College for Women, Nainarpalayam Road,Chinna Salem, Villupuram District.-606201.",ELECTRICAL AND ELECTRONICS ENGINEERING,,,,,,,
1605,"Idhaya Engineering College for Women, Nainarpalayam Road,Chinna Salem, Villupuram District.-606201.",INFORMATION TECHNOLOGY,145.0,,,,,,
2302,"Sri Shanmugha College of Engineering and Technology (Autonomous), Pullipalayam, Morur(PO), Sankari Taluk, Salem District-637304.",Artificial Intelligence and Data Science,128.0,,,83.5,,99.5,104.0
2302,"Sri Shanmugha College of Engineering and Technology (Autonomous), Pullipalayam, Morur(PO), Sankari Taluk, Salem District-637304.",AGRICULTURAL ENGINEERING,132.0,,,87.5,102.0,130.5,
2302,"Sri Shanmugha College of Engineering and Technology (Autonomous), Pullipalayam, Morur(PO), Sankari Taluk, Salem District-637304.",BIO MEDICAL ENGINEERING,131.5,92.5,129.5,95.0,,118.5,
2302,"Sri Shanmugha College of Engineering and Technology (Autonomous), Pullipalayam, Morur(PO), Sankari Taluk, Salem District-637304.",COMPUTER SCIENCE AND ENGINEERING,150.5,111.0,108.0,125.5,,102.5,
2302,"Sri Shanmugha College of Engineering and Technology (Autonomous), Pullipalayam, Morur(PO), Sankari Taluk, Salem District-637304.",ELECTRONICS AND COMMUNICATION ENGINEERING,138.5,96.0,,125.0,91.0,113.5,
2302,"Sri Shanmugha College of Engineering and Technology (Autonomous), Pullipalayam, Morur(PO), Sankari Taluk, Salem District-637304.",INFORMATION TECHNOLOGY,147.0,123.5,98.0,109.0,,151.0,
2302,"Sri Shanmugha College of Engineering and Technology (Autonomous), Pullipalayam, Morur(PO), Sankari Taluk, Salem District-637304.",MECHANICAL ENGINEERING,116.5,86.0,,99.0,,115.0,
2302,"Sri Shanmugha College of Engineering and Technology (Autonomous), Pullipalayam, Morur(PO), Sankari Taluk, Salem District-637304.",Computer Science and Engineering (Cyber Security),139.0,116.0,,115.0,,117.0,
2327,"N.S.N. College of Engineering and Technology, N.S.N, Kalvi Nagar, Karur - Madurai NH-7, Manalmedu, Karur-639003.",Artificial Intelligence and Data Science,125.5,,,,85.5,124.0,
2327,"N.S.N. College of Engineering and Technology, N.S.N, Kalvi Nagar, Karur - Madurai NH-7, Manalmedu, Karur-639003.",CIVIL ENGINEERING,122.5,,,,,,
2327,"N.S.N. College of Engineering and Technology, N.S.N, Kalvi Nagar, Karur - Madurai NH-7, Manalmedu, Karur-639003.",COMPUTER SCIENCE AND ENGINEERING,127.0,,,,88.0,115.0,
2327,"N.S.N. College of Engineering and Technology, N.S.N, Kalvi Nagar, Karur - Madurai NH-7, Manalmedu, Karur-639003.",ELECTRONICS AND COMMUNICATION ENGINEERING,109.0,,,,,94.0,
2327,"N.S.N. College of Engineering and Technology, N.S.N, Kalvi Nagar, Karur - Madurai NH-7, Manalmedu, Karur-639003.",ELECTRICAL AND ELECTRONICS ENGINEERING,106.5,,,,,87.0,
2327,"N.S.N. College of Engineering and Technology, N.S.N, Kalvi Nagar, Karur - Madurai NH-7, Manalmedu, Karur-639003.",INFORMATION TECHNOLOGY,122.0,,,,,81.5,
2327,"N.S.N. College of Engineering and Technology, N.S.N, Kalvi Nagar, Karur - Madurai NH-7, Manalmedu, Karur-639003.",MECHANICAL ENGINEERING,113.5,,87.0,,,,
2329,"Rathinam Technical Campus (Autonomous), Rathinam Techzone Campus, Pollachi Road, Eachanari, Coimbatore-641021.",Artificial Intelligence and Data Science,180.1,174.0,166.0,166.5,143.6,156.4,
2329,"Rathinam Technical Campus (Autonomous), Rathinam Techzone Campus, Pollachi Road, Eachanari, Coimbatore-641021.",AGRICULTURAL ENGINEERING,168.5,166.0,,163.0,142.0,,
2329,"Rathinam Technical Campus (Autonomous), Rathinam Techzone Campus, Pollachi Road, Eachanari, Coimbatore-641021.",COMPUTER SCIENCE AND ENGINEERING (AI AND MACHINE LEARNING),174.5,170.0,170.0,164.5,145.0,154.5,148.5
2329,"Rathinam Technical Campus (Autonomous), Rathinam Techzone Campus, Pollachi Road, Eachanari, Coimbatore-641021.",BIO TECHNOLOGY,169.5,167.5,167.0,164.5,145.0,141.5,120.0
2329,"Rathinam Technical Campus (Autonomous), Rathinam Techzone Campus, Pollachi Road, Eachanari, Coimbatore-641021.",COMPUTER SCIENCE AND ENGINEERING,179.0,172.5,170.0,169.0,153.0,151.0,130.5
2329,"Rathinam Technical Campus (Autonomous), Rathinam Techzone Campus, Pollachi Road, Eachanari, Coimbatore-641021.",ELECTRONICS AND COMMUNICATION ENGINEERING,174.0,168.5,167.5,165.4,142.5,134.0,118.5
2329,"Rathinam Technical Campus (Autonomous), Rathinam Techzone Campus, Pollachi Road, Eachanari, Coimbatore-641021.",INFORMATION TECHNOLOGY,174.5,171.0,167.5,165.0,142.0,140.0,137.5
2329,"Rathinam Technical Campus (Autonomous), Rathinam Techzone Campus, Pollachi Road, Eachanari, Coimbatore-641021.",MECHANICAL ENGINEERING,168.5,166.5,166.5,165.5,144.0,135.0,
2329,"Rathinam Technical Campus (Autonomous), Rathinam Techzone Campus, Pollachi Road, Eachanari, Coimbatore-641021.",Mechatronics Engineering,168.0,167.0,,165.5,142.5,,
2329,"Rathinam Technical Campus (Autonomous), Rathinam Techzone Campus, Pollachi Road, Eachanari, Coimbatore-641021.",Computer Science and Engineering (Cyber Security),173.5,168.5,165.5,164.2,143.0,132.0,124.5
2329,"Rathinam Technical Campus (Autonomous), Rathinam Techzone Campus, Pollachi Road, Eachanari, Coimbatore-641021.",COMPUTER SCIENCE AND ENGINEERING (TAMIL),171.0,167.5,164.5,164.0,140.5,134.0,
2332,"Aishwarya College of Engineering and Technology, Errattaikarad, Paruvachi (Post), Anthiyur, Bhavani (Taluk), Erode District-638312.",Artificial Intelligence and Data Science,,,,,,,
2332,"Aishwarya College of Engineering and Technology, Errattaikarad, Paruvachi (Post), Anthiyur, Bhavani (Taluk), Erode District-638312.",CIVIL ENGINEERING,,,,,,,
2332,"Aishwarya College of Engineering and Technology, Errattaikarad, Paruvachi (Post), Anthiyur, Bhavani (Taluk), Erode District-638312.",COMPUTER SCIENCE AND ENGINEERING,,,,,,,
2332,"Aishwarya College of Engineering and Technology, Errattaikarad, Paruvachi (Post), Anthiyur, Bhavani (Taluk), Erode District-638312.",ELECTRONICS AND COMMUNICATION ENGINEERING,,,,,,,
2332,"Aishwarya College of Engineering and Technology, Errattaikarad, Paruvachi (Post), Anthiyur, Bhavani (Taluk), Erode District-638312.",ELECTRICAL AND ELECTRONICS ENGINEERING,,,,,,,
2332,"Aishwarya College of Engineering and Technology, Errattaikarad, Paruvachi (Post), Anthiyur, Bhavani (Taluk), Erode District-638312.",MECHANICAL ENGINEERING,,,,,,,
2338,"Asian College of Engineering and Technology, 294/2,Asian College Road, Kondayampalayam, Near Saravanampatti, Coimbatore-641110.",Artificial Intelligence and Data Science,124.0,,,,113.5,99.5,
2338,"Asian College of Engineering and Technology, 294/2,Asian College Road, Kondayampalayam, Near Saravanampatti, Coimbatore-641110.",AGRICULTURAL ENGINEERING,,,,,,,
2338,"Asian College of Engineering and Technology, 294/2,Asian College Road, Kondayampalayam, Near Saravanampatti, Coimbatore-641110.",BIO MEDICAL ENGINEERING,104.5,,,,87.5,,
2338,"Asian College of Engineering and Technology, 294/2,Asian College Road, Kondayampalayam, Near Saravanampatti, Coimbatore-641110.",COMPUTER SCIENCE AND ENGINEERING,134.0,,,,103.0,115.5,101.5
2338,"Asian College of Engineering and Technology, 294/2,Asian College Road, Kondayampalayam, Near Saravanampatti, Coimbatore-641110.",ELECTRICAL AND ELECTRONICS ENGINEERING,90.0,,,,,,
2338,"Asian College of Engineering and Technology, 294/2,Asian College Road, Kondayampalayam, Near Saravanampatti, Coimbatore-641110.",INFORMATION TECHNOLOGY,116.0,,88.0,,93.0,,
2338,"Asian College of Engineering and Technology, 294/2,Asian College Road, Kondayampalayam, Near Saravanampatti, Coimbatore-641110.",MECHANICAL ENGINEERING,88.0,,,,,,
2341,"Ganesh College of Engineering, Attur Main Road, Mettupatti, Salem-636111.",Artificial Intelligence and Data Science,111.5,,,,,,
2341,"Ganesh College of Engineering, Attur Main Road, Mettupatti, Salem-636111.",BIO MEDICAL ENGINEERING,89.5,,,,,,
2341,"Ganesh College of Engineering, Attur Main Road, Mettupatti, Salem-636111.",CIVIL ENGINEERING,,,,,,,
2341,"Ganesh College of Engineering, Attur Main Road, Mettupatti, Salem-636111.",COMPUTER SCIENCE AND ENGINEERING,114.0,,,,,,
2341,"Ganesh College of Engineering, Attur Main Road, Mettupatti, Salem-636111.",ELECTRONICS AND COMMUNICATION ENGINEERING,110.0,,,,,,
2341,"Ganesh College of Engineering, Attur Main Road, Mettupatti, Salem-636111.",ELECTRICAL AND ELECTRONICS ENGINEERING,106.0,,,,,,
2341,"Ganesh College of Engineering, Attur Main Road, Mettupatti, Salem-636111.",INFORMATION TECHNOLOGY,104.5,,,,,,
2341,"Ganesh College of Engineering, Attur Main Road, Mettupatti, Salem-636111.",MECHANICAL ENGINEERING,,,,,,,
2342,"Sri Ranganathar Institute of Engineering and Technology (Autonomous), S.F No:162, Athipalayam village, Thudiyalur-kovilpalayam Road, Coimbatore-641110.",Artificial Intelligence and Data Science,149.0,129.0,140.0,124.5,,136.5,
2342,"Sri Ranganathar Institute of Engineering and Technology (Autonomous), S.F No:162, Athipalayam village, Thudiyalur-kovilpalayam Road, Coimbatore-641110.",CIVIL ENGINEERING,111.5,,91.5,,,108.0,
2342,"Sri Ranganathar Institute of Engineering and Technology (Autonomous), S.F No:162, Athipalayam village, Thudiyalur-kovilpalayam Road, Coimbatore-641110.",COMPUTER SCIENCE AND ENGINEERING,146.5,122.0,,119.5,,,135.0
2342,"Sri Ranganathar Institute of Engineering and Technology (Autonomous), S.F No:162, Athipalayam village, Thudiyalur-kovilpalayam Road, Coimbatore-641110.",ELECTRONICS AND COMMUNICATION ENGINEERING,142.0,126.5,,119.5,,119.0,
2342,"Sri Ranganathar Institute of Engineering and Technology (Autonomous), S.F No:162, Athipalayam village, Thudiyalur-kovilpalayam Road, Coimbatore-641110.",ELECTRICAL AND ELECTRONICS ENGINEERING,121.5,116.5,,109.0,99.0,,
2342,"Sri Ranganathar Institute of Engineering and Technology (Autonomous), S.F No:162, Athipalayam village, Thudiyalur-kovilpalayam Road, Coimbatore-641110.",INFORMATION TECHNOLOGY,145.0,121.5,133.0,128.5,125.0,121.0,130.5
2342,"Sri Ranganathar Institute of Engineering and Technology (Autonomous), S.F No:162, Athipalayam village, Thudiyalur-kovilpalayam Road, Coimbatore-641110.",MECHANICAL ENGINEERING,123.5,,,90.5,,102.5,
2345,"Dhirajlal Gandhi College of Technology (Autonomous), Sikkanampatty, Opposite to Airport,Omalur Taluk, Salem District-636309.",Artificial Intelligence and Data Science,145.5,112.0,135.0,140.0,,,120.5
2345,"Dhirajlal Gandhi College of Technology (Autonomous), Sikkanampatty, Opposite to Airport,Omalur Taluk, Salem District-636309.",AGRICULTURAL ENGINEERING,99.5,,,92.0,,,
2345,"Dhirajlal Gandhi College of Technology (Autonomous), Sikkanampatty, Opposite to Airport,Omalur Taluk, Salem District-636309.",CIVIL ENGINEERING,137.5,,,122.0,,,
2345,"Dhirajlal Gandhi College of Technology (Autonomous), Sikkanampatty, Opposite to Airport,Omalur Taluk, Salem District-636309.",COMPUTER SCIENCE AND ENGINEERING,148.0,122.0,,140.0,,99.5,115.5
2345,"Dhirajlal Gandhi College of Technology (Autonomous), Sikkanampatty, Opposite to Airport,Omalur Taluk, Salem District-636309.",ELECTRONICS AND COMMUNICATION ENGINEERING,148.5,131.0,106.0,140.5,,125.0,
2345,"Dhirajlal Gandhi College of Technology (Autonomous), Sikkanampatty, Opposite to Airport,Omalur Taluk, Salem District-636309.",ELECTRICAL AND ELECTRONICS ENGINEERING,134.5,,,131.5,,,109.0
2345,"Dhirajlal Gandhi College of Technology (Autonomous), Sikkanampatty, Opposite to Airport,Omalur Taluk, Salem District-636309.",INFORMATION TECHNOLOGY,140.5,117.5,126.0,137.5,,120.5,
2345,"Dhirajlal Gandhi College of Technology (Autonomous), Sikkanampatty, Opposite to Airport,Omalur Taluk, Salem District-636309.",MECHANICAL ENGINEERING,128.0,117.5,,116.5,,87.0,
2345,"Dhirajlal Gandhi College of Technology (Autonomous), Sikkanampatty, Opposite to Airport,Omalur Taluk, Salem District-636309.",ROBOTICS AND AUTOMATION,120.0,,118.0,115.0,,,
2346,"Shree Sathyam College of Engineering and Technology, Manjakkal Patti, Kuppanur Post, Sankari Taluk, Salem District-637301.",Artificial Intelligence and Data Science,,,,,,,
2346,"Shree Sathyam College of Engineering and Technology, Manjakkal Patti, Kuppanur Post, Sankari Taluk, Salem District-637301.",BIO MEDICAL ENGINEERING,,,,,,,
2346,"Shree Sathyam College of Engineering and Technology, Manjakkal Patti, Kuppanur Post, Sankari Taluk, Salem District-637301.",COMPUTER SCIENCE AND ENGINEERING,96.0,,,,,,
2346,"Shree Sathyam College of Engineering and Technology, Manjakkal Patti, Kuppanur Post, Sankari Taluk, Salem District-637301.",ELECTRONICS AND COMMUNICATION ENGINEERING,92.0,,,,,,
2346,"Shree Sathyam College of Engineering and Technology, Manjakkal Patti, Kuppanur Post, Sankari Taluk, Salem District-637301.",ELECTRICAL AND ELECTRONICS ENGINEERING,95.5,,,,,,
2346,"Shree Sathyam College of Engineering and Technology, Manjakkal Patti, Kuppanur Post, Sankari Taluk, Salem District-637301.",INFORMATION TECHNOLOGY,93.0,,,,,,
2346,"Shree Sathyam College of Engineering and Technology, Manjakkal Patti, Kuppanur Post, Sankari Taluk, Salem District-637301.",MECHANICAL ENGINEERING,105.5,,,,,,
2347,"A V S College of Technology, Attur Main Road, Near AVS College of Arts & Science, Chinnagoundapuram, Salem-636106.",Artificial Intelligence and Data Science,133.0,,,108.0,94.0,88.5,117.5
2347,"A V S College of Technology, Attur Main Road, Near AVS College of Arts & Science, Chinnagoundapuram, Salem-636106.",AGRICULTURAL ENGINEERING,108.5,,,101.0,,,108.0
2347,"A V S College of Technology, Attur Main Road, Near AVS College of Arts & Science, Chinnagoundapuram, Salem-636106.",COMPUTER SCIENCE AND ENGINEERING,133.5,,,109.0,97.0,114.0,121.0
2347,"A V S College of Technology, Attur Main Road, Near AVS College of Arts & Science, Chinnagoundapuram, Salem-636106.",ELECTRONICS AND COMMUNICATION ENGINEERING,146.0,,,114.5,125.0,121.5,
2347,"A V S College of Technology, Attur Main Road, Near AVS College of Arts & Science, Chinnagoundapuram, Salem-636106.",ELECTRICAL AND ELECTRONICS ENGINEERING,113.5,,,106.5,94.0,97.5,
2347,"A V S College of Technology, Attur Main Road, Near AVS College of Arts & Science, Chinnagoundapuram, Salem-636106.",INFORMATION TECHNOLOGY,121.0,,,107.5,91.0,95.5,
2347,"A V S College of Technology, Attur Main Road, Near AVS College of Arts & Science, Chinnagoundapuram, Salem-636106.",MECHANICAL ENGINEERING,110.0,,,105.0,87.0,,
2349,"Dhaanish Ahmed Institute of Technology, Pitchanur Village, Coimbatore-641018.",Artificial Intelligence and Data Science,169.5,153.5,167.5,156.5,111.5,,
2349,"Dhaanish Ahmed Institute of Technology, Pitchanur Village, Coimbatore-641018.",COMPUTER SCIENCE AND ENGINEERING (AI AND MACHINE LEARNING),166.5,150.0,164.0,147.5,,,
2349,"Dhaanish Ahmed Institute of Technology, Pitchanur Village, Coimbatore-641018.",BIO MEDICAL ENGINEERING,151.0,111.0,144.5,119.0,89.5,93.5,
2349,"Dhaanish Ahmed Institute of Technology, Pitchanur Village, Coimbatore-641018.",COMPUTER SCIENCE AND ENGINEERING,171.5,159.0,169.0,155.5,114.0,143.5,109.0
2349,"Dhaanish Ahmed Institute of Technology, Pitchanur Village, Coimbatore-641018.",ELECTRONICS AND COMMUNICATION ENGINEERING,162.5,150.5,161.0,150.0,,145.0,
2349,"Dhaanish Ahmed Institute of Technology, Pitchanur Village, Coimbatore-641018.",FOOD TECHNOLOGY,135.0,95.0,129.5,,86.0,110.0,
2349,"Dhaanish Ahmed Institute of Technology, Pitchanur Village, Coimbatore-641018.",INFORMATION TECHNOLOGY,165.0,150.0,165.0,147.5,113.0,,
2349,"Dhaanish Ahmed Institute of Technology, Pitchanur Village, Coimbatore-641018.",ROBOTICS AND AUTOMATION,160.0,135.5,143.5,116.5,,106.5,
2349,"Dhaanish Ahmed Institute of Technology, Pitchanur Village, Coimbatore-641018.",Computer Science and Engineering (Cyber Security),164.5,151.0,161.0,146.0,104.0,,
2350,"Jairupaa College of Engineering, Thottiapalayam, Kathankanni-Po, Kangayam-Tk, Tiruppur-641604.",CIVIL ENGINEERING,,,,,,,
2350,"Jairupaa College of Engineering, Thottiapalayam, Kathankanni-Po, Kangayam-Tk, Tiruppur-641604.",COMPUTER SCIENCE AND ENGINEERING,,,,,,,
2350,"Jairupaa College of Engineering, Thottiapalayam, Kathankanni-Po, Kangayam-Tk, Tiruppur-641604.",ELECTRONICS AND COMMUNICATION ENGINEERING,,,,,,,
2350,"Jairupaa College of Engineering, Thottiapalayam, Kathankanni-Po, Kangayam-Tk, Tiruppur-641604.",ELECTRICAL AND ELECTRONICS ENGINEERING,,,,,,,
2350,"Jairupaa College of Engineering, Thottiapalayam, Kathankanni-Po, Kangayam-Tk, Tiruppur-641604.",MECHANICAL ENGINEERING,,,,,,,
2354,"Pollachi Institute of Engineering and Technology, 107/1, Poosaripatti Village, Pollachi to Dharapuram road, Poosaripatti(post) Pollachi, Coimbatore-642205.",Artificial Intelligence and Data Science,121.0,,104.0,,,120.0,
2354,"Pollachi Institute of Engineering and Technology, 107/1, Poosaripatti Village, Pollachi to Dharapuram road, Poosaripatti(post) Pollachi, Coimbatore-642205.",CIVIL ENGINEERING,,,,,,,
2354,"Pollachi Institute of Engineering and Technology, 107/1, Poosaripatti Village, Pollachi to Dharapuram road, Poosaripatti(post) Pollachi, Coimbatore-642205.",COMPUTER SCIENCE AND ENGINEERING,132.0,,,108.0,,120.0,
2354,"Pollachi Institute of Engineering and Technology, 107/1, Poosaripatti Village, Pollachi to Dharapuram road, Poosaripatti(post) Pollachi, Coimbatore-642205.",ELECTRONICS AND COMMUNICATION ENGINEERING,130.0,,113.5,,,129.5,
2354,"Pollachi Institute of Engineering and Technology, 107/1, Poosaripatti Village, Pollachi to Dharapuram road, Poosaripatti(post) Pollachi, Coimbatore-642205.",ELECTRICAL AND ELECTRONICS ENGINEERING,114.5,,,,,,
2354,"Pollachi Institute of Engineering and Technology, 107/1, Poosaripatti Village, Pollachi to Dharapuram road, Poosaripatti(post) Pollachi, Coimbatore-642205.",INFORMATION TECHNOLOGY,121.0,,,,,114.0,
2354,"Pollachi Institute of Engineering and Technology, 107/1, Poosaripatti Village, Pollachi to Dharapuram road, Poosaripatti(post) Pollachi, Coimbatore-642205.",MECHANICAL ENGINEERING,99.5,,,,,,
2356,"Arulmurugan College of Engineering, Karvazhi Road, Thennilai, Aravakurichy Taluk, Karur-639206.",Artificial Intelligence and Data Science,,,,,,,
2356,"Arulmurugan College of Engineering, Karvazhi Road, Thennilai, Aravakurichy Taluk, Karur-639206.",COMPUTER SCIENCE AND ENGINEERING,,,,,,,
2356,"Arulmurugan College of Engineering, Karvazhi Road, Thennilai, Aravakurichy Taluk, Karur-639206.",ELECTRONICS AND COMMUNICATION ENGINEERING,,,,,,,
2356,"Arulmurugan College of Engineering, Karvazhi Road, Thennilai, Aravakurichy Taluk, Karur-639206.",ELECTRICAL AND ELECTRONICS ENGINEERING,,,,,,,
2356,"Arulmurugan College of Engineering, Karvazhi Road, Thennilai, Aravakurichy Taluk, Karur-639206.",MECHANICAL ENGINEERING,,,,,,,
2357,"V.S.B. College of Engineering Technical Campus (Autonomous), S.F. No.91/2A,91/2B,252, 253/1, Solavampalayam Village, Kinathukadavu, Pollachi Taluk, Coimbatore District-642109.",Artificial Intelligence and Data Science,160.0,150.0,133.5,140.5,,,
2357,"V.S.B. College of Engineering Technical Campus (Autonomous), S.F. No.91/2A,91/2B,252, 253/1, Solavampalayam Village, Kinathukadavu, Pollachi Taluk, Coimbatore District-642109.",AGRICULTURAL ENGINEERING,142.0,117.5,,110.5,,120.5,
2357,"V.S.B. College of Engineering Technical Campus (Autonomous), S.F. No.91/2A,91/2B,252, 253/1, Solavampalayam Village, Kinathukadavu, Pollachi Taluk, Coimbatore District-642109.",COMPUTER SCIENCE AND ENGINEERING (AI AND MACHINE LEARNING),161.0,151.0,143.0,145.5,,,
2357,"V.S.B. College of Engineering Technical Campus (Autonomous), S.F. No.91/2A,91/2B,252, 253/1, Solavampalayam Village, Kinathukadavu, Pollachi Taluk, Coimbatore District-642109.",COMPUTER SCIENCE AND ENGINEERING,173.0,164.5,150.0,152.0,,93.0,117.5
2357,"V.S.B. College of Engineering Technical Campus (Autonomous), S.F. No.91/2A,91/2B,252, 253/1, Solavampalayam Village, Kinathukadavu, Pollachi Taluk, Coimbatore District-642109.",ELECTRONICS AND COMMUNICATION ENGINEERING,160.5,150.5,131.0,140.0,,,
2357,"V.S.B. College of Engineering Technical Campus (Autonomous), S.F. No.91/2A,91/2B,252, 253/1, Solavampalayam Village, Kinathukadavu, Pollachi Taluk, Coimbatore District-642109.",ELECTRICAL AND ELECTRONICS ENGINEERING,150.5,144.5,117.5,135.0,,129.0,
2357,"V.S.B. College of Engineering Technical Campus (Autonomous), S.F. No.91/2A,91/2B,252, 253/1, Solavampalayam Village, Kinathukadavu, Pollachi Taluk, Coimbatore District-642109.",INFORMATION TECHNOLOGY,161.5,156.0,144.0,145.0,,,99.5
2357,"V.S.B. College of Engineering Technical Campus (Autonomous), S.F. No.91/2A,91/2B,252, 253/1, Solavampalayam Village, Kinathukadavu, Pollachi Taluk, Coimbatore District-642109.",MECHANICAL ENGINEERING,141.0,125.5,122.5,138.5,,,
2360,"Suguna College of Engineering, Nehru Nagar (West), Kalapatti Road, Civil Aerodrome (Post), Coimbatore-641014.",Artificial Intelligence and Data Science,136.0,115.5,104.5,124.5,108.5,133.5,
2360,"Suguna College of Engineering, Nehru Nagar (West), Kalapatti Road, Civil Aerodrome (Post), Coimbatore-641014.",AGRICULTURAL ENGINEERING,121.0,,111.0,,103.5,118.5,
2360,"Suguna College of Engineering, Nehru Nagar (West), Kalapatti Road, Civil Aerodrome (Post), Coimbatore-641014.",COMPUTER SCIENCE AND ENGINEERING,142.5,113.0,129.0,118.0,110.0,120.0,
2360,"Suguna College of Engineering, Nehru Nagar (West), Kalapatti Road, Civil Aerodrome (Post), Coimbatore-641014.",ELECTRONICS AND COMMUNICATION ENGINEERING,135.5,112.5,,109.5,116.0,123.0,132.5
2360,"Suguna College of Engineering, Nehru Nagar (West), Kalapatti Road, Civil Aerodrome (Post), Coimbatore-641014.",INFORMATION TECHNOLOGY,139.5,115.0,,117.0,116.5,137.5,
2360,"Suguna College of Engineering, Nehru Nagar (West), Kalapatti Road, Civil Aerodrome (Post), Coimbatore-641014.",MECHANICAL ENGINEERING,124.0,102.5,112.0,108.0,116.5,96.5,
2360,"Suguna College of Engineering, Nehru Nagar (West), Kalapatti Road, Civil Aerodrome (Post), Coimbatore-641014.",Mechatronics Engineering,123.5,100.5,96.5,98.5,110.5,,
2361,"SASI CREATIVE SCHOOL OF ARCHITECTURE, 293/2B, ROJA RAJA GARDEN, POLLACHI MAIN ROAD, MYLERIPALAYAM, COIMBATORE-641032.",Interior Design,100.5,,99.5,,,,
2367,"Arjun College of Technology, 310/1B, Chettiyakkapalayam, Kinathukadavu, Coimbatore-642120.",Artificial Intelligence and Data Science,143.5,122.0,,116.0,118.0,,
2367,"Arjun College of Technology, 310/1B, Chettiyakkapalayam, Kinathukadavu, Coimbatore-642120.",COMPUTER SCIENCE AND ENGINEERING (AI AND MACHINE LEARNING),127.5,104.5,,101.0,96.5,111.0,
2367,"Arjun College of Technology, 310/1B, Chettiyakkapalayam, Kinathukadavu, Coimbatore-642120.",COMPUTER SCIENCE AND BUSSINESS SYSTEM,123.5,104.5,,102.5,100.5,,
2367,"Arjun College of Technology, 310/1B, Chettiyakkapalayam, Kinathukadavu, Coimbatore-642120.",CIVIL ENGINEERING,115.5,,,,103.5,,
2367,"Arjun College of Technology, 310/1B, Chettiyakkapalayam, Kinathukadavu, Coimbatore-642120.",COMPUTER SCIENCE AND ENGINEERING,136.0,114.0,,101.0,108.0,111.5,107.5
2367,"Arjun College of Technology, 310/1B, Chettiyakkapalayam, Kinathukadavu, Coimbatore-642120.",ELECTRONICS AND COMMUNICATION ENGINEERING,150.5,117.0,139.5,143.0,119.5,,
2367,"Arjun College of Technology, 310/1B, Chettiyakkapalayam, Kinathukadavu, Coimbatore-642120.",INFORMATION TECHNOLOGY,146.0,109.5,,114.0,113.0,128.5,
2367,"Arjun College of Technology, 310/1B, Chettiyakkapalayam, Kinathukadavu, Coimbatore-642120.",MECHANICAL ENGINEERING,130.0,,,111.0,115.0,86.5,
2367,"Arjun College of Technology, 310/1B, Chettiyakkapalayam, Kinathukadavu, Coimbatore-642120.",Computer Science and Engineering (Cyber Security),130.5,111.5,,105.0,106.0,124.5,81.0
2377,"PSG Institute of Technology and Applied Research(Autonomous), Avinashi Road,Neelambur, Sulur,Coimbatore -641062.",Artificial Intelligence and Data Science,196.0,195.5,193.0,194.5,182.5,180.5,
2377,"PSG Institute of Technology and Applied Research(Autonomous), Avinashi Road,Neelambur, Sulur,Coimbatore -641062.",CIVIL ENGINEERING,186.0,183.0,182.5,181.5,171.0,169.0,
2377,"PSG Institute of Technology and Applied Research(Autonomous), Avinashi Road,Neelambur, Sulur,Coimbatore -641062.",COMPUTER SCIENCE AND ENGINEERING,197.0,196.0,195.5,195.0,184.0,178.0,177.0
2377,"PSG Institute of Technology and Applied Research(Autonomous), Avinashi Road,Neelambur, Sulur,Coimbatore -641062.",ELECTRONICS AND COMMUNICATION ENGINEERING,196.5,196.0,195.0,194.5,183.0,186.5,176.0
2377,"PSG Institute of Technology and Applied Research(Autonomous), Avinashi Road,Neelambur, Sulur,Coimbatore -641062.",ELECTRICAL AND ELECTRONICS ENGINEERING,194.5,193.0,191.5,191.5,177.0,174.0,146.0
2377,"PSG Institute of Technology and Applied Research(Autonomous), Avinashi Road,Neelambur, Sulur,Coimbatore -641062.",Electronics Engineering (VLSI Design and Technology),195.0,194.5,195.0,192.0,176.5,179.5,
2377,"PSG Institute of Technology and Applied Research(Autonomous), Avinashi Road,Neelambur, Sulur,Coimbatore -641062.",INSTRUMENTATION AND CONTROL ENGINEERING,191.5,189.5,188.0,188.0,165.5,167.0,161.5
2377,"PSG Institute of Technology and Applied Research(Autonomous), Avinashi Road,Neelambur, Sulur,Coimbatore -641062.",MECHANICAL ENGINEERING,189.5,187.0,186.5,184.5,171.5,164.0,137.5
2601,"Adhiyamaan College of Engineering (Autonomous), Aeri Campus, Dr.M.G.R.Nagar, Hosur, Krishnagiri District-635109.",Artificial Intelligence and Data Science,155.0,124.0,146.5,129.5,,131.5,
2601,"Adhiyamaan College of Engineering (Autonomous), Aeri Campus, Dr.M.G.R.Nagar, Hosur, Krishnagiri District-635109.",AERONAUTICAL ENGINEERING,112.0,,,,,,
2601,"Adhiyamaan College of Engineering (Autonomous), Aeri Campus, Dr.M.G.R.Nagar, Hosur, Krishnagiri District-635109.",COMPUTER SCIENCE AND ENGINEERING (AI AND MACHINE LEARNING),146.0,115.0,128.5,121.5,102.0,,
2601,"Adhiyamaan College of Engineering (Autonomous), Aeri Campus, Dr.M.G.R.Nagar, Hosur, Krishnagiri District-635109.",BIO MEDICAL ENGINEERING,116.5,,,,,,
2601,"Adhiyamaan College of Engineering (Autonomous), Aeri Campus, Dr.M.G.R.Nagar, Hosur, Krishnagiri District-635109.",BIO TECHNOLOGY,130.5,,103.0,,,,
2601,"Adhiyamaan College of Engineering (Autonomous), Aeri Campus, Dr.M.G.R.Nagar, Hosur, Krishnagiri District-635109.",COMPUTER SCIENCE AND BUSSINESS SYSTEM,131.0,114.0,117.5,115.0,,,
2601,"Adhiyamaan College of Engineering (Autonomous), Aeri Campus, Dr.M.G.R.Nagar, Hosur, Krishnagiri District-635109.",CIVIL ENGINEERING,111.0,,,,,,
2601,"Adhiyamaan College of Engineering (Autonomous), Aeri Campus, Dr.M.G.R.Nagar, Hosur, Krishnagiri District-635109.",CHEMICAL ENGINEERING,129.0,,124.0,108.5,,,
2601,"Adhiyamaan College of Engineering (Autonomous), Aeri Campus, Dr.M.G.R.Nagar, Hosur, Krishnagiri District-635109.",COMPUTER SCIENCE AND ENGINEERING,158.5,129.5,133.0,133.0,,,121.5
2601,"Adhiyamaan College of Engineering (Autonomous), Aeri Campus, Dr.M.G.R.Nagar, Hosur, Krishnagiri District-635109.",ELECTRONICS AND COMMUNICATION ENGINEERING,150.5,114.5,108.0,133.5,,115.5,
2601,"Adhiyamaan College of Engineering (Autonomous), Aeri Campus, Dr.M.G.R.Nagar, Hosur, Krishnagiri District-635109.",ELECTRICAL AND ELECTRONICS ENGINEERING,128.0,,,112.0,,,
2601,"Adhiyamaan College of Engineering (Autonomous), Aeri Campus, Dr.M.G.R.Nagar, Hosur, Krishnagiri District-635109.",INFORMATION TECHNOLOGY,156.0,120.0,134.0,130.5,,,
2601,"Adhiyamaan College of Engineering (Autonomous), Aeri Campus, Dr.M.G.R.Nagar, Hosur, Krishnagiri District-635109.",MECHANICAL ENGINEERING,118.0,,106.0,,,,
2601,"Adhiyamaan College of Engineering (Autonomous), Aeri Campus, Dr.M.G.R.Nagar, Hosur, Krishnagiri District-635109.",Computer Science and Engineering (Cyber Security),142.0,114.5,113.5,124.0,,,136.0
2602,"Annai Mathammal Sheela Engineering College, Erumapatty Post, Namakkal-637013.",Artificial Intelligence and Data Science,,,,,,,
2602,"Annai Mathammal Sheela Engineering College, Erumapatty Post, Namakkal-637013.",AGRICULTURAL ENGINEERING,,,,,,,
2602,"Annai Mathammal Sheela Engineering College, Erumapatty Post, Namakkal-637013.",COMPUTER SCIENCE AND ENGINEERING,,,,,,,
2602,"Annai Mathammal Sheela Engineering College, Erumapatty Post, Namakkal-637013.",ELECTRONICS AND COMMUNICATION ENGINEERING,,,,,,,
2602,"Annai Mathammal Sheela Engineering College, Erumapatty Post, Namakkal-637013.",INFORMATION TECHNOLOGY,,,,,,,
2602,"Annai Mathammal Sheela Engineering College, Erumapatty Post, Namakkal-637013.",MEDICAL ELECTRONICS ENGINEERING,,,,,,,
2602,"Annai Mathammal Sheela Engineering College, Erumapatty Post, Namakkal-637013.",MECHANICAL ENGINEERING,,,,,,,
2602,"Annai Mathammal Sheela Engineering College, Erumapatty Post, Namakkal-637013.",ROBOTICS AND AUTOMATION,,,,,,,
2607,"K S Rangasamy College of Technology (Autonomous), K.S.R Kalvi Nagar, Thokkavadi, Tiruchengode Tk, Namakkal-637215.",Artificial Intelligence and Data Science,172.0,163.0,164.5,157.0,,,
2607,"K S Rangasamy College of Technology (Autonomous), K.S.R Kalvi Nagar, Thokkavadi, Tiruchengode Tk, Namakkal-637215.",COMPUTER SCIENCE AND ENGINEERING (AI AND MACHINE LEARNING),166.5,158.0,163.5,157.5,,137.0,
2607,"K S Rangasamy College of Technology (Autonomous), K.S.R Kalvi Nagar, Thokkavadi, Tiruchengode Tk, Namakkal-637215.",BIO TECHNOLOGY,155.5,137.5,,132.0,,112.5,
2607,"K S Rangasamy College of Technology (Autonomous), K.S.R Kalvi Nagar, Thokkavadi, Tiruchengode Tk, Namakkal-637215.",CIVIL ENGINEERING,144.0,128.5,93.0,130.5,,,
2607,"K S Rangasamy College of Technology (Autonomous), K.S.R Kalvi Nagar, Thokkavadi, Tiruchengode Tk, Namakkal-637215.",COMPUTER SCIENCE AND ENGINEERING,172.0,162.5,159.5,159.0,,,
2607,"K S Rangasamy College of Technology (Autonomous), K.S.R Kalvi Nagar, Thokkavadi, Tiruchengode Tk, Namakkal-637215.",ELECTRONICS AND COMMUNICATION ENGINEERING,166.0,157.0,156.0,155.5,,143.0,
2607,"K S Rangasamy College of Technology (Autonomous), K.S.R Kalvi Nagar, Thokkavadi, Tiruchengode Tk, Namakkal-637215.",ELECTRICAL AND ELECTRONICS ENGINEERING,153.5,145.0,134.0,146.5,,122.0,
2607,"K S Rangasamy College of Technology (Autonomous), K.S.R Kalvi Nagar, Thokkavadi, Tiruchengode Tk, Namakkal-637215.",Electronics Engineering (VLSI Design and Technology),157.0,148.0,150.5,150.5,,,
2607,"K S Rangasamy College of Technology (Autonomous), K.S.R Kalvi Nagar, Thokkavadi, Tiruchengode Tk, Namakkal-637215.",FOOD TECHNOLOGY,151.0,122.0,138.5,128.0,112.5,129.5,
2607,"K S Rangasamy College of Technology (Autonomous), K.S.R Kalvi Nagar, Thokkavadi, Tiruchengode Tk, Namakkal-637215.",INFORMATION TECHNOLOGY,166.0,159.0,154.0,155.0,,,
2607,"K S Rangasamy College of Technology (Autonomous), K.S.R Kalvi Nagar, Thokkavadi, Tiruchengode Tk, Namakkal-637215.",MECHANICAL ENGINEERING,146.0,125.0,130.5,126.5,,136.0,
2607,"K S Rangasamy College of Technology (Autonomous), K.S.R Kalvi Nagar, Thokkavadi, Tiruchengode Tk, Namakkal-637215.",Mechatronics Engineering,148.0,134.5,108.5,124.5,,105.0,
2607,"K S Rangasamy College of Technology (Autonomous), K.S.R Kalvi Nagar, Thokkavadi, Tiruchengode Tk, Namakkal-637215.",TEXTILE TECHNOLOGY,149.0,122.5,140.0,127.5,,,
2608,"M.Kumarasamy College of Engineering (Autonomous), Thalavapalayam Post,Punjai Thottakkurichi Village, Karur Tk, Karur-639113.",Artificial Intelligence and Data Science,168.5,161.0,148.5,154.0,,121.5,
2608,"M.Kumarasamy College of Engineering (Autonomous), Thalavapalayam Post,Punjai Thottakkurichi Village, Karur Tk, Karur-639113.",COMPUTER SCIENCE AND ENGINEERING (AI AND MACHINE LEARNING),166.0,159.5,158.0,154.0,,,
2608,"M.Kumarasamy College of Engineering (Autonomous), Thalavapalayam Post,Punjai Thottakkurichi Village, Karur Tk, Karur-639113.",COMPUTER SCIENCE AND BUSSINESS SYSTEM,166.0,158.0,,152.5,,107.5,
2608,"M.Kumarasamy College of Engineering (Autonomous), Thalavapalayam Post,Punjai Thottakkurichi Village, Karur Tk, Karur-639113.",CIVIL ENGINEERING,149.5,141.7,130.0,133.0,,124.0,
2608,"M.Kumarasamy College of Engineering (Autonomous), Thalavapalayam Post,Punjai Thottakkurichi Village, Karur Tk, Karur-639113.",COMPUTER SCIENCE AND ENGINEERING,176.5,170.5,157.0,165.5,108.0,132.5,108.5
2608,"M.Kumarasamy College of Engineering (Autonomous), Thalavapalayam Post,Punjai Thottakkurichi Village, Karur Tk, Karur-639113.",ELECTRONICS AND COMMUNICATION ENGINEERING,169.0,160.0,147.5,151.0,,103.0,
2608,"M.Kumarasamy College of Engineering (Autonomous), Thalavapalayam Post,Punjai Thottakkurichi Village, Karur Tk, Karur-639113.",ELECTRICAL AND ELECTRONICS ENGINEERING,151.0,143.5,141.0,135.5,,103.0,
2608,"M.Kumarasamy College of Engineering (Autonomous), Thalavapalayam Post,Punjai Thottakkurichi Village, Karur Tk, Karur-639113.",Electronics Engineering (VLSI Design and Technology),159.0,153.0,127.0,145.5,,,
2608,"M.Kumarasamy College of Engineering (Autonomous), Thalavapalayam Post,Punjai Thottakkurichi Village, Karur Tk, Karur-639113.",INFORMATION TECHNOLOGY,170.0,164.0,155.5,155.0,,,
2608,"M.Kumarasamy College of Engineering (Autonomous), Thalavapalayam Post,Punjai Thottakkurichi Village, Karur Tk, Karur-639113.",MECHANICAL ENGINEERING,143.5,123.5,87.5,123.5,,,
2608,"M.Kumarasamy College of Engineering (Autonomous), Thalavapalayam Post,Punjai Thottakkurichi Village, Karur Tk, Karur-639113.",Computer Science and Engineering (Cyber Security),166.0,160.0,163.0,153.5,,,
2609,"Mahendra Engineering College (Autonomous), Mahendhirapuri, Mallasamudram West, Vadugapalayam Post,Tiruchengodu Taluk, Namakkal District-637503.",Artificial Intelligence and Data Science,148.0,101.0,136.0,134.5,,111.0,
2609,"Mahendra Engineering College (Autonomous), Mahendhirapuri, Mallasamudram West, Vadugapalayam Post,Tiruchengodu Taluk, Namakkal District-637503.",AERONAUTICAL ENGINEERING,130.5,,,104.5,,,
2609,"Mahendra Engineering College (Autonomous), Mahendhirapuri, Mallasamudram West, Vadugapalayam Post,Tiruchengodu Taluk, Namakkal District-637503.",AGRICULTURAL ENGINEERING,93.5,,,,,,
2609,"Mahendra Engineering College (Autonomous), Mahendhirapuri, Mallasamudram West, Vadugapalayam Post,Tiruchengodu Taluk, Namakkal District-637503.",CIVIL ENGINEERING,116.5,,,99.5,,,
2609,"Mahendra Engineering College (Autonomous), Mahendhirapuri, Mallasamudram West, Vadugapalayam Post,Tiruchengodu Taluk, Namakkal District-637503.",COMPUTER SCIENCE AND ENGINEERING,157.5,131.0,133.5,139.5,,109.0,
2609,"Mahendra Engineering College (Autonomous), Mahendhirapuri, Mallasamudram West, Vadugapalayam Post,Tiruchengodu Taluk, Namakkal District-637503.",Cyber Security,143.5,,,124.5,,107.5,
2609,"Mahendra Engineering College (Autonomous), Mahendhirapuri, Mallasamudram West, Vadugapalayam Post,Tiruchengodu Taluk, Namakkal District-637503.",ELECTRONICS AND COMMUNICATION ENGINEERING,145.0,115.5,113.0,127.5,,,103.0
2609,"Mahendra Engineering College (Autonomous), Mahendhirapuri, Mallasamudram West, Vadugapalayam Post,Tiruchengodu Taluk, Namakkal District-637503.",ELECTRICAL AND ELECTRONICS ENGINEERING,122.5,,84.5,111.5,,,
2609,"Mahendra Engineering College (Autonomous), Mahendhirapuri, Mallasamudram West, Vadugapalayam Post,Tiruchengodu Taluk, Namakkal District-637503.",INFORMATION TECHNOLOGY,147.5,122.0,119.5,129.0,,97.5,
2609,"Mahendra Engineering College (Autonomous), Mahendhirapuri, Mallasamudram West, Vadugapalayam Post,Tiruchengodu Taluk, Namakkal District-637503.",MECHANICAL ENGINEERING,121.0,,,102.5,,,
2609,"Mahendra Engineering College (Autonomous), Mahendhirapuri, Mallasamudram West, Vadugapalayam Post,Tiruchengodu Taluk, Namakkal District-637503.",Mechatronics Engineering,109.0,,,,,,
2610,"Muthayammal Engineering College (Autonomous), Kakkaveri, Rasipuram (Tk), Namakkal District-637408.",Artificial Intelligence and Data Science,126.5,,,100.5,,,
2610,"Muthayammal Engineering College (Autonomous), Kakkaveri, Rasipuram (Tk), Namakkal District-637408.",COMPUTER SCIENCE AND ENGINEERING (AI AND MACHINE LEARNING),123.5,,,97.0,,,
2610,"Muthayammal Engineering College (Autonomous), Kakkaveri, Rasipuram (Tk), Namakkal District-637408.",BIO MEDICAL ENGINEERING,113.5,,,81.5,,102.0,
2610,"Muthayammal Engineering College (Autonomous), Kakkaveri, Rasipuram (Tk), Namakkal District-637408.",BIO TECHNOLOGY,119.0,,,,,88.0,
2610,"Muthayammal Engineering College (Autonomous), Kakkaveri, Rasipuram (Tk), Namakkal District-637408.",COMPUTER SCIENCE AND BUSSINESS SYSTEM,114.0,,,87.0,,,
2610,"Muthayammal Engineering College (Autonomous), Kakkaveri, Rasipuram (Tk), Namakkal District-637408.",CIVIL ENGINEERING,142.0,,,107.5,102.0,122.0,
2610,"Muthayammal Engineering College (Autonomous), Kakkaveri, Rasipuram (Tk), Namakkal District-637408.",COMPUTER SCIENCE AND ENGINEERING,140.5,,,111.5,,84.5,
2610,"Muthayammal Engineering College (Autonomous), Kakkaveri, Rasipuram (Tk), Namakkal District-637408.",ELECTRONICS AND COMMUNICATION ENGINEERING,136.5,,,108.0,,,
2610,"Muthayammal Engineering College (Autonomous), Kakkaveri, Rasipuram (Tk), Namakkal District-637408.",ELECTRICAL AND ELECTRONICS ENGINEERING,118.0,,,100.0,,101.5,
2610,"Muthayammal Engineering College (Autonomous), Kakkaveri, Rasipuram (Tk), Namakkal District-637408.",Electronics Engineering (VLSI Design and Technology),103.0,,,91.0,,,
2610,"Muthayammal Engineering College (Autonomous), Kakkaveri, Rasipuram (Tk), Namakkal District-637408.",INFORMATION TECHNOLOGY,132.5,,,112.5,,,
2610,"Muthayammal Engineering College (Autonomous), Kakkaveri, Rasipuram (Tk), Namakkal District-637408.",MECHANICAL ENGINEERING,113.0,,,96.5,,,
2610,"Muthayammal Engineering College (Autonomous), Kakkaveri, Rasipuram (Tk), Namakkal District-637408.",Mechatronics Engineering,122.5,,116.5,96.5,,,
2610,"Muthayammal Engineering College (Autonomous), Kakkaveri, Rasipuram (Tk), Namakkal District-637408.",Computer Science and Engineering (Cyber Security),130.5,,,105.5,,106.5,
2611,"Paavai Engineering College (Autonomous), NH-7, Paavai Nagar, Pachal, Namakkal-637018.",Artificial Intelligence and Data Science,159.5,136.5,148.5,133.0,121.0,127.5,128.5
2611,"Paavai Engineering College (Autonomous), NH-7, Paavai Nagar, Pachal, Namakkal-637018.",AERONAUTICAL ENGINEERING,150.0,106.5,103.0,125.5,93.5,123.5,87.5
2611,"Paavai Engineering College (Autonomous), NH-7, Paavai Nagar, Pachal, Namakkal-637018.",AGRICULTURAL ENGINEERING,130.5,,,110.0,,,85.0
2611,"Paavai Engineering College (Autonomous), NH-7, Paavai Nagar, Pachal, Namakkal-637018.",COMPUTER SCIENCE AND ENGINEERING (AI AND MACHINE LEARNING),152.0,132.0,133.0,132.5,,,
2611,"Paavai Engineering College (Autonomous), NH-7, Paavai Nagar, Pachal, Namakkal-637018.",BIO MEDICAL ENGINEERING,147.5,,,127.5,108.5,107.0,
2611,"Paavai Engineering College (Autonomous), NH-7, Paavai Nagar, Pachal, Namakkal-637018.",BIO TECHNOLOGY,144.0,,,116.5,,112.0,
2611,"Paavai Engineering College (Autonomous), NH-7, Paavai Nagar, Pachal, Namakkal-637018.",CIVIL ENGINEERING,121.5,,,110.0,,105.0,95.5
2611,"Paavai Engineering College (Autonomous), NH-7, Paavai Nagar, Pachal, Namakkal-637018.",CHEMICAL ENGINEERING,149.0,109.0,,99.5,,86.5,92.0
2611,"Paavai Engineering College (Autonomous), NH-7, Paavai Nagar, Pachal, Namakkal-637018.",Computer Science and Engineering (Internet of Things),140.5,116.5,,127.5,,,
2611,"Paavai Engineering College (Autonomous), NH-7, Paavai Nagar, Pachal, Namakkal-637018.",COMPUTER SCIENCE AND ENGINEERING,155.5,135.5,109.5,131.0,,,117.5
2611,"Paavai Engineering College (Autonomous), NH-7, Paavai Nagar, Pachal, Namakkal-637018.",Cyber Security,147.0,122.5,,130.5,,,101.5
2611,"Paavai Engineering College (Autonomous), NH-7, Paavai Nagar, Pachal, Namakkal-637018.",ELECTRONICS AND COMMUNICATION ENGINEERING,150.5,137.0,,133.5,,,137.0
2611,"Paavai Engineering College (Autonomous), NH-7, Paavai Nagar, Pachal, Namakkal-637018.",ELECTRICAL AND ELECTRONICS ENGINEERING,137.0,111.5,114.5,121.5,,120.5,
2611,"Paavai Engineering College (Autonomous), NH-7, Paavai Nagar, Pachal, Namakkal-637018.",FOOD TECHNOLOGY,119.5,,117.5,106.0,,107.5,115.5
2611,"Paavai Engineering College (Autonomous), NH-7, Paavai Nagar, Pachal, Namakkal-637018.",INFORMATION TECHNOLOGY,145.5,115.0,,126.5,,112.0,110.0
2611,"Paavai Engineering College (Autonomous), NH-7, Paavai Nagar, Pachal, Namakkal-637018.",MECHANICAL ENGINEERING,129.0,,,116.0,,,
2611,"Paavai Engineering College (Autonomous), NH-7, Paavai Nagar, Pachal, Namakkal-637018.",Mechatronics Engineering,130.0,100.0,,118.5,,,103.5
2611,"Paavai Engineering College (Autonomous), NH-7, Paavai Nagar, Pachal, Namakkal-637018.",PHARMACEUTICAL TECHNOLOGY,114.5,,,102.5,,85.0,
2611,"Paavai Engineering College (Autonomous), NH-7, Paavai Nagar, Pachal, Namakkal-637018.",ROBOTICS AND AUTOMATION,133.5,110.5,,119.0,,,
2612,"PGP College of Engineering and Technology, Namakkal-Paramathi NH 7 Road, Namakkal-637207.",Artificial Intelligence and Data Science,121.0,,,,,101.5,
2612,"PGP College of Engineering and Technology, Namakkal-Paramathi NH 7 Road, Namakkal-637207.",BIO MEDICAL ENGINEERING,122.0,,,,,110.0,
2612,"PGP College of Engineering and Technology, Namakkal-Paramathi NH 7 Road, Namakkal-637207.",CIVIL ENGINEERING,,,,,,,
2612,"PGP College of Engineering and Technology, Namakkal-Paramathi NH 7 Road, Namakkal-637207.",COMPUTER SCIENCE AND ENGINEERING,112.0,,,,,97.5,
2612,"PGP College of Engineering and Technology, Namakkal-Paramathi NH 7 Road, Namakkal-637207.",ELECTRONICS AND COMMUNICATION ENGINEERING,127.0,,,,90.0,111.0,
2612,"PGP College of Engineering and Technology, Namakkal-Paramathi NH 7 Road, Namakkal-637207.",ELECTRICAL AND ELECTRONICS ENGINEERING,112.0,,,,,,
2612,"PGP College of Engineering and Technology, Namakkal-Paramathi NH 7 Road, Namakkal-637207.",INFORMATION TECHNOLOGY,114.0,,,,,96.0,
2612,"PGP College of Engineering and Technology, Namakkal-Paramathi NH 7 Road, Namakkal-637207.",MECHANICAL ENGINEERING,,,,,,,
2613,"K S R College of Engineering (Autonomous), K S R Kalvi Nagar, Thokkavadi, Tiruchengode, Namakkal Dist-637215.",Artificial Intelligence and Data Science,166.5,158.5,,155.0,109.0,121.0,
2613,"K S R College of Engineering (Autonomous), K S R Kalvi Nagar, Thokkavadi, Tiruchengode, Namakkal Dist-637215.",BIO MEDICAL ENGINEERING,148.0,125.0,106.5,125.5,,120.0,
2613,"K S R College of Engineering (Autonomous), K S R Kalvi Nagar, Thokkavadi, Tiruchengode, Namakkal Dist-637215.",CIVIL ENGINEERING,132.5,94.0,106.5,107.5,,118.0,
2613,"K S R College of Engineering (Autonomous), K S R Kalvi Nagar, Thokkavadi, Tiruchengode, Namakkal Dist-637215.",Computer Science and Engineering (Internet of Things),158.0,151.5,149.0,147.5,,,
2613,"K S R College of Engineering (Autonomous), K S R Kalvi Nagar, Thokkavadi, Tiruchengode, Namakkal Dist-637215.",COMPUTER SCIENCE AND ENGINEERING,167.0,155.5,151.0,157.5,,125.5,94.5
2613,"K S R College of Engineering (Autonomous), K S R Kalvi Nagar, Thokkavadi, Tiruchengode, Namakkal Dist-637215.",ELECTRONICS AND COMMUNICATION ENGINEERING,162.0,153.0,137.0,154.5,,122.5,126.0
2613,"K S R College of Engineering (Autonomous), K S R Kalvi Nagar, Thokkavadi, Tiruchengode, Namakkal Dist-637215.",ELECTRICAL AND ELECTRONICS ENGINEERING,151.5,139.0,129.5,142.5,,,
2613,"K S R College of Engineering (Autonomous), K S R Kalvi Nagar, Thokkavadi, Tiruchengode, Namakkal Dist-637215.",INFORMATION TECHNOLOGY,164.5,155.0,143.5,152.0,105.0,117.0,131.0
2613,"K S R College of Engineering (Autonomous), K S R Kalvi Nagar, Thokkavadi, Tiruchengode, Namakkal Dist-637215.",MECHANICAL ENGINEERING,133.5,112.5,120.0,118.5,,101.5,
2613,"K S R College of Engineering (Autonomous), K S R Kalvi Nagar, Thokkavadi, Tiruchengode, Namakkal Dist-637215.",Computer Science and Engineering (Cyber Security),166.5,157.0,157.5,153.0,,131.0,
2613,"K S R College of Engineering (Autonomous), K S R Kalvi Nagar, Thokkavadi, Tiruchengode, Namakkal Dist-637215.",Safety and Fire Engineering,132.5,104.0,,109.5,,98.5,
2614,"SSM College of Engineering, NH-47 Salem Main Road, Komarapalayam, Namakkal District-638183.",CIVIL ENGINEERING,,,,,,,
2614,"SSM College of Engineering, NH-47 Salem Main Road, Komarapalayam, Namakkal District-638183.",COMPUTER SCIENCE AND ENGINEERING,,,,,,,
2614,"SSM College of Engineering, NH-47 Salem Main Road, Komarapalayam, Namakkal District-638183.",ELECTRONICS AND COMMUNICATION ENGINEERING,102.5,,,,,,
2614,"SSM College of Engineering, NH-47 Salem Main Road, Komarapalayam, Namakkal District-638183.",ELECTRICAL AND ELECTRONICS ENGINEERING,,,,,,,
2614,"SSM College of Engineering, NH-47 Salem Main Road, Komarapalayam, Namakkal District-638183.",INFORMATION TECHNOLOGY,110.5,,,,,,
2614,"SSM College of Engineering, NH-47 Salem Main Road, Komarapalayam, Namakkal District-638183.",MECHANICAL ENGINEERING,,,,,,,
2614,"SSM College of Engineering, NH-47 Salem Main Road, Komarapalayam, Namakkal District-638183.",PETRO CHEMICAL TECHNOLOGY,,,,,,,
2614,"SSM College of Engineering, NH-47 Salem Main Road, Komarapalayam, Namakkal District-638183.",PETROLEUM ENGINEERING,,,,,,,
2614,"SSM College of Engineering, NH-47 Salem Main Road, Komarapalayam, Namakkal District-638183.",TEXTILE CHEMISTRY,,,,,,,
2614,"SSM College of Engineering, NH-47 Salem Main Road, Komarapalayam, Namakkal District-638183.",TEXTILE TECHNOLOGY,,,,,,,
2616,"Sapthagiri College of Engineering, NH-7, Krishnagiri Main Road,Palacode Taluk Periyanahalli Village & Post Dharmapuri District-635205.",Artificial Intelligence and Data Science,,,,,,,
2616,"Sapthagiri College of Engineering, NH-7, Krishnagiri Main Road,Palacode Taluk Periyanahalli Village & Post Dharmapuri District-635205.",CIVIL ENGINEERING,,,,,,,
2616,"Sapthagiri College of Engineering, NH-7, Krishnagiri Main Road,Palacode Taluk Periyanahalli Village & Post Dharmapuri District-635205.",COMPUTER SCIENCE AND ENGINEERING,,,,,,,
2616,"Sapthagiri College of Engineering, NH-7, Krishnagiri Main Road,Palacode Taluk Periyanahalli Village & Post Dharmapuri District-635205.",ELECTRONICS AND COMMUNICATION ENGINEERING,,,,,,,
2616,"Sapthagiri College of Engineering, NH-7, Krishnagiri Main Road,Palacode Taluk Periyanahalli Village & Post Dharmapuri District-635205.",ELECTRICAL AND ELECTRONICS ENGINEERING,,,,,,,
2616,"Sapthagiri College of Engineering, NH-7, Krishnagiri Main Road,Palacode Taluk Periyanahalli Village & Post Dharmapuri District-635205.",ELECTRONICS AND INSTRUMENTATION ENGINEERING,,,,,,,
2616,"Sapthagiri College of Engineering, NH-7, Krishnagiri Main Road,Palacode Taluk Periyanahalli Village & Post Dharmapuri District-635205.",INFORMATION TECHNOLOGY,,,,,,,
2616,"Sapthagiri College of Engineering, NH-7, Krishnagiri Main Road,Palacode Taluk Periyanahalli Village & Post Dharmapuri District-635205.",MECHANICAL ENGINEERING,,,,,,,
2616,"Sapthagiri College of Engineering, NH-7, Krishnagiri Main Road,Palacode Taluk Periyanahalli Village & Post Dharmapuri District-635205.",Computer Science and Engineering (Cyber Security),,,,,,,
2617,"Sengunthar Engineering College (Autonomous), Kosavampalayam, Kumaramangalam (Post),Tiruchengode (Taluk),Namakkal District-637205.",Artificial Intelligence and Data Science,150.5,134.0,113.0,131.0,107.5,132.5,
2617,"Sengunthar Engineering College (Autonomous), Kosavampalayam, Kumaramangalam (Post),Tiruchengode (Taluk),Namakkal District-637205.",COMPUTER SCIENCE AND ENGINEERING (AI AND MACHINE LEARNING),138.5,126.5,,125.5,91.5,137.0,
2617,"Sengunthar Engineering College (Autonomous), Kosavampalayam, Kumaramangalam (Post),Tiruchengode (Taluk),Namakkal District-637205.",CIVIL ENGINEERING,118.5,109.5,102.0,112.5,,,106.0
2617,"Sengunthar Engineering College (Autonomous), Kosavampalayam, Kumaramangalam (Post),Tiruchengode (Taluk),Namakkal District-637205.",COMPUTER SCIENCE AND ENGINEERING,152.0,134.5,108.5,130.0,97.0,136.5,
2617,"Sengunthar Engineering College (Autonomous), Kosavampalayam, Kumaramangalam (Post),Tiruchengode (Taluk),Namakkal District-637205.",ELECTRONICS AND COMMUNICATION ENGINEERING,152.5,136.5,140.0,145.0,116.5,101.0,127.5
2617,"Sengunthar Engineering College (Autonomous), Kosavampalayam, Kumaramangalam (Post),Tiruchengode (Taluk),Namakkal District-637205.",ELECTRICAL AND ELECTRONICS ENGINEERING,138.5,122.5,,122.5,,110.0,
2617,"Sengunthar Engineering College (Autonomous), Kosavampalayam, Kumaramangalam (Post),Tiruchengode (Taluk),Namakkal District-637205.",INFORMATION TECHNOLOGY,150.5,137.5,95.0,137.5,108.0,112.5,
2617,"Sengunthar Engineering College (Autonomous), Kosavampalayam, Kumaramangalam (Post),Tiruchengode (Taluk),Namakkal District-637205.",MEDICAL ELECTRONICS ENGINEERING,127.5,119.5,116.0,119.0,102.0,114.0,
2617,"Sengunthar Engineering College (Autonomous), Kosavampalayam, Kumaramangalam (Post),Tiruchengode (Taluk),Namakkal District-637205.",MECHANICAL ENGINEERING,121.0,111.0,88.5,115.0,,103.5,
2617,"Sengunthar Engineering College (Autonomous), Kosavampalayam, Kumaramangalam (Post),Tiruchengode (Taluk),Namakkal District-637205.",PHARMACEUTICAL TECHNOLOGY,141.5,115.5,,123.5,109.0,,
2617,"Sengunthar Engineering College (Autonomous), Kosavampalayam, Kumaramangalam (Post),Tiruchengode (Taluk),Namakkal District-637205.",ROBOTICS AND AUTOMATION,145.0,120.0,,118.0,89.0,108.5,
2617,"Sengunthar Engineering College (Autonomous), Kosavampalayam, Kumaramangalam (Post),Tiruchengode (Taluk),Namakkal District-637205.",Computer Science and Engineering (Cyber Security),146.5,134.0,,124.0,113.5,120.5,
2618,"Sona College of Technology (Autonomous), Sona Nagar, Thiagarajar Polytechnic College Road, Suramangalam (P.O),Salem District-636005.",Artificial Intelligence and Data Science,179.5,175.5,172.5,173.0,140.5,123.5,136.0
2618,"Sona College of Technology (Autonomous), Sona Nagar, Thiagarajar Polytechnic College Road, Suramangalam (P.O),Salem District-636005.",COMPUTER SCIENCE AND ENGINEERING (AI AND MACHINE LEARNING),178.5,175.0,164.0,172.0,147.5,114.5,
2618,"Sona College of Technology (Autonomous), Sona Nagar, Thiagarajar Polytechnic College Road, Suramangalam (P.O),Salem District-636005.",BIO MEDICAL ENGINEERING,169.5,158.5,163.5,150.0,95.5,,
2618,"Sona College of Technology (Autonomous), Sona Nagar, Thiagarajar Polytechnic College Road, Suramangalam (P.O),Salem District-636005.",COMPUTER SCIENCE AND BUSSINESS SYSTEM,176.0,171.0,164.0,167.0,129.5,123.5,
2618,"Sona College of Technology (Autonomous), Sona Nagar, Thiagarajar Polytechnic College Road, Suramangalam (P.O),Salem District-636005.",COMPUTER SCIENCE AND DESIGN,174.5,169.5,,169.0,127.0,132.5,
2618,"Sona College of Technology (Autonomous), Sona Nagar, Thiagarajar Polytechnic College Road, Suramangalam (P.O),Salem District-636005.",CIVIL ENGINEERING,163.5,155.0,135.5,149.0,111.5,100.0,
2618,"Sona College of Technology (Autonomous), Sona Nagar, Thiagarajar Polytechnic College Road, Suramangalam (P.O),Salem District-636005.",COMPUTER SCIENCE AND ENGINEERING,185.0,179.0,175.5,177.5,142.5,121.5,160.0
2618,"Sona College of Technology (Autonomous), Sona Nagar, Thiagarajar Polytechnic College Road, Suramangalam (P.O),Salem District-636005.",ELECTRONICS AND COMMUNICATION ENGINEERING,181.0,176.0,171.0,176.0,134.5,140.0,
2618,"Sona College of Technology (Autonomous), Sona Nagar, Thiagarajar Polytechnic College Road, Suramangalam (P.O),Salem District-636005.",ELECTRICAL AND ELECTRONICS ENGINEERING,173.5,168.0,166.5,167.0,110.0,123.5,143.0
2618,"Sona College of Technology (Autonomous), Sona Nagar, Thiagarajar Polytechnic College Road, Suramangalam (P.O),Salem District-636005.",Electrical and Computer Engineering,166.5,162.0,160.5,160.0,,99.5,118.0
2618,"Sona College of Technology (Autonomous), Sona Nagar, Thiagarajar Polytechnic College Road, Suramangalam (P.O),Salem District-636005.",Electronics Engineering (VLSI Design and Technology),173.5,170.0,162.5,166.0,,,
2618,"Sona College of Technology (Autonomous), Sona Nagar, Thiagarajar Polytechnic College Road, Suramangalam (P.O),Salem District-636005.",Electronics and Computer Engineering,173.5,168.5,168.5,167.5,110.5,107.0,
2618,"Sona College of Technology (Autonomous), Sona Nagar, Thiagarajar Polytechnic College Road, Suramangalam (P.O),Salem District-636005.",FASHION TECHNOLOGY,161.0,144.0,119.5,144.0,,151.0,
2618,"Sona College of Technology (Autonomous), Sona Nagar, Thiagarajar Polytechnic College Road, Suramangalam (P.O),Salem District-636005.",INFORMATION TECHNOLOGY,179.5,175.5,175.0,174.5,136.0,134.5,
2618,"Sona College of Technology (Autonomous), Sona Nagar, Thiagarajar Polytechnic College Road, Suramangalam (P.O),Salem District-636005.",MECHANICAL ENGINEERING,164.5,154.5,133.0,152.5,,104.5,130.0
2618,"Sona College of Technology (Autonomous), Sona Nagar, Thiagarajar Polytechnic College Road, Suramangalam (P.O),Salem District-636005.",Mechatronics Engineering,167.5,159.0,162.0,157.0,,,
2618,"Sona College of Technology (Autonomous), Sona Nagar, Thiagarajar Polytechnic College Road, Suramangalam (P.O),Salem District-636005.",Computer Science and Engineering (Cyber Security),177.0,174.5,174.0,171.5,146.5,130.0,
2618,"Sona College of Technology (Autonomous), Sona Nagar, Thiagarajar Polytechnic College Road, Suramangalam (P.O),Salem District-636005.",Safety and Fire Engineering,141.5,109.0,,130.5,,,
2620,"Vivekanandha College of Engineering for Women (Autonomous), Sathiyanaickenpalayam Village, Elayampalayam, Tiruchengode, Namakkal District-637205.",Artificial Intelligence and Data Science,168.5,150.5,131.0,140.0,,89.0,148.5
2620,"Vivekanandha College of Engineering for Women (Autonomous), Sathiyanaickenpalayam Village, Elayampalayam, Tiruchengode, Namakkal District-637205.",AGRICULTURAL ENGINEERING,143.0,,,133.5,111.5,127.5,
2620,"Vivekanandha College of Engineering for Women (Autonomous), Sathiyanaickenpalayam Village, Elayampalayam, Tiruchengode, Namakkal District-637205.",COMPUTER SCIENCE AND ENGINEERING (AI AND MACHINE LEARNING),155.5,137.0,139.5,140.0,,89.0,143.5
2620,"Vivekanandha College of Engineering for Women (Autonomous), Sathiyanaickenpalayam Village, Elayampalayam, Tiruchengode, Namakkal District-637205.",BIO MEDICAL ENGINEERING,145.5,112.5,,131.0,115.0,132.5,
2620,"Vivekanandha College of Engineering for Women (Autonomous), Sathiyanaickenpalayam Village, Elayampalayam, Tiruchengode, Namakkal District-637205.",BIO TECHNOLOGY,146.0,113.5,,134.0,124.5,145.0,145.0
2620,"Vivekanandha College of Engineering for Women (Autonomous), Sathiyanaickenpalayam Village, Elayampalayam, Tiruchengode, Namakkal District-637205.",CIVIL ENGINEERING,139.0,,,121.0,110.5,123.0,
2620,"Vivekanandha College of Engineering for Women (Autonomous), Sathiyanaickenpalayam Village, Elayampalayam, Tiruchengode, Namakkal District-637205.",COMPUTER SCIENCE AND ENGINEERING,163.5,136.5,139.5,142.0,,127.0,
2620,"Vivekanandha College of Engineering for Women (Autonomous), Sathiyanaickenpalayam Village, Elayampalayam, Tiruchengode, Namakkal District-637205.",ELECTRONICS AND COMMUNICATION ENGINEERING,154.0,127.0,,139.5,120.5,136.0,
2620,"Vivekanandha College of Engineering for Women (Autonomous), Sathiyanaickenpalayam Village, Elayampalayam, Tiruchengode, Namakkal District-637205.",ELECTRICAL AND ELECTRONICS ENGINEERING,140.5,123.5,126.0,130.0,114.0,137.0,
2620,"Vivekanandha College of Engineering for Women (Autonomous), Sathiyanaickenpalayam Village, Elayampalayam, Tiruchengode, Namakkal District-637205.",INFORMATION TECHNOLOGY,159.5,134.5,,142.5,,118.0,
2621,"Er. Perumal Manimekalai College of Engineering (Autonomous), 17th Km Hosur - Krishnagiri NH7, Nallaganakothapalli, Near Koneripalli, Hosur Taluk, Krishnagiri District-635117.",Artificial Intelligence and Data Science,149.5,127.0,136.0,140.0,99.5,,
2621,"Er. Perumal Manimekalai College of Engineering (Autonomous), 17th Km Hosur - Krishnagiri NH7, Nallaganakothapalli, Near Koneripalli, Hosur Taluk, Krishnagiri District-635117.",AERONAUTICAL ENGINEERING,125.5,96.0,112.0,108.5,,,
2621,"Er. Perumal Manimekalai College of Engineering (Autonomous), 17th Km Hosur - Krishnagiri NH7, Nallaganakothapalli, Near Koneripalli, Hosur Taluk, Krishnagiri District-635117.",COMPUTER SCIENCE AND ENGINEERING (AI AND MACHINE LEARNING),143.5,124.5,132.5,133.5,89.0,,
2621,"Er. Perumal Manimekalai College of Engineering (Autonomous), 17th Km Hosur - Krishnagiri NH7, Nallaganakothapalli, Near Koneripalli, Hosur Taluk, Krishnagiri District-635117.",COMPUTER SCIENCE AND BUSSINESS SYSTEM,132.0,119.5,126.0,125.5,88.0,,
2621,"Er. Perumal Manimekalai College of Engineering (Autonomous), 17th Km Hosur - Krishnagiri NH7, Nallaganakothapalli, Near Koneripalli, Hosur Taluk, Krishnagiri District-635117.",CIVIL ENGINEERING,116.5,,97.0,108.0,,,
2621,"Er. Perumal Manimekalai College of Engineering (Autonomous), 17th Km Hosur - Krishnagiri NH7, Nallaganakothapalli, Near Koneripalli, Hosur Taluk, Krishnagiri District-635117.",CHEMICAL ENGINEERING,120.0,,113.5,105.5,,,
2621,"Er. Perumal Manimekalai College of Engineering (Autonomous), 17th Km Hosur - Krishnagiri NH7, Nallaganakothapalli, Near Koneripalli, Hosur Taluk, Krishnagiri District-635117.",COMPUTER SCIENCE AND ENGINEERING,157.5,131.5,141.0,135.5,88.0,138.5,
2621,"Er. Perumal Manimekalai College of Engineering (Autonomous), 17th Km Hosur - Krishnagiri NH7, Nallaganakothapalli, Near Koneripalli, Hosur Taluk, Krishnagiri District-635117.",ELECTRONICS AND COMMUNICATION ENGINEERING,150.5,129.5,138.5,139.0,103.5,,
2621,"Er. Perumal Manimekalai College of Engineering (Autonomous), 17th Km Hosur - Krishnagiri NH7, Nallaganakothapalli, Near Koneripalli, Hosur Taluk, Krishnagiri District-635117.",ELECTRICAL AND ELECTRONICS ENGINEERING,136.5,118.5,119.0,130.0,90.5,,
2621,"Er. Perumal Manimekalai College of Engineering (Autonomous), 17th Km Hosur - Krishnagiri NH7, Nallaganakothapalli, Near Koneripalli, Hosur Taluk, Krishnagiri District-635117.",INFORMATION TECHNOLOGY,143.5,126.0,134.0,135.0,,,
2621,"Er. Perumal Manimekalai College of Engineering (Autonomous), 17th Km Hosur - Krishnagiri NH7, Nallaganakothapalli, Near Koneripalli, Hosur Taluk, Krishnagiri District-635117.",MECHANICAL ENGINEERING,122.0,97.5,100.0,109.0,,,
2621,"Er. Perumal Manimekalai College of Engineering (Autonomous), 17th Km Hosur - Krishnagiri NH7, Nallaganakothapalli, Near Koneripalli, Hosur Taluk, Krishnagiri District-635117.",Mechatronics Engineering,127.0,110.0,109.0,118.0,,,
2622,"V S B Engineering College (Autonomous), N.H.67, Covai Road, Karudayampalayam (Village & Post), Aravakurichi (TK), Karur-639111.",Artificial Intelligence and Data Science,166.5,159.0,157.0,152.0,105.0,115.5,145.0
2622,"V S B Engineering College (Autonomous), N.H.67, Covai Road, Karudayampalayam (Village & Post), Aravakurichi (TK), Karur-639111.",COMPUTER SCIENCE AND ENGINEERING (AI AND MACHINE LEARNING),171.0,163.0,144.5,149.5,107.5,111.0,133.0
2622,"V S B Engineering College (Autonomous), N.H.67, Covai Road, Karudayampalayam (Village & Post), Aravakurichi (TK), Karur-639111.",BIO MEDICAL ENGINEERING,151.0,144.0,134.5,137.5,116.0,113.5,
2622,"V S B Engineering College (Autonomous), N.H.67, Covai Road, Karudayampalayam (Village & Post), Aravakurichi (TK), Karur-639111.",BIO TECHNOLOGY,160.5,144.0,115.0,138.5,134.5,,
2622,"V S B Engineering College (Autonomous), N.H.67, Covai Road, Karudayampalayam (Village & Post), Aravakurichi (TK), Karur-639111.",COMPUTER SCIENCE AND BUSSINESS SYSTEM,161.5,157.0,157.0,148.0,106.0,139.5,
2622,"V S B Engineering College (Autonomous), N.H.67, Covai Road, Karudayampalayam (Village & Post), Aravakurichi (TK), Karur-639111.",CIVIL ENGINEERING,144.5,137.5,,140.0,120.0,,
2622,"V S B Engineering College (Autonomous), N.H.67, Covai Road, Karudayampalayam (Village & Post), Aravakurichi (TK), Karur-639111.",CHEMICAL ENGINEERING,157.0,147.0,137.5,139.5,125.5,111.0,
2622,"V S B Engineering College (Autonomous), N.H.67, Covai Road, Karudayampalayam (Village & Post), Aravakurichi (TK), Karur-639111.",COMPUTER AND COMMUNICATION ENGINEERING,165.0,158.0,136.5,146.5,121.0,121.5,
2622,"V S B Engineering College (Autonomous), N.H.67, Covai Road, Karudayampalayam (Village & Post), Aravakurichi (TK), Karur-639111.",COMPUTER SCIENCE AND ENGINEERING,179.0,173.0,166.5,162.5,118.5,127.5,
2622,"V S B Engineering College (Autonomous), N.H.67, Covai Road, Karudayampalayam (Village & Post), Aravakurichi (TK), Karur-639111.",ELECTRONICS AND COMMUNICATION ENGINEERING,172.5,162.0,145.0,149.0,104.5,128.5,118.0
2622,"V S B Engineering College (Autonomous), N.H.67, Covai Road, Karudayampalayam (Village & Post), Aravakurichi (TK), Karur-639111.",ELECTRICAL AND ELECTRONICS ENGINEERING,161.5,154.5,167.0,142.5,105.0,130.0,
2622,"V S B Engineering College (Autonomous), N.H.67, Covai Road, Karudayampalayam (Village & Post), Aravakurichi (TK), Karur-639111.",INFORMATION TECHNOLOGY,173.5,166.0,156.5,156.5,106.0,107.5,99.5
2622,"V S B Engineering College (Autonomous), N.H.67, Covai Road, Karudayampalayam (Village & Post), Aravakurichi (TK), Karur-639111.",MECHANICAL ENGINEERING,152.0,143.5,117.5,143.0,108.0,150.0,
2623,"Mahendra College of Engineering, 12th KM Attur Main Road, Minnampalli, Salem-636106.",Artificial Intelligence and Data Science,138.0,,121.5,116.0,,,
2623,"Mahendra College of Engineering, 12th KM Attur Main Road, Minnampalli, Salem-636106.",BIO MEDICAL ENGINEERING,128.0,,87.5,108.0,,,
2623,"Mahendra College of Engineering, 12th KM Attur Main Road, Minnampalli, Salem-636106.",COMPUTER SCIENCE AND ENGINEERING,135.0,,103.0,114.0,,,
2623,"Mahendra College of Engineering, 12th KM Attur Main Road, Minnampalli, Salem-636106.",ELECTRONICS AND COMMUNICATION ENGINEERING,155.5,131.5,122.5,134.5,122.0,,
2623,"Mahendra College of Engineering, 12th KM Attur Main Road, Minnampalli, Salem-636106.",ELECTRICAL AND ELECTRONICS ENGINEERING,116.5,,,106.5,,,
2623,"Mahendra College of Engineering, 12th KM Attur Main Road, Minnampalli, Salem-636106.",INFORMATION TECHNOLOGY,136.0,,91.5,116.5,,,
2623,"Mahendra College of Engineering, 12th KM Attur Main Road, Minnampalli, Salem-636106.",MECHANICAL ENGINEERING,97.5,,,,,,
2624,"Gnanamani College of Technology (Autonomous), NH-7, A.K. Samuthiram, Pachal Post, Namakkal District-637018.",Artificial Intelligence and Data Science,132.5,,,107.0,,114.5,119.5
2624,"Gnanamani College of Technology (Autonomous), NH-7, A.K. Samuthiram, Pachal Post, Namakkal District-637018.",AGRICULTURAL ENGINEERING,116.5,,,82.0,,116.0,
2624,"Gnanamani College of Technology (Autonomous), NH-7, A.K. Samuthiram, Pachal Post, Namakkal District-637018.",BIO MEDICAL ENGINEERING,126.5,,109.0,103.0,,123.0,
2624,"Gnanamani College of Technology (Autonomous), NH-7, A.K. Samuthiram, Pachal Post, Namakkal District-637018.",BIO TECHNOLOGY,144.0,,,101.0,,138.0,
2624,"Gnanamani College of Technology (Autonomous), NH-7, A.K. Samuthiram, Pachal Post, Namakkal District-637018.",COMPUTER SCIENCE AND ENGINEERING,134.5,,,110.0,,117.0,
2624,"Gnanamani College of Technology (Autonomous), NH-7, A.K. Samuthiram, Pachal Post, Namakkal District-637018.",ELECTRONICS AND COMMUNICATION ENGINEERING,142.5,102.0,,110.5,,106.5,123.0
2624,"Gnanamani College of Technology (Autonomous), NH-7, A.K. Samuthiram, Pachal Post, Namakkal District-637018.",ELECTRICAL AND ELECTRONICS ENGINEERING,134.5,,,106.5,,97.0,
2624,"Gnanamani College of Technology (Autonomous), NH-7, A.K. Samuthiram, Pachal Post, Namakkal District-637018.",FOOD TECHNOLOGY,120.5,,,91.5,,89.0,
2624,"Gnanamani College of Technology (Autonomous), NH-7, A.K. Samuthiram, Pachal Post, Namakkal District-637018.",INFORMATION TECHNOLOGY,138.0,,,125.5,,,132.5
2624,"Gnanamani College of Technology (Autonomous), NH-7, A.K. Samuthiram, Pachal Post, Namakkal District-637018.",MECHANICAL ENGINEERING,113.0,,,98.0,93.0,109.5,
2624,"Gnanamani College of Technology (Autonomous), NH-7, A.K. Samuthiram, Pachal Post, Namakkal District-637018.",PHARMACEUTICAL TECHNOLOGY,132.0,,,83.5,,111.5,
2625,"The Kavery Engineering College (Autonomous), M. Kalipatti, Mecheri (Post), Mettur Taluk, Salem District-636453.",Artificial Intelligence and Data Science,144.0,,,140.5,123.0,95.0,
2625,"The Kavery Engineering College (Autonomous), M. Kalipatti, Mecheri (Post), Mettur Taluk, Salem District-636453.",AGRICULTURAL ENGINEERING,118.5,,,107.0,,,
2625,"The Kavery Engineering College (Autonomous), M. Kalipatti, Mecheri (Post), Mettur Taluk, Salem District-636453.",BIO MEDICAL ENGINEERING,141.5,,105.0,130.5,113.5,129.0,
2625,"The Kavery Engineering College (Autonomous), M. Kalipatti, Mecheri (Post), Mettur Taluk, Salem District-636453.",CIVIL ENGINEERING,135.0,,,119.0,,,
2625,"The Kavery Engineering College (Autonomous), M. Kalipatti, Mecheri (Post), Mettur Taluk, Salem District-636453.",CHEMICAL ENGINEERING,140.5,,,113.5,,,
2625,"The Kavery Engineering College (Autonomous), M. Kalipatti, Mecheri (Post), Mettur Taluk, Salem District-636453.",COMPUTER SCIENCE AND ENGINEERING,137.5,,,126.5,88.0,,111.5
2625,"The Kavery Engineering College (Autonomous), M. Kalipatti, Mecheri (Post), Mettur Taluk, Salem District-636453.",ELECTRONICS AND COMMUNICATION ENGINEERING,144.5,,,138.0,107.5,,
2625,"The Kavery Engineering College (Autonomous), M. Kalipatti, Mecheri (Post), Mettur Taluk, Salem District-636453.",ELECTRICAL AND ELECTRONICS ENGINEERING,133.5,,,121.5,,,104.0
2625,"The Kavery Engineering College (Autonomous), M. Kalipatti, Mecheri (Post), Mettur Taluk, Salem District-636453.",INFORMATION TECHNOLOGY,136.0,,,125.0,85.0,,108.0
2625,"The Kavery Engineering College (Autonomous), M. Kalipatti, Mecheri (Post), Mettur Taluk, Salem District-636453.",MECHANICAL ENGINEERING,119.0,,,107.0,,,
2627,"Selvam College of Technology (Autonomous), Salem Road NH-7, Pappinaickenpatti (Post), Ponnusamy Nagar, Namakkal (Tk & Dt)-637003.",Artificial Intelligence and Data Science,124.5,,,,,120.0,
2627,"Selvam College of Technology (Autonomous), Salem Road NH-7, Pappinaickenpatti (Post), Ponnusamy Nagar, Namakkal (Tk & Dt)-637003.",BIO MEDICAL ENGINEERING,120.5,,,,99.5,87.0,
2627,"Selvam College of Technology (Autonomous), Salem Road NH-7, Pappinaickenpatti (Post), Ponnusamy Nagar, Namakkal (Tk & Dt)-637003.",BIO TECHNOLOGY,107.0,,,,,105.0,
2627,"Selvam College of Technology (Autonomous), Salem Road NH-7, Pappinaickenpatti (Post), Ponnusamy Nagar, Namakkal (Tk & Dt)-637003.",CIVIL ENGINEERING,118.5,,,,97.5,104.5,
2627,"Selvam College of Technology (Autonomous), Salem Road NH-7, Pappinaickenpatti (Post), Ponnusamy Nagar, Namakkal (Tk & Dt)-637003.",COMPUTER SCIENCE AND ENGINEERING,133.5,,,,,116.5,
2627,"Selvam College of Technology (Autonomous), Salem Road NH-7, Pappinaickenpatti (Post), Ponnusamy Nagar, Namakkal (Tk & Dt)-637003.",ELECTRONICS AND COMMUNICATION ENGINEERING,125.5,,97.0,,,98.0,
2627,"Selvam College of Technology (Autonomous), Salem Road NH-7, Pappinaickenpatti (Post), Ponnusamy Nagar, Namakkal (Tk & Dt)-637003.",ELECTRICAL AND ELECTRONICS ENGINEERING,111.5,,,,,102.5,
2627,"Selvam College of Technology (Autonomous), Salem Road NH-7, Pappinaickenpatti (Post), Ponnusamy Nagar, Namakkal (Tk & Dt)-637003.",INFORMATION TECHNOLOGY,121.5,,,,,,
2627,"Selvam College of Technology (Autonomous), Salem Road NH-7, Pappinaickenpatti (Post), Ponnusamy Nagar, Namakkal (Tk & Dt)-637003.",MECHANICAL ENGINEERING,112.0,,,,,108.5,82.5
2628,"Paavai College of Engineering, Paavai Nagar, NH-7,Pachal, Namakkal-637018.",Artificial Intelligence and Data Science,148.5,121.0,126.0,139.5,,111.5,
2628,"Paavai College of Engineering, Paavai Nagar, NH-7,Pachal, Namakkal-637018.",COMPUTER SCIENCE AND ENGINEERING (AI AND MACHINE LEARNING),137.5,130.0,104.5,128.5,,,136.0
2628,"Paavai College of Engineering, Paavai Nagar, NH-7,Pachal, Namakkal-637018.",BIO MEDICAL ENGINEERING,114.0,,,91.0,,89.5,
2628,"Paavai College of Engineering, Paavai Nagar, NH-7,Pachal, Namakkal-637018.",COMPUTER SCIENCE AND ENGINEERING,146.0,120.0,,131.0,,,
2628,"Paavai College of Engineering, Paavai Nagar, NH-7,Pachal, Namakkal-637018.",ELECTRONICS AND COMMUNICATION ENGINEERING,134.5,118.0,,124.0,,,134.5
2628,"Paavai College of Engineering, Paavai Nagar, NH-7,Pachal, Namakkal-637018.",ELECTRICAL AND ELECTRONICS ENGINEERING,124.5,107.0,,116.5,,,117.0
2628,"Paavai College of Engineering, Paavai Nagar, NH-7,Pachal, Namakkal-637018.",MECHANICAL ENGINEERING,119.5,,,114.0,,,91.5
2628,"Paavai College of Engineering, Paavai Nagar, NH-7,Pachal, Namakkal-637018.",Computer Science and Engineering (Cyber Security),143.0,120.5,,125.5,,,
2630,"Chettinad College of Engineering and Technology, NH-67, Karur to Trichy Highways, Puliyur CF, Karur-639114.",Artificial Intelligence and Data Science,154.5,144.5,133.0,140.0,104.5,,
2630,"Chettinad College of Engineering and Technology, NH-67, Karur to Trichy Highways, Puliyur CF, Karur-639114.",COMPUTER SCIENCE AND ENGINEERING,162.5,146.5,,129.0,125.0,,
2630,"Chettinad College of Engineering and Technology, NH-67, Karur to Trichy Highways, Puliyur CF, Karur-639114.",ELECTRONICS AND COMMUNICATION ENGINEERING,155.0,134.5,134.0,115.5,104.5,95.5,
2630,"Chettinad College of Engineering and Technology, NH-67, Karur to Trichy Highways, Puliyur CF, Karur-639114.",ELECTRICAL AND ELECTRONICS ENGINEERING,130.0,117.0,107.5,100.0,,,
2630,"Chettinad College of Engineering and Technology, NH-67, Karur to Trichy Highways, Puliyur CF, Karur-639114.",INFORMATION TECHNOLOGY,148.5,139.0,146.5,133.5,,,
2630,"Chettinad College of Engineering and Technology, NH-67, Karur to Trichy Highways, Puliyur CF, Karur-639114.",MECHANICAL ENGINEERING,115.0,86.0,,,,,
2632,"Mahendra Institute of Technology (Autonomous), Mahendhirapuri, Mallasamudram West, Vadugapalayam Post, Tiruchengodu Taluk, Namakkal District-637503.",COMPUTER SCIENCE AND ENGINEERING (AI AND MACHINE LEARNING),130.0,,,117.5,,,
2632,"Mahendra Institute of Technology (Autonomous), Mahendhirapuri, Mallasamudram West, Vadugapalayam Post, Tiruchengodu Taluk, Namakkal District-637503.",BIO MEDICAL ENGINEERING,101.0,,,,,,
2632,"Mahendra Institute of Technology (Autonomous), Mahendhirapuri, Mallasamudram West, Vadugapalayam Post, Tiruchengodu Taluk, Namakkal District-637503.",COMPUTER SCIENCE AND ENGINEERING,136.0,,,121.0,,,
2632,"Mahendra Institute of Technology (Autonomous), Mahendhirapuri, Mallasamudram West, Vadugapalayam Post, Tiruchengodu Taluk, Namakkal District-637503.",ELECTRONICS AND COMMUNICATION ENGINEERING,137.0,115.0,118.0,123.5,,93.5,
2632,"Mahendra Institute of Technology (Autonomous), Mahendhirapuri, Mallasamudram West, Vadugapalayam Post, Tiruchengodu Taluk, Namakkal District-637503.",ELECTRICAL AND ELECTRONICS ENGINEERING,124.5,,,107.5,,,
2632,"Mahendra Institute of Technology (Autonomous), Mahendhirapuri, Mallasamudram West, Vadugapalayam Post, Tiruchengodu Taluk, Namakkal District-637503.",INFORMATION TECHNOLOGY,133.5,,105.5,117.5,,111.0,
2632,"Mahendra Institute of Technology (Autonomous), Mahendhirapuri, Mallasamudram West, Vadugapalayam Post, Tiruchengodu Taluk, Namakkal District-637503.",MECHANICAL ENGINEERING,93.0,,,,,,
2633,"Vidyaa Vikas College of Engineering and Technology, Varahoorampatti Village, Tiruchengode Taluk, Namakkal-637214.",Artificial Intelligence and Data Science,,,,,,,
2633,"Vidyaa Vikas College of Engineering and Technology, Varahoorampatti Village, Tiruchengode Taluk, Namakkal-637214.",COMPUTER SCIENCE AND ENGINEERING,,,,,,,
2633,"Vidyaa Vikas College of Engineering and Technology, Varahoorampatti Village, Tiruchengode Taluk, Namakkal-637214.",ELECTRONICS AND COMMUNICATION ENGINEERING,,,,,,,
2633,"Vidyaa Vikas College of Engineering and Technology, Varahoorampatti Village, Tiruchengode Taluk, Namakkal-637214.",ELECTRICAL AND ELECTRONICS ENGINEERING,,,,,,,
2633,"Vidyaa Vikas College of Engineering and Technology, Varahoorampatti Village, Tiruchengode Taluk, Namakkal-637214.",MECHANICAL ENGINEERING,,,,,,,
2633,"Vidyaa Vikas College of Engineering and Technology, Varahoorampatti Village, Tiruchengode Taluk, Namakkal-637214.",Computer Science and Engineering (Cyber Security),,,,,,,
2634,"Excel Engineering College (Autonomous), NH-47 Salem Main Road, Sankari West Post, Tiruchengode Taluk, Pallakapalayam, Namakkal District-637303.",Artificial Intelligence and Data Science,142.0,96.5,86.5,122.0,,116.0,
2634,"Excel Engineering College (Autonomous), NH-47 Salem Main Road, Sankari West Post, Tiruchengode Taluk, Pallakapalayam, Namakkal District-637303.",AERONAUTICAL ENGINEERING,135.5,,,109.0,103.0,126.5,
2634,"Excel Engineering College (Autonomous), NH-47 Salem Main Road, Sankari West Post, Tiruchengode Taluk, Pallakapalayam, Namakkal District-637303.",AGRICULTURAL ENGINEERING,128.0,,,114.0,,118.0,
2634,"Excel Engineering College (Autonomous), NH-47 Salem Main Road, Sankari West Post, Tiruchengode Taluk, Pallakapalayam, Namakkal District-637303.",COMPUTER SCIENCE AND ENGINEERING (AI AND MACHINE LEARNING),133.0,107.5,96.0,126.5,,105.0,
2634,"Excel Engineering College (Autonomous), NH-47 Salem Main Road, Sankari West Post, Tiruchengode Taluk, Pallakapalayam, Namakkal District-637303.",BIO MEDICAL ENGINEERING,137.5,,,107.5,,111.5,124.0
2634,"Excel Engineering College (Autonomous), NH-47 Salem Main Road, Sankari West Post, Tiruchengode Taluk, Pallakapalayam, Namakkal District-637303.",COMPUTER SCIENCE AND BUSSINESS SYSTEM,158.0,109.5,110.5,127.0,90.5,126.5,
2634,"Excel Engineering College (Autonomous), NH-47 Salem Main Road, Sankari West Post, Tiruchengode Taluk, Pallakapalayam, Namakkal District-637303.",CIVIL ENGINEERING,121.0,,,108.0,102.5,,
2634,"Excel Engineering College (Autonomous), NH-47 Salem Main Road, Sankari West Post, Tiruchengode Taluk, Pallakapalayam, Namakkal District-637303.",M.Tech. Computer Science and Engineering (Integrated 5 years),120.5,,,115.0,,,
2634,"Excel Engineering College (Autonomous), NH-47 Salem Main Road, Sankari West Post, Tiruchengode Taluk, Pallakapalayam, Namakkal District-637303.",COMPUTER SCIENCE AND ENGINEERING,144.0,112.5,,128.5,,,149.5
2634,"Excel Engineering College (Autonomous), NH-47 Salem Main Road, Sankari West Post, Tiruchengode Taluk, Pallakapalayam, Namakkal District-637303.",ELECTRONICS AND COMMUNICATION ENGINEERING,143.5,118.5,,121.5,,,
2634,"Excel Engineering College (Autonomous), NH-47 Salem Main Road, Sankari West Post, Tiruchengode Taluk, Pallakapalayam, Namakkal District-637303.",ELECTRICAL AND ELECTRONICS ENGINEERING,128.5,92.0,,115.0,84.5,96.5,127.5
2634,"Excel Engineering College (Autonomous), NH-47 Salem Main Road, Sankari West Post, Tiruchengode Taluk, Pallakapalayam, Namakkal District-637303.",FOOD TECHNOLOGY,144.5,,134.0,122.5,127.0,119.5,
2634,"Excel Engineering College (Autonomous), NH-47 Salem Main Road, Sankari West Post, Tiruchengode Taluk, Pallakapalayam, Namakkal District-637303.",INFORMATION TECHNOLOGY,149.5,109.5,,132.0,,106.5,
2634,"Excel Engineering College (Autonomous), NH-47 Salem Main Road, Sankari West Post, Tiruchengode Taluk, Pallakapalayam, Namakkal District-637303.",MECHANICAL ENGINEERING,126.5,96.5,,115.0,86.5,113.0,
2634,"Excel Engineering College (Autonomous), NH-47 Salem Main Road, Sankari West Post, Tiruchengode Taluk, Pallakapalayam, Namakkal District-637303.",PETRO CHEMICAL TECHNOLOGY,122.5,,,96.5,98.5,,
2634,"Excel Engineering College (Autonomous), NH-47 Salem Main Road, Sankari West Post, Tiruchengode Taluk, Pallakapalayam, Namakkal District-637303.",Safety and Fire Engineering,123.5,,112.5,104.5,96.5,,
2635,"CMS College of Engineering, CMS Nagar, Eranapuram Post, Namakkal-637003.",Artificial Intelligence and Data Science,89.0,,,,,,
2635,"CMS College of Engineering, CMS Nagar, Eranapuram Post, Namakkal-637003.",BIO MEDICAL ENGINEERING,,,,,,,
2635,"CMS College of Engineering, CMS Nagar, Eranapuram Post, Namakkal-637003.",COMPUTER SCIENCE AND ENGINEERING,,,,,,,
2635,"CMS College of Engineering, CMS Nagar, Eranapuram Post, Namakkal-637003.",ELECTRONICS AND COMMUNICATION ENGINEERING,116.0,,,,,,
2635,"CMS College of Engineering, CMS Nagar, Eranapuram Post, Namakkal-637003.",ELECTRICAL AND ELECTRONICS ENGINEERING,89.5,,,,,,
2635,"CMS College of Engineering, CMS Nagar, Eranapuram Post, Namakkal-637003.",MECHANICAL ENGINEERING,,,,,,,
2635,"CMS College of Engineering, CMS Nagar, Eranapuram Post, Namakkal-637003.",Computer Science and Engineering (Cyber Security),104.5,,,,,,
2636,"AVS Engineering College, Military Road, Ammapet, Salem-636003.",Artificial Intelligence and Data Science,137.5,92.5,,116.5,100.5,100.0,
2636,"AVS Engineering College, Military Road, Ammapet, Salem-636003.",COMPUTER SCIENCE AND ENGINEERING (AI AND MACHINE LEARNING),129.5,,114.0,112.5,103.5,125.0,126.0
2636,"AVS Engineering College, Military Road, Ammapet, Salem-636003.",BIO MEDICAL ENGINEERING,133.0,,98.5,110.5,117.0,123.0,
2636,"AVS Engineering College, Military Road, Ammapet, Salem-636003.",CIVIL ENGINEERING,132.5,97.0,,110.5,119.5,90.0,
2636,"AVS Engineering College, Military Road, Ammapet, Salem-636003.",COMPUTER SCIENCE AND ENGINEERING,141.5,,,113.5,103.5,92.0,137.0
2636,"AVS Engineering College, Military Road, Ammapet, Salem-636003.",ELECTRONICS AND COMMUNICATION ENGINEERING,145.5,104.5,113.5,131.0,115.5,109.5,120.0
2636,"AVS Engineering College, Military Road, Ammapet, Salem-636003.",ELECTRICAL AND ELECTRONICS ENGINEERING,122.5,,,114.5,106.0,114.5,
2636,"AVS Engineering College, Military Road, Ammapet, Salem-636003.",INFORMATION TECHNOLOGY,129.0,,101.0,114.0,103.0,120.5,122.5
2636,"AVS Engineering College, Military Road, Ammapet, Salem-636003.",MECHANICAL ENGINEERING,121.5,,92.5,111.5,106.0,100.0,
2638,"Mahendra Engineering College for Women, Komaramanagalam Post,Tiruchengode Taluk,Namakkal District-637205.",COMPUTER SCIENCE AND ENGINEERING,114.0,,,,,95.5,
2638,"Mahendra Engineering College for Women, Komaramanagalam Post,Tiruchengode Taluk,Namakkal District-637205.",ELECTRONICS AND COMMUNICATION ENGINEERING,138.0,,,,,137.5,
2638,"Mahendra Engineering College for Women, Komaramanagalam Post,Tiruchengode Taluk,Namakkal District-637205.",INFORMATION TECHNOLOGY,102.0,,,,,87.5,
2639,"R P Sarathy Institute of Technology (Autonomous) , Poosaripatty(PO), Omalur Taluk, Salem-636305.",Artificial Intelligence and Data Science,131.0,,,117.0,,,
2639,"R P Sarathy Institute of Technology (Autonomous) , Poosaripatty(PO), Omalur Taluk, Salem-636305.",COMPUTER SCIENCE AND ENGINEERING,135.0,,,118.5,,,114.0
2639,"R P Sarathy Institute of Technology (Autonomous) , Poosaripatty(PO), Omalur Taluk, Salem-636305.",ELECTRONICS AND COMMUNICATION ENGINEERING,134.5,,,121.0,,,81.5
2639,"R P Sarathy Institute of Technology (Autonomous) , Poosaripatty(PO), Omalur Taluk, Salem-636305.",ELECTRICAL AND ELECTRONICS ENGINEERING,121.0,,,115.5,,,
2639,"R P Sarathy Institute of Technology (Autonomous) , Poosaripatty(PO), Omalur Taluk, Salem-636305.",INFORMATION TECHNOLOGY,143.5,,113.0,122.0,,,
2639,"R P Sarathy Institute of Technology (Autonomous) , Poosaripatty(PO), Omalur Taluk, Salem-636305.",MECHANICAL ENGINEERING,117.0,,,106.0,,,
2639,"R P Sarathy Institute of Technology (Autonomous) , Poosaripatty(PO), Omalur Taluk, Salem-636305.",Computer Science and Engineering (Cyber Security),138.5,,,122.5,,,112.0
2640,"Jayalakshmi Institute of Technology, Thoppur, Dharmapuri District-636352.",Artificial Intelligence and Data Science,126.5,,114.0,91.0,,107.0,
2640,"Jayalakshmi Institute of Technology, Thoppur, Dharmapuri District-636352.",AGRICULTURAL ENGINEERING,,,,,,,
2640,"Jayalakshmi Institute of Technology, Thoppur, Dharmapuri District-636352.",CIVIL ENGINEERING,96.5,,,,,,
2640,"Jayalakshmi Institute of Technology, Thoppur, Dharmapuri District-636352.",COMPUTER SCIENCE AND ENGINEERING,111.0,,,,,,
2640,"Jayalakshmi Institute of Technology, Thoppur, Dharmapuri District-636352.",ELECTRONICS AND COMMUNICATION ENGINEERING,124.0,,,,,,
2640,"Jayalakshmi Institute of Technology, Thoppur, Dharmapuri District-636352.",ELECTRICAL AND ELECTRONICS ENGINEERING,88.5,,,,,,
2640,"Jayalakshmi Institute of Technology, Thoppur, Dharmapuri District-636352.",INFORMATION TECHNOLOGY,104.0,,,,,,
2640,"Jayalakshmi Institute of Technology, Thoppur, Dharmapuri District-636352.",MECHANICAL ENGINEERING,97.0,,,,,,
2641,"Varuvan Vadivelan Institute of Technology, NH 7, Krishnagiri Main Road, Gundalapatty, Dharmapuri-636703.",Artificial Intelligence and Data Science,113.5,,,,,,
2641,"Varuvan Vadivelan Institute of Technology, NH 7, Krishnagiri Main Road, Gundalapatty, Dharmapuri-636703.",CIVIL ENGINEERING,,,,,,,
2641,"Varuvan Vadivelan Institute of Technology, NH 7, Krishnagiri Main Road, Gundalapatty, Dharmapuri-636703.",COMPUTER SCIENCE AND ENGINEERING,109.5,,,,,,
2641,"Varuvan Vadivelan Institute of Technology, NH 7, Krishnagiri Main Road, Gundalapatty, Dharmapuri-636703.",ELECTRONICS AND COMMUNICATION ENGINEERING,108.5,,,90.5,,,
2641,"Varuvan Vadivelan Institute of Technology, NH 7, Krishnagiri Main Road, Gundalapatty, Dharmapuri-636703.",ELECTRICAL AND ELECTRONICS ENGINEERING,92.5,,,,,,
2641,"Varuvan Vadivelan Institute of Technology, NH 7, Krishnagiri Main Road, Gundalapatty, Dharmapuri-636703.",INFORMATION TECHNOLOGY,86.5,,,,,,
2641,"Varuvan Vadivelan Institute of Technology, NH 7, Krishnagiri Main Road, Gundalapatty, Dharmapuri-636703.",MECHANICAL ENGINEERING,86.0,,,,,,
2642,"P.S.V.College of Engineering and Technology, Mittapalli, Balinayanapalli Post, Krishnagiri-635108.",Artificial Intelligence and Data Science,155.5,125.5,148.5,143.0,131.5,102.5,
2642,"P.S.V.College of Engineering and Technology, Mittapalli, Balinayanapalli Post, Krishnagiri-635108.",BIO MEDICAL ENGINEERING,130.5,,113.5,128.5,117.0,,
2642,"P.S.V.College of Engineering and Technology, Mittapalli, Balinayanapalli Post, Krishnagiri-635108.",CIVIL ENGINEERING,128.0,,109.5,124.5,112.5,101.0,
2642,"P.S.V.College of Engineering and Technology, Mittapalli, Balinayanapalli Post, Krishnagiri-635108.",COMPUTER SCIENCE AND ENGINEERING,152.5,,127.0,144.0,102.0,133.0,
2642,"P.S.V.College of Engineering and Technology, Mittapalli, Balinayanapalli Post, Krishnagiri-635108.",ELECTRONICS AND COMMUNICATION ENGINEERING,144.0,105.5,143.5,142.0,118.5,143.5,
2642,"P.S.V.College of Engineering and Technology, Mittapalli, Balinayanapalli Post, Krishnagiri-635108.",ELECTRICAL AND ELECTRONICS ENGINEERING,132.5,107.5,113.5,129.0,114.0,91.5,
2642,"P.S.V.College of Engineering and Technology, Mittapalli, Balinayanapalli Post, Krishnagiri-635108.",INFORMATION TECHNOLOGY,146.0,107.5,119.0,141.0,124.0,113.0,86.0
2642,"P.S.V.College of Engineering and Technology, Mittapalli, Balinayanapalli Post, Krishnagiri-635108.",MECHANICAL ENGINEERING,125.5,,104.5,121.0,92.0,,
2642,"P.S.V.College of Engineering and Technology, Mittapalli, Balinayanapalli Post, Krishnagiri-635108.",Computer Science and Engineering (Cyber Security),138.5,,,128.5,111.5,100.0,109.0
2643,"Bharathiyar Institute of Engineering for Women, 43/3, Deviyakurichi, Attur Taluk,Salem District-636112.",Artificial Intelligence and Data Science,143.0,,117.0,109.0,,109.5,116.5
2643,"Bharathiyar Institute of Engineering for Women, 43/3, Deviyakurichi, Attur Taluk,Salem District-636112.",COMPUTER SCIENCE AND ENGINEERING,144.0,,133.5,109.0,,113.0,
2643,"Bharathiyar Institute of Engineering for Women, 43/3, Deviyakurichi, Attur Taluk,Salem District-636112.",ELECTRONICS AND COMMUNICATION ENGINEERING,137.0,,110.0,104.0,88.5,115.5,
2643,"Bharathiyar Institute of Engineering for Women, 43/3, Deviyakurichi, Attur Taluk,Salem District-636112.",ELECTRICAL AND ELECTRONICS ENGINEERING,113.5,,,98.5,,,
2643,"Bharathiyar Institute of Engineering for Women, 43/3, Deviyakurichi, Attur Taluk,Salem District-636112.",INFORMATION TECHNOLOGY,146.0,,134.0,125.5,107.0,,
2643,"Bharathiyar Institute of Engineering for Women, 43/3, Deviyakurichi, Attur Taluk,Salem District-636112.",Computer Science and Engineering (Cyber Security),126.0,,96.0,106.5,91.0,,
2646,"Tagore Institute of Engineering and Technology, Salem-Chennai Bye Pass Road, Deviyakurichi (Po), Attur (Tk), Salem (Dt)-636112.",Artificial Intelligence and Data Science,115.5,,,,,,
2646,"Tagore Institute of Engineering and Technology, Salem-Chennai Bye Pass Road, Deviyakurichi (Po), Attur (Tk), Salem (Dt)-636112.",COMPUTER SCIENCE AND ENGINEERING (AI AND MACHINE LEARNING),123.5,,,,,,
2646,"Tagore Institute of Engineering and Technology, Salem-Chennai Bye Pass Road, Deviyakurichi (Po), Attur (Tk), Salem (Dt)-636112.",CIVIL ENGINEERING,,,,,,,
2646,"Tagore Institute of Engineering and Technology, Salem-Chennai Bye Pass Road, Deviyakurichi (Po), Attur (Tk), Salem (Dt)-636112.",COMPUTER SCIENCE AND ENGINEERING,125.0,,,,,,116.0
2646,"Tagore Institute of Engineering and Technology, Salem-Chennai Bye Pass Road, Deviyakurichi (Po), Attur (Tk), Salem (Dt)-636112.",ELECTRONICS AND COMMUNICATION ENGINEERING,130.0,,,,,,
2646,"Tagore Institute of Engineering and Technology, Salem-Chennai Bye Pass Road, Deviyakurichi (Po), Attur (Tk), Salem (Dt)-636112.",ELECTRICAL AND ELECTRONICS ENGINEERING,,,,,,,
2646,"Tagore Institute of Engineering and Technology, Salem-Chennai Bye Pass Road, Deviyakurichi (Po), Attur (Tk), Salem (Dt)-636112.",INFORMATION TECHNOLOGY,130.0,,116.0,,,,
2646,"Tagore Institute of Engineering and Technology, Salem-Chennai Bye Pass Road, Deviyakurichi (Po), Attur (Tk), Salem (Dt)-636112.",MECHANICAL ENGINEERING,,,,,,,
2647,"J.K.K.Nataraja College of Engineering and Technology, Sf No. 147/1,2,4 Komarapalayam Amani, Thattankuttai Panchayat, Tiruchengode, Namakkal-638183.",COMPUTER SCIENCE AND ENGINEERING,139.0,107.5,,113.0,,133.5,
2647,"J.K.K.Nataraja College of Engineering and Technology, Sf No. 147/1,2,4 Komarapalayam Amani, Thattankuttai Panchayat, Tiruchengode, Namakkal-638183.",ELECTRONICS AND COMMUNICATION ENGINEERING,131.0,100.0,115.0,116.0,,99.0,
2647,"J.K.K.Nataraja College of Engineering and Technology, Sf No. 147/1,2,4 Komarapalayam Amani, Thattankuttai Panchayat, Tiruchengode, Namakkal-638183.",ELECTRICAL AND ELECTRONICS ENGINEERING,126.5,85.0,,110.0,,,
2647,"J.K.K.Nataraja College of Engineering and Technology, Sf No. 147/1,2,4 Komarapalayam Amani, Thattankuttai Panchayat, Tiruchengode, Namakkal-638183.",INFORMATION TECHNOLOGY,133.0,104.5,,112.0,,133.0,
2647,"J.K.K.Nataraja College of Engineering and Technology, Sf No. 147/1,2,4 Komarapalayam Amani, Thattankuttai Panchayat, Tiruchengode, Namakkal-638183.",MECHANICAL ENGINEERING,99.5,,,83.5,,,
2648,"Annapoorana Engineering College (Autonomous), Sankari Main Road (NH-47), Periyaseeragapadi, Salem-636308.",Artificial Intelligence and Data Science,149.0,118.0,108.5,137.5,133.0,125.0,
2648,"Annapoorana Engineering College (Autonomous), Sankari Main Road (NH-47), Periyaseeragapadi, Salem-636308.",AUTOMOBILE ENGINEERING,96.5,,,81.5,,95.0,90.0
2648,"Annapoorana Engineering College (Autonomous), Sankari Main Road (NH-47), Periyaseeragapadi, Salem-636308.",BIO MEDICAL ENGINEERING,124.5,91.0,,103.5,104.5,117.5,111.0
2648,"Annapoorana Engineering College (Autonomous), Sankari Main Road (NH-47), Periyaseeragapadi, Salem-636308.",CIVIL ENGINEERING,107.0,,,81.0,90.0,,106.0
2648,"Annapoorana Engineering College (Autonomous), Sankari Main Road (NH-47), Periyaseeragapadi, Salem-636308.",COMPUTER SCIENCE AND ENGINEERING,152.5,123.5,108.0,134.0,121.5,124.0,
2648,"Annapoorana Engineering College (Autonomous), Sankari Main Road (NH-47), Periyaseeragapadi, Salem-636308.",ELECTRONICS AND COMMUNICATION ENGINEERING,136.0,111.5,,123.0,112.0,115.0,
2648,"Annapoorana Engineering College (Autonomous), Sankari Main Road (NH-47), Periyaseeragapadi, Salem-636308.",ELECTRICAL AND ELECTRONICS ENGINEERING,124.0,,,108.5,108.0,114.0,119.0
2648,"Annapoorana Engineering College (Autonomous), Sankari Main Road (NH-47), Periyaseeragapadi, Salem-636308.",INFORMATION TECHNOLOGY,144.0,118.0,,128.5,129.5,130.5,
2648,"Annapoorana Engineering College (Autonomous), Sankari Main Road (NH-47), Periyaseeragapadi, Salem-636308.",MECHANICAL ENGINEERING,114.5,,,93.5,92.5,104.0,
2650,"Christ The King Engineering College, Cecilia Gardens, Chikkarampalayam Village, Karamadai, Coimbatore-641104.",Artificial Intelligence and Data Science,127.5,,,102.0,92.0,97.0,
2650,"Christ The King Engineering College, Cecilia Gardens, Chikkarampalayam Village, Karamadai, Coimbatore-641104.",COMPUTER SCIENCE AND ENGINEERING (AI AND MACHINE LEARNING),119.5,,,,86.5,91.0,
2650,"Christ The King Engineering College, Cecilia Gardens, Chikkarampalayam Village, Karamadai, Coimbatore-641104.",COMPUTER SCIENCE AND ENGINEERING,130.0,,,,88.0,92.0,121.0
2650,"Christ The King Engineering College, Cecilia Gardens, Chikkarampalayam Village, Karamadai, Coimbatore-641104.",ELECTRONICS AND COMMUNICATION ENGINEERING,121.0,,,,84.5,,
2650,"Christ The King Engineering College, Cecilia Gardens, Chikkarampalayam Village, Karamadai, Coimbatore-641104.",INFORMATION TECHNOLOGY,135.0,,,98.5,111.0,114.5,
2650,"Christ The King Engineering College, Cecilia Gardens, Chikkarampalayam Village, Karamadai, Coimbatore-641104.",MECHANICAL ENGINEERING,100.5,,,,,88.5,
2651,"Jai Shriram Engineering College(Autonomous) , Dharapuram Road, Tirupur-638660.",Artificial Intelligence and Data Science,139.5,111.0,135.0,109.0,,113.5,
2651,"Jai Shriram Engineering College(Autonomous) , Dharapuram Road, Tirupur-638660.",CIVIL ENGINEERING,125.0,84.0,,96.0,,,
2651,"Jai Shriram Engineering College(Autonomous) , Dharapuram Road, Tirupur-638660.",COMPUTER SCIENCE AND ENGINEERING,148.0,126.0,132.5,109.0,,107.0,110.0
2651,"Jai Shriram Engineering College(Autonomous) , Dharapuram Road, Tirupur-638660.",ELECTRONICS AND COMMUNICATION ENGINEERING,154.5,132.0,125.5,130.0,,142.5,
2651,"Jai Shriram Engineering College(Autonomous) , Dharapuram Road, Tirupur-638660.",ELECTRICAL AND ELECTRONICS ENGINEERING,130.5,118.0,,118.0,,,
2651,"Jai Shriram Engineering College(Autonomous) , Dharapuram Road, Tirupur-638660.",FASHION TECHNOLOGY,125.5,80.0,,,,107.0,
2651,"Jai Shriram Engineering College(Autonomous) , Dharapuram Road, Tirupur-638660.",INFORMATION TECHNOLOGY,146.0,130.0,128.5,109.0,109.0,116.5,
2651,"Jai Shriram Engineering College(Autonomous) , Dharapuram Road, Tirupur-638660.",MECHANICAL ENGINEERING,125.0,115.0,118.0,,,108.0,
2652,"AL-Ameen Engineering College (Autonomous), Karundevanpalayam, Nanjai Uthukkuli Post, Erode District-638104.",Artificial Intelligence and Data Science,134.5,,132.5,,,,
2652,"AL-Ameen Engineering College (Autonomous), Karundevanpalayam, Nanjai Uthukkuli Post, Erode District-638104.",COMPUTER SCIENCE AND ENGINEERING,134.5,,133.5,,,,
2652,"AL-Ameen Engineering College (Autonomous), Karundevanpalayam, Nanjai Uthukkuli Post, Erode District-638104.",ELECTRONICS AND COMMUNICATION ENGINEERING,122.0,,121.5,,,,
2652,"AL-Ameen Engineering College (Autonomous), Karundevanpalayam, Nanjai Uthukkuli Post, Erode District-638104.",ELECTRICAL AND ELECTRONICS ENGINEERING,122.0,,122.0,,,,
2652,"AL-Ameen Engineering College (Autonomous), Karundevanpalayam, Nanjai Uthukkuli Post, Erode District-638104.",INFORMATION TECHNOLOGY,127.0,,127.0,,,,
2652,"AL-Ameen Engineering College (Autonomous), Karundevanpalayam, Nanjai Uthukkuli Post, Erode District-638104.",MECHANICAL ENGINEERING,103.0,,102.0,,,,
2653,"Knowledge Institute of Technology (Autonomous), KIOT Campus, Kakapalayam (PO), Salem-637504.",Artificial Intelligence and Data Science,172.0,161.5,158.0,159.5,,115.0,
2653,"Knowledge Institute of Technology (Autonomous), KIOT Campus, Kakapalayam (PO), Salem-637504.",COMPUTER SCIENCE AND BUSSINESS SYSTEM,165.5,158.5,143.5,159.0,,,
2653,"Knowledge Institute of Technology (Autonomous), KIOT Campus, Kakapalayam (PO), Salem-637504.",CIVIL ENGINEERING,156.5,133.0,105.5,143.5,,,
2653,"Knowledge Institute of Technology (Autonomous), KIOT Campus, Kakapalayam (PO), Salem-637504.",COMPUTER SCIENCE AND ENGINEERING,174.0,163.5,149.5,166.5,86.5,127.5,
2653,"Knowledge Institute of Technology (Autonomous), KIOT Campus, Kakapalayam (PO), Salem-637504.",ELECTRONICS AND COMMUNICATION ENGINEERING,172.0,162.0,144.5,159.5,,,
2653,"Knowledge Institute of Technology (Autonomous), KIOT Campus, Kakapalayam (PO), Salem-637504.",ELECTRICAL AND ELECTRONICS ENGINEERING,162.5,153.0,127.0,158.0,102.5,104.5,
2653,"Knowledge Institute of Technology (Autonomous), KIOT Campus, Kakapalayam (PO), Salem-637504.",Electronics and Computer Engineering,161.0,156.0,141.0,157.0,,,
2653,"Knowledge Institute of Technology (Autonomous), KIOT Campus, Kakapalayam (PO), Salem-637504.",INFORMATION TECHNOLOGY,167.0,160.0,158.5,159.5,,114.5,
2653,"Knowledge Institute of Technology (Autonomous), KIOT Campus, Kakapalayam (PO), Salem-637504.",MECHANICAL ENGINEERING,149.0,137.5,103.5,136.0,,,
2656,"Kangeyam Institute of Technology (Autonomous), (formerly Builders Engineering College), EBET Knowledge Park, Erode Road Nathakadaiyur, Kangeyam, Tiruppur-638108.",Artificial Intelligence and Data Science,174.0,148.5,,145.0,124.5,137.0,
2656,"Kangeyam Institute of Technology (Autonomous), (formerly Builders Engineering College), EBET Knowledge Park, Erode Road Nathakadaiyur, Kangeyam, Tiruppur-638108.",COMPUTER SCIENCE AND ENGINEERING (AI AND MACHINE LEARNING),149.5,144.5,143.0,140.5,118.5,149.5,110.0
2656,"Kangeyam Institute of Technology (Autonomous), (formerly Builders Engineering College), EBET Knowledge Park, Erode Road Nathakadaiyur, Kangeyam, Tiruppur-638108.",CIVIL ENGINEERING,147.0,127.5,126.5,138.5,134.5,145.5,124.0
2656,"Kangeyam Institute of Technology (Autonomous), (formerly Builders Engineering College), EBET Knowledge Park, Erode Road Nathakadaiyur, Kangeyam, Tiruppur-638108.",COMPUTER SCIENCE AND ENGINEERING,179.0,160.0,155.0,143.5,123.5,140.5,144.5
2656,"Kangeyam Institute of Technology (Autonomous), (formerly Builders Engineering College), EBET Knowledge Park, Erode Road Nathakadaiyur, Kangeyam, Tiruppur-638108.",ELECTRONICS AND COMMUNICATION ENGINEERING,172.0,152.5,169.0,143.5,133.5,154.5,
2656,"Kangeyam Institute of Technology (Autonomous), (formerly Builders Engineering College), EBET Knowledge Park, Erode Road Nathakadaiyur, Kangeyam, Tiruppur-638108.",ELECTRICAL AND ELECTRONICS ENGINEERING,155.0,140.0,138.5,139.5,125.5,140.0,120.0
2656,"Kangeyam Institute of Technology (Autonomous), (formerly Builders Engineering College), EBET Knowledge Park, Erode Road Nathakadaiyur, Kangeyam, Tiruppur-638108.",INFORMATION TECHNOLOGY,166.5,147.0,149.5,140.5,121.0,147.5,
2656,"Kangeyam Institute of Technology (Autonomous), (formerly Builders Engineering College), EBET Knowledge Park, Erode Road Nathakadaiyur, Kangeyam, Tiruppur-638108.",MECHANICAL ENGINEERING,139.5,127.0,137.5,130.0,117.5,,
2656,"Kangeyam Institute of Technology (Autonomous), (formerly Builders Engineering College), EBET Knowledge Park, Erode Road Nathakadaiyur, Kangeyam, Tiruppur-638108.",Computer Science and Engineering (Cyber Security),153.5,142.5,145.5,142.5,117.5,127.5,
2658,"V S A Group of Institutions, NH-47 Main Road, Uthamasolapuram Post, Salem-636010.",BIO MEDICAL ENGINEERING,,,,,,,
2658,"V S A Group of Institutions, NH-47 Main Road, Uthamasolapuram Post, Salem-636010.",CIVIL ENGINEERING,,,,,,,
2658,"V S A Group of Institutions, NH-47 Main Road, Uthamasolapuram Post, Salem-636010.",COMPUTER SCIENCE AND ENGINEERING,,,,,,,
2658,"V S A Group of Institutions, NH-47 Main Road, Uthamasolapuram Post, Salem-636010.",ELECTRONICS AND COMMUNICATION ENGINEERING,,,,,,,
2658,"V S A Group of Institutions, NH-47 Main Road, Uthamasolapuram Post, Salem-636010.",ELECTRICAL AND ELECTRONICS ENGINEERING,,,,,,,
2658,"V S A Group of Institutions, NH-47 Main Road, Uthamasolapuram Post, Salem-636010.",INFORMATION TECHNOLOGY,,,,,,,
2658,"V S A Group of Institutions, NH-47 Main Road, Uthamasolapuram Post, Salem-636010.",MECHANICAL ENGINEERING,,,,,,,
2659,"Salem College of Engineering and Technology, NH-68 Salem-Attur Main Road, Mettupatty Perumapalayam, Salem-636111.",Artificial Intelligence and Data Science,138.0,,,96.0,109.0,,
2659,"Salem College of Engineering and Technology, NH-68 Salem-Attur Main Road, Mettupatty Perumapalayam, Salem-636111.",BIO MEDICAL ENGINEERING,115.0,,82.0,,104.0,94.5,
2659,"Salem College of Engineering and Technology, NH-68 Salem-Attur Main Road, Mettupatty Perumapalayam, Salem-636111.",BIO TECHNOLOGY,114.0,,,,,,
2659,"Salem College of Engineering and Technology, NH-68 Salem-Attur Main Road, Mettupatty Perumapalayam, Salem-636111.",CIVIL ENGINEERING,,,,,,,
2659,"Salem College of Engineering and Technology, NH-68 Salem-Attur Main Road, Mettupatty Perumapalayam, Salem-636111.",COMPUTER SCIENCE AND ENGINEERING,119.5,,,,84.0,105.5,
2659,"Salem College of Engineering and Technology, NH-68 Salem-Attur Main Road, Mettupatty Perumapalayam, Salem-636111.",ELECTRONICS AND COMMUNICATION ENGINEERING,120.0,,,101.5,,,112.5
2659,"Salem College of Engineering and Technology, NH-68 Salem-Attur Main Road, Mettupatty Perumapalayam, Salem-636111.",ELECTRICAL AND ELECTRONICS ENGINEERING,92.5,,,,,,
2659,"Salem College of Engineering and Technology, NH-68 Salem-Attur Main Road, Mettupatty Perumapalayam, Salem-636111.",INFORMATION TECHNOLOGY,120.0,,,,85.0,116.5,118.0
2659,"Salem College of Engineering and Technology, NH-68 Salem-Attur Main Road, Mettupatty Perumapalayam, Salem-636111.",MECHANICAL ENGINEERING,,,,,,,
2673,"Sree Sakthi Engineering College (Autonomous), 899/1 & 898/2, Bettathapuram, Bilichi Village, Karamadai, Coimbatore-641104.",Artificial Intelligence and Data Science,163.0,141.0,141.0,141.0,124.5,132.5,132.0
2673,"Sree Sakthi Engineering College (Autonomous), 899/1 & 898/2, Bettathapuram, Bilichi Village, Karamadai, Coimbatore-641104.",COMPUTER SCIENCE AND ENGINEERING (AI AND MACHINE LEARNING),155.0,138.5,136.0,142.0,118.5,126.0,
2673,"Sree Sakthi Engineering College (Autonomous), 899/1 & 898/2, Bettathapuram, Bilichi Village, Karamadai, Coimbatore-641104.",CIVIL ENGINEERING,123.5,109.5,,119.5,118.0,,
2673,"Sree Sakthi Engineering College (Autonomous), 899/1 & 898/2, Bettathapuram, Bilichi Village, Karamadai, Coimbatore-641104.",COMPUTER SCIENCE AND ENGINEERING,168.0,154.0,101.0,145.0,131.5,102.0,163.0
2673,"Sree Sakthi Engineering College (Autonomous), 899/1 & 898/2, Bettathapuram, Bilichi Village, Karamadai, Coimbatore-641104.",ELECTRONICS AND COMMUNICATION ENGINEERING,150.5,139.5,103.0,135.5,111.0,123.0,112.5
2673,"Sree Sakthi Engineering College (Autonomous), 899/1 & 898/2, Bettathapuram, Bilichi Village, Karamadai, Coimbatore-641104.",ELECTRICAL AND ELECTRONICS ENGINEERING,139.5,125.5,,129.0,110.5,111.0,
2673,"Sree Sakthi Engineering College (Autonomous), 899/1 & 898/2, Bettathapuram, Bilichi Village, Karamadai, Coimbatore-641104.",INFORMATION TECHNOLOGY,156.0,144.0,102.0,142.0,120.5,134.0,130.0
2673,"Sree Sakthi Engineering College (Autonomous), 899/1 & 898/2, Bettathapuram, Bilichi Village, Karamadai, Coimbatore-641104.",MECHANICAL ENGINEERING,133.5,119.0,94.0,127.0,108.5,115.5,
2673,"Sree Sakthi Engineering College (Autonomous), 899/1 & 898/2, Bettathapuram, Bilichi Village, Karamadai, Coimbatore-641104.",Computer Science and Engineering (Cyber Security),158.5,138.0,125.5,142.0,120.0,125.0,
2683,"Shreenivasa Engineering College, B.Pallipatti, Bommidi, Pappireddipatti Taluk, Dharmapuri District-635301.",Artificial Intelligence and Data Science,122.5,,,97.5,,,
2683,"Shreenivasa Engineering College, B.Pallipatti, Bommidi, Pappireddipatti Taluk, Dharmapuri District-635301.",AGRICULTURAL ENGINEERING,82.0,,,,,,
2683,"Shreenivasa Engineering College, B.Pallipatti, Bommidi, Pappireddipatti Taluk, Dharmapuri District-635301.",BIO MEDICAL ENGINEERING,104.0,,,,,95.0,
2683,"Shreenivasa Engineering College, B.Pallipatti, Bommidi, Pappireddipatti Taluk, Dharmapuri District-635301.",COMPUTER SCIENCE AND ENGINEERING,117.0,,,,,,101.0
2683,"Shreenivasa Engineering College, B.Pallipatti, Bommidi, Pappireddipatti Taluk, Dharmapuri District-635301.",ELECTRONICS AND COMMUNICATION ENGINEERING,84.0,,,,,,
2683,"Shreenivasa Engineering College, B.Pallipatti, Bommidi, Pappireddipatti Taluk, Dharmapuri District-635301.",ELECTRICAL AND ELECTRONICS ENGINEERING,94.0,,,,,,
2683,"Shreenivasa Engineering College, B.Pallipatti, Bommidi, Pappireddipatti Taluk, Dharmapuri District-635301.",INFORMATION TECHNOLOGY,121.0,,,,,,97.0
2683,"Shreenivasa Engineering College, B.Pallipatti, Bommidi, Pappireddipatti Taluk, Dharmapuri District-635301.",MECHANICAL ENGINEERING,,,,,,,
2702,"Bannari Amman Institute of Technology (Autonomous), Sathy-Bhavani Road, (State Highway), Alathukombai Post, Sathyamangalam (Taluk), Erode District-638401.",Artificial Intelligence and Data Science,185.5,182.5,175.0,179.0,143.5,149.5,118.5
2702,"Bannari Amman Institute of Technology (Autonomous), Sathy-Bhavani Road, (State Highway), Alathukombai Post, Sathyamangalam (Taluk), Erode District-638401.",AGRICULTURAL ENGINEERING,173.5,166.5,,165.3,137.5,,
2702,"Bannari Amman Institute of Technology (Autonomous), Sathy-Bhavani Road, (State Highway), Alathukombai Post, Sathyamangalam (Taluk), Erode District-638401.",Artificial Intelligence and Machine Learning,184.5,182.0,178.0,178.5,141.0,145.0,112.0
2702,"Bannari Amman Institute of Technology (Autonomous), Sathy-Bhavani Road, (State Highway), Alathukombai Post, Sathyamangalam (Taluk), Erode District-638401.",BIO TECHNOLOGY,177.5,169.5,162.5,164.5,114.0,148.5,
2702,"Bannari Amman Institute of Technology (Autonomous), Sathy-Bhavani Road, (State Highway), Alathukombai Post, Sathyamangalam (Taluk), Erode District-638401.",COMPUTER SCIENCE AND ENGINEERING,189.5,185.5,180.0,182.0,150.0,157.0,135.5
2702,"Bannari Amman Institute of Technology (Autonomous), Sathy-Bhavani Road, (State Highway), Alathukombai Post, Sathyamangalam (Taluk), Erode District-638401.",ELECTRONICS AND COMMUNICATION ENGINEERING,188.0,184.0,179.0,180.0,146.0,149.0,141.0
2702,"Bannari Amman Institute of Technology (Autonomous), Sathy-Bhavani Road, (State Highway), Alathukombai Post, Sathyamangalam (Taluk), Erode District-638401.",ELECTRICAL AND ELECTRONICS ENGINEERING,181.0,180.0,173.0,176.5,138.0,141.0,140.0
2702,"Bannari Amman Institute of Technology (Autonomous), Sathy-Bhavani Road, (State Highway), Alathukombai Post, Sathyamangalam (Taluk), Erode District-638401.",ELECTRONICS AND INSTRUMENTATION ENGINEERING,180.0,178.5,180.0,174.5,127.5,142.5,110.0
2702,"Bannari Amman Institute of Technology (Autonomous), Sathy-Bhavani Road, (State Highway), Alathukombai Post, Sathyamangalam (Taluk), Erode District-638401.",INFORMATION TECHNOLOGY,185.5,183.5,175.5,179.5,138.5,139.5,115.5
2702,"Bannari Amman Institute of Technology (Autonomous), Sathy-Bhavani Road, (State Highway), Alathukombai Post, Sathyamangalam (Taluk), Erode District-638401.",MECHANICAL ENGINEERING,176.5,174.0,171.5,171.0,137.0,123.0,
2702,"Bannari Amman Institute of Technology (Autonomous), Sathy-Bhavani Road, (State Highway), Alathukombai Post, Sathyamangalam (Taluk), Erode District-638401.",Mechatronics Engineering,179.0,176.0,173.0,174.0,126.0,121.0,
2704,"Coimbatore Institute of Engineering and Technology (Autonomous), Vellimalaipattinam, Narasipuram Post, Thondamuthur Via, Coimbatore-641109.",Artificial Intelligence and Data Science,173.0,161.0,155.5,158.0,126.5,92.0,
2704,"Coimbatore Institute of Engineering and Technology (Autonomous), Vellimalaipattinam, Narasipuram Post, Thondamuthur Via, Coimbatore-641109.",COMPUTER SCIENCE AND ENGINEERING (AI AND MACHINE LEARNING),172.5,165.0,,159.5,128.0,,
2704,"Coimbatore Institute of Engineering and Technology (Autonomous), Vellimalaipattinam, Narasipuram Post, Thondamuthur Via, Coimbatore-641109.",CIVIL ENGINEERING,149.5,141.0,138.5,137.5,,,
2704,"Coimbatore Institute of Engineering and Technology (Autonomous), Vellimalaipattinam, Narasipuram Post, Thondamuthur Via, Coimbatore-641109.",COMPUTER SCIENCE AND ENGINEERING,176.0,167.0,164.0,160.0,143.5,144.5,112.0
2704,"Coimbatore Institute of Engineering and Technology (Autonomous), Vellimalaipattinam, Narasipuram Post, Thondamuthur Via, Coimbatore-641109.",ELECTRONICS AND COMMUNICATION ENGINEERING,174.0,166.0,161.5,165.5,126.0,146.0,
2704,"Coimbatore Institute of Engineering and Technology (Autonomous), Vellimalaipattinam, Narasipuram Post, Thondamuthur Via, Coimbatore-641109.",ELECTRICAL AND ELECTRONICS ENGINEERING,162.5,156.5,154.0,152.0,114.0,,
2704,"Coimbatore Institute of Engineering and Technology (Autonomous), Vellimalaipattinam, Narasipuram Post, Thondamuthur Via, Coimbatore-641109.",Electronics Engineering (VLSI Design and Technology),159.5,155.5,157.5,153.0,110.5,,
2704,"Coimbatore Institute of Engineering and Technology (Autonomous), Vellimalaipattinam, Narasipuram Post, Thondamuthur Via, Coimbatore-641109.",INFORMATION TECHNOLOGY,168.0,163.5,158.0,158.0,132.0,123.0,
2704,"Coimbatore Institute of Engineering and Technology (Autonomous), Vellimalaipattinam, Narasipuram Post, Thondamuthur Via, Coimbatore-641109.",MECHANICAL ENGINEERING,143.0,131.5,137.0,127.5,,,
2704,"Coimbatore Institute of Engineering and Technology (Autonomous), Vellimalaipattinam, Narasipuram Post, Thondamuthur Via, Coimbatore-641109.",Mechatronics Engineering,157.0,143.0,143.5,120.0,,101.5,
2704,"Coimbatore Institute of Engineering and Technology (Autonomous), Vellimalaipattinam, Narasipuram Post, Thondamuthur Via, Coimbatore-641109.",Computer Science and Engineering (Cyber Security),170.5,160.0,157.5,159.5,121.0,123.0,
2705,"CSI College of Engineering, Ketti Valley, The Nilgiris-643215.",Artificial Intelligence and Data Science,148.5,90.5,138.0,86.0,,108.0,137.5
2705,"CSI College of Engineering, Ketti Valley, The Nilgiris-643215.",COMPUTER SCIENCE AND ENGINEERING (AI AND MACHINE LEARNING),118.5,,,,,,
2705,"CSI College of Engineering, Ketti Valley, The Nilgiris-643215.",COMPUTER SCIENCE AND ENGINEERING,,,,,,,
2705,"CSI College of Engineering, Ketti Valley, The Nilgiris-643215.",ELECTRONICS AND COMMUNICATION ENGINEERING,115.5,,,,,,
2705,"CSI College of Engineering, Ketti Valley, The Nilgiris-643215.",INFORMATION TECHNOLOGY,102.5,,,,,,
2705,"CSI College of Engineering, Ketti Valley, The Nilgiris-643215.",MECHANICAL ENGINEERING,,,,,,,
2705,"CSI College of Engineering, Ketti Valley, The Nilgiris-643215.",Computer Science and Engineering (Cyber Security),119.0,,118.5,,,,
2706,"Dr Mahalingam College of Engineering and Technology (Autonomous), Mackkinaickenpatti Post, Udumalai Road, Pollachi, Coimbatore-642003.",Artificial Intelligence and Data Science,183.5,179.5,181.0,176.5,135.0,151.5,144.0
2706,"Dr Mahalingam College of Engineering and Technology (Autonomous), Mackkinaickenpatti Post, Udumalai Road, Pollachi, Coimbatore-642003.",COMPUTER SCIENCE AND ENGINEERING (AI AND MACHINE LEARNING),184.5,180.5,181.0,176.0,138.0,134.0,141.0
2706,"Dr Mahalingam College of Engineering and Technology (Autonomous), Mackkinaickenpatti Post, Udumalai Road, Pollachi, Coimbatore-642003.",AUTOMOBILE ENGINEERING,164.0,156.5,151.0,146.5,,127.0,
2706,"Dr Mahalingam College of Engineering and Technology (Autonomous), Mackkinaickenpatti Post, Udumalai Road, Pollachi, Coimbatore-642003.",CIVIL ENGINEERING,165.5,153.0,162.5,144.5,124.0,,
2706,"Dr Mahalingam College of Engineering and Technology (Autonomous), Mackkinaickenpatti Post, Udumalai Road, Pollachi, Coimbatore-642003.",COMPUTER SCIENCE AND ENGINEERING,187.5,181.5,178.5,176.5,141.5,134.5,
2706,"Dr Mahalingam College of Engineering and Technology (Autonomous), Mackkinaickenpatti Post, Udumalai Road, Pollachi, Coimbatore-642003.",ELECTRONICS AND COMMUNICATION ENGINEERING,185.5,181.0,179.0,177.5,142.0,151.0,
2706,"Dr Mahalingam College of Engineering and Technology (Autonomous), Mackkinaickenpatti Post, Udumalai Road, Pollachi, Coimbatore-642003.",ELECTRICAL AND ELECTRONICS ENGINEERING,178.0,176.5,173.5,169.5,112.5,,
2706,"Dr Mahalingam College of Engineering and Technology (Autonomous), Mackkinaickenpatti Post, Udumalai Road, Pollachi, Coimbatore-642003.",Electronics Engineering (VLSI Design and Technology),180.0,178.0,174.5,171.0,145.0,,
2706,"Dr Mahalingam College of Engineering and Technology (Autonomous), Mackkinaickenpatti Post, Udumalai Road, Pollachi, Coimbatore-642003.",INFORMATION TECHNOLOGY,183.5,179.5,177.0,174.5,137.0,121.5,145.0
2706,"Dr Mahalingam College of Engineering and Technology (Autonomous), Mackkinaickenpatti Post, Udumalai Road, Pollachi, Coimbatore-642003.",MECHANICAL ENGINEERING,173.0,169.0,165.0,165.5,102.5,131.5,
2706,"Dr Mahalingam College of Engineering and Technology (Autonomous), Mackkinaickenpatti Post, Udumalai Road, Pollachi, Coimbatore-642003.",Computer Science and Engineering (Cyber Security),183.5,180.0,178.0,178.0,141.0,127.0,
2707,"Erode Sengunthar Engineering College (Autonomous), Thudupathi, Perundurai (Tk), Erode District-638057.",Artificial Intelligence and Data Science,151.0,136.0,116.5,133.0,102.5,123.5,123.0
2707,"Erode Sengunthar Engineering College (Autonomous), Thudupathi, Perundurai (Tk), Erode District-638057.",AGRICULTURAL ENGINEERING,125.0,102.5,,95.0,,103.5,
2707,"Erode Sengunthar Engineering College (Autonomous), Thudupathi, Perundurai (Tk), Erode District-638057.",COMPUTER SCIENCE AND ENGINEERING (AI AND MACHINE LEARNING),148.0,132.5,139.0,128.0,89.5,103.5,
2707,"Erode Sengunthar Engineering College (Autonomous), Thudupathi, Perundurai (Tk), Erode District-638057.",BIO MEDICAL ENGINEERING,132.0,99.5,,109.0,,114.0,104.5
2707,"Erode Sengunthar Engineering College (Autonomous), Thudupathi, Perundurai (Tk), Erode District-638057.",BIO TECHNOLOGY,126.5,94.5,,100.0,,83.5,
2707,"Erode Sengunthar Engineering College (Autonomous), Thudupathi, Perundurai (Tk), Erode District-638057.",COMPUTER SCIENCE AND DESIGN,132.0,125.5,,123.0,,129.5,106.5
2707,"Erode Sengunthar Engineering College (Autonomous), Thudupathi, Perundurai (Tk), Erode District-638057.",CIVIL ENGINEERING,112.5,95.0,,101.0,,,
2707,"Erode Sengunthar Engineering College (Autonomous), Thudupathi, Perundurai (Tk), Erode District-638057.",CHEMICAL ENGINEERING,142.0,98.0,,97.0,102.0,83.0,
2707,"Erode Sengunthar Engineering College (Autonomous), Thudupathi, Perundurai (Tk), Erode District-638057.",Computer Science and Engineering (Internet of Things),132.5,124.5,113.5,123.0,,,
2707,"Erode Sengunthar Engineering College (Autonomous), Thudupathi, Perundurai (Tk), Erode District-638057.",M.Tech. Computer Science and Engineering (Integrated 5 years),144.0,123.0,107.5,120.0,,,
2707,"Erode Sengunthar Engineering College (Autonomous), Thudupathi, Perundurai (Tk), Erode District-638057.",COMPUTER SCIENCE AND ENGINEERING,152.5,134.5,126.0,133.5,,108.5,
2707,"Erode Sengunthar Engineering College (Autonomous), Thudupathi, Perundurai (Tk), Erode District-638057.",ELECTRONICS AND COMMUNICATION ENGINEERING,144.5,128.0,,125.5,,88.5,
2707,"Erode Sengunthar Engineering College (Autonomous), Thudupathi, Perundurai (Tk), Erode District-638057.",ELECTRICAL AND ELECTRONICS ENGINEERING,138.0,121.5,,117.5,,97.5,
2707,"Erode Sengunthar Engineering College (Autonomous), Thudupathi, Perundurai (Tk), Erode District-638057.",ELECTRONICS AND INSTRUMENTATION ENGINEERING,123.5,115.0,,115.5,,118.0,
2707,"Erode Sengunthar Engineering College (Autonomous), Thudupathi, Perundurai (Tk), Erode District-638057.",INFORMATION TECHNOLOGY,145.0,132.5,,129.5,,103.0,
2707,"Erode Sengunthar Engineering College (Autonomous), Thudupathi, Perundurai (Tk), Erode District-638057.",MECHANICAL ENGINEERING,131.0,108.5,,104.0,93.5,110.0,
2707,"Erode Sengunthar Engineering College (Autonomous), Thudupathi, Perundurai (Tk), Erode District-638057.",ROBOTICS AND AUTOMATION,127.0,113.5,,108.5,,,
2707,"Erode Sengunthar Engineering College (Autonomous), Thudupathi, Perundurai (Tk), Erode District-638057.",Computer Science and Engineering (Cyber Security),159.5,139.5,116.0,140.5,101.0,132.5,102.0
2707,"Erode Sengunthar Engineering College (Autonomous), Thudupathi, Perundurai (Tk), Erode District-638057.",MECHANICAL ENGINEERING (TAMIL MEDIUM),99.5,,,,,96.5,
2708,"Hindusthan College of Engineering and Technology(Autonomous), Othakkalmandapam Village, Coimbatore South Taluk, Coimbatore District-641032.",AERONAUTICAL ENGINEERING,172.5,157.0,148.5,146.0,133.5,150.5,
2708,"Hindusthan College of Engineering and Technology(Autonomous), Othakkalmandapam Village, Coimbatore South Taluk, Coimbatore District-641032.",AGRICULTURAL ENGINEERING,153.0,133.0,,123.0,,,
2708,"Hindusthan College of Engineering and Technology(Autonomous), Othakkalmandapam Village, Coimbatore South Taluk, Coimbatore District-641032.",Artificial Intelligence and Machine Learning,173.5,167.0,160.5,165.5,139.0,127.0,
2708,"Hindusthan College of Engineering and Technology(Autonomous), Othakkalmandapam Village, Coimbatore South Taluk, Coimbatore District-641032.",AUTOMOBILE ENGINEERING,142.0,132.5,136.5,131.0,,,
2708,"Hindusthan College of Engineering and Technology(Autonomous), Othakkalmandapam Village, Coimbatore South Taluk, Coimbatore District-641032.",BIO MEDICAL ENGINEERING,158.0,145.5,,138.5,,132.5,
2708,"Hindusthan College of Engineering and Technology(Autonomous), Othakkalmandapam Village, Coimbatore South Taluk, Coimbatore District-641032.",COMPUTER SCIENCE AND BUSSINESS SYSTEM,170.0,164.0,158.5,164.0,122.5,139.5,112.5
2708,"Hindusthan College of Engineering and Technology(Autonomous), Othakkalmandapam Village, Coimbatore South Taluk, Coimbatore District-641032.",CIVIL ENGINEERING,159.5,138.0,141.5,129.5,116.5,,
2708,"Hindusthan College of Engineering and Technology(Autonomous), Othakkalmandapam Village, Coimbatore South Taluk, Coimbatore District-641032.",CHEMICAL ENGINEERING,171.5,157.5,168.5,143.5,,110.5,
2708,"Hindusthan College of Engineering and Technology(Autonomous), Othakkalmandapam Village, Coimbatore South Taluk, Coimbatore District-641032.",COMPUTER SCIENCE AND ENGINEERING,181.0,172.0,179.0,170.0,134.5,121.5,163.5
2708,"Hindusthan College of Engineering and Technology(Autonomous), Othakkalmandapam Village, Coimbatore South Taluk, Coimbatore District-641032.",ELECTRONICS AND COMMUNICATION ENGINEERING,178.5,171.0,166.0,171.5,138.5,132.5,151.5
2708,"Hindusthan College of Engineering and Technology(Autonomous), Othakkalmandapam Village, Coimbatore South Taluk, Coimbatore District-641032.",ELECTRICAL AND ELECTRONICS ENGINEERING,168.5,162.3,156.5,155.5,121.5,,
2708,"Hindusthan College of Engineering and Technology(Autonomous), Othakkalmandapam Village, Coimbatore South Taluk, Coimbatore District-641032.",ELECTRONICS AND INSTRUMENTATION ENGINEERING,164.0,156.0,122.5,146.5,119.0,111.5,
2708,"Hindusthan College of Engineering and Technology(Autonomous), Othakkalmandapam Village, Coimbatore South Taluk, Coimbatore District-641032.",FOOD TECHNOLOGY,157.5,144.5,126.0,118.0,125.3,157.5,
2708,"Hindusthan College of Engineering and Technology(Autonomous), Othakkalmandapam Village, Coimbatore South Taluk, Coimbatore District-641032.",INFORMATION TECHNOLOGY,175.0,168.5,161.5,168.5,141.0,146.0,133.5
2708,"Hindusthan College of Engineering and Technology(Autonomous), Othakkalmandapam Village, Coimbatore South Taluk, Coimbatore District-641032.",MECHANICAL ENGINEERING,154.5,137.0,144.0,141.5,,,91.5
2708,"Hindusthan College of Engineering and Technology(Autonomous), Othakkalmandapam Village, Coimbatore South Taluk, Coimbatore District-641032.",Mechatronics Engineering,161.0,143.5,153.5,131.5,105.5,97.5,
2708,"Hindusthan College of Engineering and Technology(Autonomous), Othakkalmandapam Village, Coimbatore South Taluk, Coimbatore District-641032.",Computer Science and Engineering (Cyber Security),176.0,168.5,172.5,169.5,139.0,129.0,104.5
2710,"Karpagam College of Engineering (Autonomous), S.F.No.758,759,760 Othakkal Mandapam, Coimbatore -641032.",Artificial Intelligence and Data Science,191.5,188.0,187.0,186.5,170.0,179.0,
2710,"Karpagam College of Engineering (Autonomous), S.F.No.758,759,760 Othakkal Mandapam, Coimbatore -641032.",CIVIL ENGINEERING,188.5,171.0,178.5,168.0,148.0,152.5,
2710,"Karpagam College of Engineering (Autonomous), S.F.No.758,759,760 Othakkal Mandapam, Coimbatore -641032.",COMPUTER SCIENCE AND ENGINEERING,191.5,189.5,189.5,186.0,176.5,152.5,151.5
2710,"Karpagam College of Engineering (Autonomous), S.F.No.758,759,760 Othakkal Mandapam, Coimbatore -641032.",ELECTRONICS AND COMMUNICATION ENGINEERING,189.0,186.0,186.0,181.0,162.5,145.5,163.5
2710,"Karpagam College of Engineering (Autonomous), S.F.No.758,759,760 Othakkal Mandapam, Coimbatore -641032.",ELECTRICAL AND ELECTRONICS ENGINEERING,183.5,179.5,169.0,173.5,143.5,149.5,128.0
2710,"Karpagam College of Engineering (Autonomous), S.F.No.758,759,760 Othakkal Mandapam, Coimbatore -641032.",Electronics Engineering (VLSI Design and Technology),185.5,185.0,185.0,181.0,145.0,154.5,
2710,"Karpagam College of Engineering (Autonomous), S.F.No.758,759,760 Othakkal Mandapam, Coimbatore -641032.",INFORMATION TECHNOLOGY,188.5,186.0,184.0,181.5,167.0,157.5,151.0
2710,"Karpagam College of Engineering (Autonomous), S.F.No.758,759,760 Othakkal Mandapam, Coimbatore -641032.",MECHANICAL ENGINEERING,184.5,174.0,168.5,168.5,143.5,157.5,122.5
2710,"Karpagam College of Engineering (Autonomous), S.F.No.758,759,760 Othakkal Mandapam, Coimbatore -641032.",Computer Science and Engineering (Cyber Security),193.5,187.0,190.5,185.0,168.5,177.0,
2711,"Kongu Engineering College (Autonomous), Perundurai Railway Station Road,Thoppupalayam,Perundurai, Erode-638052.",Artificial Intelligence and Data Science,184.0,181.0,175.0,178.0,137.0,122.0,
2711,"Kongu Engineering College (Autonomous), Perundurai Railway Station Road,Thoppupalayam,Perundurai, Erode-638052.",Artificial Intelligence and Machine Learning,184.5,181.0,176.0,178.0,142.5,118.5,
2711,"Kongu Engineering College (Autonomous), Perundurai Railway Station Road,Thoppupalayam,Perundurai, Erode-638052.",AUTOMOBILE ENGINEERING,168.0,165.5,,159.5,119.5,,
2711,"Kongu Engineering College (Autonomous), Perundurai Railway Station Road,Thoppupalayam,Perundurai, Erode-638052.",COMPUTER SCIENCE AND DESIGN,180.5,179.0,171.0,174.0,120.0,117.0,134.5
2711,"Kongu Engineering College (Autonomous), Perundurai Railway Station Road,Thoppupalayam,Perundurai, Erode-638052.",CIVIL ENGINEERING,171.5,164.5,147.5,164.0,126.0,120.0,
2711,"Kongu Engineering College (Autonomous), Perundurai Railway Station Road,Thoppupalayam,Perundurai, Erode-638052.",CHEMICAL ENGINEERING,175.0,169.0,173.5,171.0,,114.0,
2711,"Kongu Engineering College (Autonomous), Perundurai Railway Station Road,Thoppupalayam,Perundurai, Erode-638052.",COMPUTER SCIENCE AND ENGINEERING,186.5,183.0,180.0,179.5,142.5,125.0,141.0
2711,"Kongu Engineering College (Autonomous), Perundurai Railway Station Road,Thoppupalayam,Perundurai, Erode-638052.",ELECTRONICS AND COMMUNICATION ENGINEERING,185.5,182.0,178.5,179.0,133.5,141.0,102.0
2711,"Kongu Engineering College (Autonomous), Perundurai Railway Station Road,Thoppupalayam,Perundurai, Erode-638052.",ELECTRICAL AND ELECTRONICS ENGINEERING,181.0,179.0,174.0,173.5,122.5,125.5,
2711,"Kongu Engineering College (Autonomous), Perundurai Railway Station Road,Thoppupalayam,Perundurai, Erode-638052.",ELECTRONICS AND INSTRUMENTATION ENGINEERING,178.5,175.5,168.0,169.0,106.5,107.5,113.5
2711,"Kongu Engineering College (Autonomous), Perundurai Railway Station Road,Thoppupalayam,Perundurai, Erode-638052.",FOOD TECHNOLOGY,173.0,164.0,,156.0,95.0,109.0,
2711,"Kongu Engineering College (Autonomous), Perundurai Railway Station Road,Thoppupalayam,Perundurai, Erode-638052.",INFORMATION TECHNOLOGY,183.0,181.5,178.5,178.5,131.5,120.0,108.5
2711,"Kongu Engineering College (Autonomous), Perundurai Railway Station Road,Thoppupalayam,Perundurai, Erode-638052.",MECHANICAL ENGINEERING,174.5,172.5,165.0,167.0,138.5,101.5,
2711,"Kongu Engineering College (Autonomous), Perundurai Railway Station Road,Thoppupalayam,Perundurai, Erode-638052.",Mechatronics Engineering,176.5,173.5,167.0,168.0,100.0,,
2712,"Kumaraguru College of Technology (Autonomous), Chinnavedampatti, Coimbatore-641049.",Artificial Intelligence and Data Science,194.5,193.5,192.0,191.5,177.5,172.0,
2712,"Kumaraguru College of Technology (Autonomous), Chinnavedampatti, Coimbatore-641049.",AERONAUTICAL ENGINEERING,188.0,183.5,173.5,176.5,163.5,164.0,155.0
2712,"Kumaraguru College of Technology (Autonomous), Chinnavedampatti, Coimbatore-641049.",AUTOMOBILE ENGINEERING,183.0,180.5,178.0,179.0,166.5,,
2712,"Kumaraguru College of Technology (Autonomous), Chinnavedampatti, Coimbatore-641049.",BIO TECHNOLOGY,189.0,186.5,180.0,182.5,164.5,168.0,141.5
2712,"Kumaraguru College of Technology (Autonomous), Chinnavedampatti, Coimbatore-641049.",CIVIL ENGINEERING,182.0,177.5,176.0,177.0,165.0,158.5,
2712,"Kumaraguru College of Technology (Autonomous), Chinnavedampatti, Coimbatore-641049.",COMPUTER SCIENCE AND ENGINEERING,195.5,194.5,192.0,192.0,179.0,171.0,173.5
2712,"Kumaraguru College of Technology (Autonomous), Chinnavedampatti, Coimbatore-641049.",ELECTRONICS AND COMMUNICATION ENGINEERING,194.5,194.0,191.5,192.5,178.0,165.0,167.0
2712,"Kumaraguru College of Technology (Autonomous), Chinnavedampatti, Coimbatore-641049.",ELECTRICAL AND ELECTRONICS ENGINEERING,192.0,191.0,188.5,189.5,174.5,160.0,156.0
2712,"Kumaraguru College of Technology (Autonomous), Chinnavedampatti, Coimbatore-641049.",ELECTRONICS AND INSTRUMENTATION ENGINEERING,190.0,188.5,189.0,184.5,164.5,145.0,
2712,"Kumaraguru College of Technology (Autonomous), Chinnavedampatti, Coimbatore-641049.",FASHION TECHNOLOGY,177.0,172.5,162.0,167.5,130.0,140.5,
2712,"Kumaraguru College of Technology (Autonomous), Chinnavedampatti, Coimbatore-641049.",INFORMATION TECHNOLOGY,194.0,193.5,191.5,191.5,178.5,178.0,168.5
2712,"Kumaraguru College of Technology (Autonomous), Chinnavedampatti, Coimbatore-641049.",MECHANICAL ENGINEERING,185.5,183.5,181.0,180.0,161.5,159.5,
2712,"Kumaraguru College of Technology (Autonomous), Chinnavedampatti, Coimbatore-641049.",Mechatronics Engineering,187.5,186.0,186.5,181.0,161.0,179.0,
2712,"Kumaraguru College of Technology (Autonomous), Chinnavedampatti, Coimbatore-641049.",TEXTILE TECHNOLOGY,177.0,173.0,,165.0,140.5,,
2713,"M.P.Nachimuthu M.Jaganathan Engineering College, Chennimalai, Erode-638112.",CIVIL ENGINEERING,98.5,,,,85.0,,
2713,"M.P.Nachimuthu M.Jaganathan Engineering College, Chennimalai, Erode-638112.",COMPUTER SCIENCE AND ENGINEERING,134.5,105.0,,,104.0,127.5,
2713,"M.P.Nachimuthu M.Jaganathan Engineering College, Chennimalai, Erode-638112.",ELECTRONICS AND COMMUNICATION ENGINEERING,143.0,108.5,,,113.0,129.0,
2713,"M.P.Nachimuthu M.Jaganathan Engineering College, Chennimalai, Erode-638112.",ELECTRICAL AND ELECTRONICS ENGINEERING,124.5,88.0,,,102.0,107.0,
2713,"M.P.Nachimuthu M.Jaganathan Engineering College, Chennimalai, Erode-638112.",INFORMATION TECHNOLOGY,133.0,102.0,114.0,,114.5,132.0,
2713,"M.P.Nachimuthu M.Jaganathan Engineering College, Chennimalai, Erode-638112.",MECHANICAL ENGINEERING,106.0,,,,,88.5,
2715,"Nandha Engineering College (Autonomous), 28, Chennimalaipalayam Road, Pitchandampalayam Post, Erode-638052.",Artificial Intelligence and Data Science,157.5,144.0,129.0,143.0,105.0,156.0,
2715,"Nandha Engineering College (Autonomous), 28, Chennimalaipalayam Road, Pitchandampalayam Post, Erode-638052.",AGRICULTURAL ENGINEERING,140.0,,,111.5,,120.5,124.5
2715,"Nandha Engineering College (Autonomous), 28, Chennimalaipalayam Road, Pitchandampalayam Post, Erode-638052.",BIO MEDICAL ENGINEERING,141.0,,93.5,115.0,,137.0,
2715,"Nandha Engineering College (Autonomous), 28, Chennimalaipalayam Road, Pitchandampalayam Post, Erode-638052.",CIVIL ENGINEERING,137.5,116.0,105.5,134.0,92.0,109.0,
2715,"Nandha Engineering College (Autonomous), 28, Chennimalaipalayam Road, Pitchandampalayam Post, Erode-638052.",CHEMICAL ENGINEERING,138.0,108.0,120.5,135.0,,,
2715,"Nandha Engineering College (Autonomous), 28, Chennimalaipalayam Road, Pitchandampalayam Post, Erode-638052.",Computer Science and Engineering (Internet of Things),150.0,140.0,131.5,137.0,,113.5,104.0
2715,"Nandha Engineering College (Autonomous), 28, Chennimalaipalayam Road, Pitchandampalayam Post, Erode-638052.",COMPUTER SCIENCE AND ENGINEERING,165.5,149.5,159.5,143.5,96.0,129.0,
2715,"Nandha Engineering College (Autonomous), 28, Chennimalaipalayam Road, Pitchandampalayam Post, Erode-638052.",ELECTRONICS AND COMMUNICATION ENGINEERING,159.0,144.5,141.5,142.0,101.5,141.5,
2715,"Nandha Engineering College (Autonomous), 28, Chennimalaipalayam Road, Pitchandampalayam Post, Erode-638052.",ELECTRICAL AND ELECTRONICS ENGINEERING,147.5,136.0,105.5,133.5,,118.0,
2715,"Nandha Engineering College (Autonomous), 28, Chennimalaipalayam Road, Pitchandampalayam Post, Erode-638052.",INFORMATION TECHNOLOGY,152.0,142.0,140.0,139.5,,117.0,
2715,"Nandha Engineering College (Autonomous), 28, Chennimalaipalayam Road, Pitchandampalayam Post, Erode-638052.",MECHANICAL ENGINEERING,135.5,111.5,123.0,121.0,,,
2715,"Nandha Engineering College (Autonomous), 28, Chennimalaipalayam Road, Pitchandampalayam Post, Erode-638052.",Computer Science and Engineering (Cyber Security),158.0,147.5,165.5,151.0,,116.0,115.0
2716,"Park College of Engineering and Technology (Autonomous), Avinashi Road (NH-47), Kaniyur,Coimbatore-641659.",Artificial Intelligence and Data Science,155.0,144.0,137.5,141.0,,144.0,
2716,"Park College of Engineering and Technology (Autonomous), Avinashi Road (NH-47), Kaniyur,Coimbatore-641659.",AERONAUTICAL ENGINEERING,150.0,121.0,109.0,105.0,,88.0,
2716,"Park College of Engineering and Technology (Autonomous), Avinashi Road (NH-47), Kaniyur,Coimbatore-641659.",AGRICULTURAL ENGINEERING,114.0,,,,,113.0,
2716,"Park College of Engineering and Technology (Autonomous), Avinashi Road (NH-47), Kaniyur,Coimbatore-641659.",BIO MEDICAL ENGINEERING,129.0,,121.5,,,120.5,
2716,"Park College of Engineering and Technology (Autonomous), Avinashi Road (NH-47), Kaniyur,Coimbatore-641659.",COMPUTER SCIENCE AND ENGINEERING,155.0,137.0,137.5,143.5,132.5,146.0,
2716,"Park College of Engineering and Technology (Autonomous), Avinashi Road (NH-47), Kaniyur,Coimbatore-641659.",ELECTRONICS AND COMMUNICATION ENGINEERING,144.5,132.0,124.5,131.5,126.0,117.0,
2716,"Park College of Engineering and Technology (Autonomous), Avinashi Road (NH-47), Kaniyur,Coimbatore-641659.",ELECTRICAL AND ELECTRONICS ENGINEERING,137.0,109.5,130.0,123.0,,117.0,
2716,"Park College of Engineering and Technology (Autonomous), Avinashi Road (NH-47), Kaniyur,Coimbatore-641659.",GEO INFORMATICS,138.0,,,,,,
2716,"Park College of Engineering and Technology (Autonomous), Avinashi Road (NH-47), Kaniyur,Coimbatore-641659.",INFORMATION TECHNOLOGY,150.0,133.5,137.0,135.5,114.0,,
2716,"Park College of Engineering and Technology (Autonomous), Avinashi Road (NH-47), Kaniyur,Coimbatore-641659.",MEDICAL ELECTRONICS ENGINEERING,113.0,,,,,,
2716,"Park College of Engineering and Technology (Autonomous), Avinashi Road (NH-47), Kaniyur,Coimbatore-641659.",MECHANICAL ENGINEERING,125.5,,107.5,94.0,,,
2716,"Park College of Engineering and Technology (Autonomous), Avinashi Road (NH-47), Kaniyur,Coimbatore-641659.",Mechatronics Engineering,132.0,105.0,105.5,108.5,,,
2716,"Park College of Engineering and Technology (Autonomous), Avinashi Road (NH-47), Kaniyur,Coimbatore-641659.",ROBOTICS AND AUTOMATION,138.5,126.5,129.5,116.5,115.5,,
2716,"Park College of Engineering and Technology (Autonomous), Avinashi Road (NH-47), Kaniyur,Coimbatore-641659.",Computer Science and Engineering (Cyber Security),153.5,133.0,134.5,136.0,143.0,,
2716,"Park College of Engineering and Technology (Autonomous), Avinashi Road (NH-47), Kaniyur,Coimbatore-641659.",TEXTILE TECHNOLOGY,86.0,,,,,,
2717,"Sasurie College of Engineering, Vijayamangalam, Tirupur District-638056.",Artificial Intelligence and Data Science,123.0,,,,,,
2717,"Sasurie College of Engineering, Vijayamangalam, Tirupur District-638056.",CIVIL ENGINEERING,,,,,,,
2717,"Sasurie College of Engineering, Vijayamangalam, Tirupur District-638056.",COMPUTER SCIENCE AND ENGINEERING,119.5,,,,,99.5,
2717,"Sasurie College of Engineering, Vijayamangalam, Tirupur District-638056.",ELECTRONICS AND COMMUNICATION ENGINEERING,115.5,,,,,103.5,
2717,"Sasurie College of Engineering, Vijayamangalam, Tirupur District-638056.",ELECTRICAL AND ELECTRONICS ENGINEERING,98.0,,,,,,
2717,"Sasurie College of Engineering, Vijayamangalam, Tirupur District-638056.",INFORMATION TECHNOLOGY,118.5,,,,,98.5,
2717,"Sasurie College of Engineering, Vijayamangalam, Tirupur District-638056.",MECHANICAL ENGINEERING,90.0,,,,,,
2717,"Sasurie College of Engineering, Vijayamangalam, Tirupur District-638056.",Computer Science and Engineering (Cyber Security),107.5,,,,,,
2718,"Sri Krishna College of Engineering and Technology (Autonomous), Sugunapuram, Kuniamuthur Post, Coimbatore-641008.",Artificial Intelligence and Data Science,188.5,185.5,181.0,182.5,154.5,144.0,145.5
2718,"Sri Krishna College of Engineering and Technology (Autonomous), Sugunapuram, Kuniamuthur Post, Coimbatore-641008.",COMPUTER SCIENCE AND ENGINEERING (AI AND MACHINE LEARNING),190.5,188.5,183.5,184.0,167.0,165.5,
2718,"Sri Krishna College of Engineering and Technology (Autonomous), Sugunapuram, Kuniamuthur Post, Coimbatore-641008.",COMPUTER SCIENCE AND BUSSINESS SYSTEM,187.0,185.0,182.0,181.5,156.5,145.5,
2718,"Sri Krishna College of Engineering and Technology (Autonomous), Sugunapuram, Kuniamuthur Post, Coimbatore-641008.",CIVIL ENGINEERING,176.5,171.5,174.0,167.5,145.0,133.5,
2718,"Sri Krishna College of Engineering and Technology (Autonomous), Sugunapuram, Kuniamuthur Post, Coimbatore-641008.",Computer Science and Engineering (Internet of Things),186.0,184.5,181.0,180.5,157.0,,
2718,"Sri Krishna College of Engineering and Technology (Autonomous), Sugunapuram, Kuniamuthur Post, Coimbatore-641008.",M.Tech. Computer Science and Engineering (Integrated 5 years),187.0,184.5,180.0,180.5,152.5,142.5,169.5
2718,"Sri Krishna College of Engineering and Technology (Autonomous), Sugunapuram, Kuniamuthur Post, Coimbatore-641008.",COMPUTER SCIENCE AND ENGINEERING,192.0,189.5,189.0,186.5,161.5,149.5,164.0
2718,"Sri Krishna College of Engineering and Technology (Autonomous), Sugunapuram, Kuniamuthur Post, Coimbatore-641008.",ELECTRONICS AND COMMUNICATION ENGINEERING,190.5,187.0,184.5,183.0,159.5,152.5,152.5
2718,"Sri Krishna College of Engineering and Technology (Autonomous), Sugunapuram, Kuniamuthur Post, Coimbatore-641008.",ELECTRICAL AND ELECTRONICS ENGINEERING,185.5,183.0,178.0,178.5,151.0,145.5,146.5
2718,"Sri Krishna College of Engineering and Technology (Autonomous), Sugunapuram, Kuniamuthur Post, Coimbatore-641008.",INFORMATION TECHNOLOGY,188.5,185.5,181.5,183.0,153.5,146.0,143.5
2718,"Sri Krishna College of Engineering and Technology (Autonomous), Sugunapuram, Kuniamuthur Post, Coimbatore-641008.",MECHANICAL ENGINEERING,179.0,175.5,173.5,170.3,138.0,128.5,146.5
2718,"Sri Krishna College of Engineering and Technology (Autonomous), Sugunapuram, Kuniamuthur Post, Coimbatore-641008.",Mechatronics Engineering,182.0,179.0,176.5,175.0,139.5,132.5,
2718,"Sri Krishna College of Engineering and Technology (Autonomous), Sugunapuram, Kuniamuthur Post, Coimbatore-641008.",Computer Science and Engineering (Cyber Security),188.5,185.0,185.5,182.0,160.0,145.5,137.0
2719,"Sri Ramakrishna Engineering College (Autonomous), Vattamalaipalayam, NGGO Colony Post, Coimbatore-641022.",Artificial Intelligence and Data Science,186.0,182.5,180.0,181.5,157.0,173.0,
2719,"Sri Ramakrishna Engineering College (Autonomous), Vattamalaipalayam, NGGO Colony Post, Coimbatore-641022.",AERONAUTICAL ENGINEERING,175.5,169.0,,167.0,131.5,,
2719,"Sri Ramakrishna Engineering College (Autonomous), Vattamalaipalayam, NGGO Colony Post, Coimbatore-641022.",BIO MEDICAL ENGINEERING,175.5,167.5,158.0,167.0,129.0,119.5,
2719,"Sri Ramakrishna Engineering College (Autonomous), Vattamalaipalayam, NGGO Colony Post, Coimbatore-641022.",CIVIL ENGINEERING,169.0,164.5,161.5,158.5,134.5,136.0,141.5
2719,"Sri Ramakrishna Engineering College (Autonomous), Vattamalaipalayam, NGGO Colony Post, Coimbatore-641022.",M.Tech. Computer Science and Engineering (Integrated 5 years),181.5,179.0,176.5,175.0,147.0,159.5,134.0
2719,"Sri Ramakrishna Engineering College (Autonomous), Vattamalaipalayam, NGGO Colony Post, Coimbatore-641022.",COMPUTER SCIENCE AND ENGINEERING,187.0,183.5,183.0,180.5,152.5,160.0,161.5
2719,"Sri Ramakrishna Engineering College (Autonomous), Vattamalaipalayam, NGGO Colony Post, Coimbatore-641022.",ELECTRONICS AND COMMUNICATION ENGINEERING,185.5,182.0,177.0,178.0,151.0,142.0,
2719,"Sri Ramakrishna Engineering College (Autonomous), Vattamalaipalayam, NGGO Colony Post, Coimbatore-641022.",ELECTRICAL AND ELECTRONICS ENGINEERING,182.0,179.0,177.0,177.0,145.0,135.5,152.0
2719,"Sri Ramakrishna Engineering College (Autonomous), Vattamalaipalayam, NGGO Colony Post, Coimbatore-641022.",ELECTRONICS AND INSTRUMENTATION ENGINEERING,179.0,178.0,176.5,169.5,135.5,135.0,
2719,"Sri Ramakrishna Engineering College (Autonomous), Vattamalaipalayam, NGGO Colony Post, Coimbatore-641022.",INFORMATION TECHNOLOGY,185.0,182.0,178.5,179.0,150.5,151.0,140.5
2719,"Sri Ramakrishna Engineering College (Autonomous), Vattamalaipalayam, NGGO Colony Post, Coimbatore-641022.",MECHANICAL ENGINEERING,175.0,170.5,169.5,162.0,130.5,117.0,
2719,"Sri Ramakrishna Engineering College (Autonomous), Vattamalaipalayam, NGGO Colony Post, Coimbatore-641022.",ROBOTICS AND AUTOMATION,179.0,176.5,162.5,172.0,135.0,133.5,
2721,"Tamilnadu College of Engineering, Palanisame Ravi Nagar, Karumathampatti Post, Coimbatore-641659.",Artificial Intelligence and Data Science,150.5,135.0,122.0,112.0,,,
2721,"Tamilnadu College of Engineering, Palanisame Ravi Nagar, Karumathampatti Post, Coimbatore-641659.",AUTOMOBILE ENGINEERING,130.5,,,,,,
2721,"Tamilnadu College of Engineering, Palanisame Ravi Nagar, Karumathampatti Post, Coimbatore-641659.",CIVIL ENGINEERING,123.5,,,,116.5,,
2721,"Tamilnadu College of Engineering, Palanisame Ravi Nagar, Karumathampatti Post, Coimbatore-641659.",COMPUTER SCIENCE AND ENGINEERING,152.0,128.0,105.5,126.5,,97.0,
2721,"Tamilnadu College of Engineering, Palanisame Ravi Nagar, Karumathampatti Post, Coimbatore-641659.",ELECTRONICS AND COMMUNICATION ENGINEERING,140.5,113.0,,110.0,,,
2721,"Tamilnadu College of Engineering, Palanisame Ravi Nagar, Karumathampatti Post, Coimbatore-641659.",ELECTRICAL AND ELECTRONICS ENGINEERING,131.0,89.5,,,,,
2721,"Tamilnadu College of Engineering, Palanisame Ravi Nagar, Karumathampatti Post, Coimbatore-641659.",INSTRUMENTATION AND CONTROL ENGINEERING,113.0,,,,,,
2721,"Tamilnadu College of Engineering, Palanisame Ravi Nagar, Karumathampatti Post, Coimbatore-641659.",INFORMATION TECHNOLOGY,143.5,125.5,,122.5,,,
2721,"Tamilnadu College of Engineering, Palanisame Ravi Nagar, Karumathampatti Post, Coimbatore-641659.",MECHANICAL ENGINEERING,115.0,83.5,,,,,
2723,"Velalar College of Engineering and Technology (Autonomous), Perundurai Road Thindal Post, Erode-638012.",Artificial Intelligence and Data Science,168.5,159.5,147.5,153.0,,84.0,
2723,"Velalar College of Engineering and Technology (Autonomous), Perundurai Road Thindal Post, Erode-638012.",COMPUTER SCIENCE AND ENGINEERING (AI AND MACHINE LEARNING),164.0,159.0,147.5,149.5,,129.5,
2723,"Velalar College of Engineering and Technology (Autonomous), Perundurai Road Thindal Post, Erode-638012.",BIO MEDICAL ENGINEERING,151.0,140.0,112.0,136.0,113.0,139.0,
2723,"Velalar College of Engineering and Technology (Autonomous), Perundurai Road Thindal Post, Erode-638012.",CIVIL ENGINEERING,151.0,140.0,,139.5,100.5,101.5,
2723,"Velalar College of Engineering and Technology (Autonomous), Perundurai Road Thindal Post, Erode-638012.",COMPUTER SCIENCE AND ENGINEERING,174.5,164.5,167.0,156.0,,123.0,
2723,"Velalar College of Engineering and Technology (Autonomous), Perundurai Road Thindal Post, Erode-638012.",ELECTRONICS AND COMMUNICATION ENGINEERING,166.5,158.5,152.5,149.5,,149.0,158.5
2723,"Velalar College of Engineering and Technology (Autonomous), Perundurai Road Thindal Post, Erode-638012.",ELECTRICAL AND ELECTRONICS ENGINEERING,156.0,151.5,142.5,144.5,,132.0,
2723,"Velalar College of Engineering and Technology (Autonomous), Perundurai Road Thindal Post, Erode-638012.",INFORMATION TECHNOLOGY,166.0,160.0,151.0,149.5,,,
2723,"Velalar College of Engineering and Technology (Autonomous), Perundurai Road Thindal Post, Erode-638012.",MEDICAL ELECTRONICS ENGINEERING,147.0,140.5,,123.5,121.0,142.5,
2723,"Velalar College of Engineering and Technology (Autonomous), Perundurai Road Thindal Post, Erode-638012.",MECHANICAL ENGINEERING,149.5,137.0,111.5,124.5,,110.0,
2725,"Sri Ramakrishna Institute of Technology (Autonomous), Pachapalayam, Perur Chettipalayam, Coimbatore-641010.",Artificial Intelligence and Data Science,177.0,171.0,175.0,166.0,137.5,139.5,
2725,"Sri Ramakrishna Institute of Technology (Autonomous), Pachapalayam, Perur Chettipalayam, Coimbatore-641010.",COMPUTER SCIENCE AND ENGINEERING,176.5,172.0,171.5,167.5,129.5,125.0,143.0
2725,"Sri Ramakrishna Institute of Technology (Autonomous), Pachapalayam, Perur Chettipalayam, Coimbatore-641010.",ELECTRONICS AND COMMUNICATION ENGINEERING,175.5,173.5,166.0,169.0,125.0,137.0,
2725,"Sri Ramakrishna Institute of Technology (Autonomous), Pachapalayam, Perur Chettipalayam, Coimbatore-641010.",ELECTRICAL AND ELECTRONICS ENGINEERING,172.5,171.0,170.0,163.0,136.5,106.0,
2725,"Sri Ramakrishna Institute of Technology (Autonomous), Pachapalayam, Perur Chettipalayam, Coimbatore-641010.",INFORMATION TECHNOLOGY,175.5,171.0,173.5,166.0,133.5,121.5,
2725,"Sri Ramakrishna Institute of Technology (Autonomous), Pachapalayam, Perur Chettipalayam, Coimbatore-641010.",MECHANICAL ENGINEERING,164.5,156.0,131.5,157.0,107.5,,100.5
2726,"SNS College of Technology (Autonomous), Sathy Main Road, Vazhiyampalayam, Saravanampatti Post, Coimbatore-641035.",Artificial Intelligence and Data Science,174.5,169.0,161.5,166.0,128.5,125.0,
2726,"SNS College of Technology (Autonomous), Sathy Main Road, Vazhiyampalayam, Saravanampatti Post, Coimbatore-641035.",AGRICULTURAL ENGINEERING,123.0,84.0,,,,,
2726,"SNS College of Technology (Autonomous), Sathy Main Road, Vazhiyampalayam, Saravanampatti Post, Coimbatore-641035.",Artificial Intelligence and Machine Learning,172.0,167.0,165.0,162.5,120.5,119.5,117.0
2726,"SNS College of Technology (Autonomous), Sathy Main Road, Vazhiyampalayam, Saravanampatti Post, Coimbatore-641035.",AEROSPACE ENGINEERING,183.5,178.0,161.5,153.5,136.0,,
2726,"SNS College of Technology (Autonomous), Sathy Main Road, Vazhiyampalayam, Saravanampatti Post, Coimbatore-641035.",AUTOMOBILE ENGINEERING,140.5,130.5,128.0,132.0,,,
2726,"SNS College of Technology (Autonomous), Sathy Main Road, Vazhiyampalayam, Saravanampatti Post, Coimbatore-641035.",BIO MEDICAL ENGINEERING,157.5,150.0,155.0,140.5,117.5,122.0,
2726,"SNS College of Technology (Autonomous), Sathy Main Road, Vazhiyampalayam, Saravanampatti Post, Coimbatore-641035.",COMPUTER SCIENCE AND DESIGN,170.5,164.5,165.0,161.0,114.0,,
2726,"SNS College of Technology (Autonomous), Sathy Main Road, Vazhiyampalayam, Saravanampatti Post, Coimbatore-641035.",CIVIL ENGINEERING,152.0,128.5,136.0,127.5,120.0,119.5,131.0
2726,"SNS College of Technology (Autonomous), Sathy Main Road, Vazhiyampalayam, Saravanampatti Post, Coimbatore-641035.",COMPUTER SCIENCE AND ENGINEERING,177.5,173.5,164.5,165.5,128.5,128.5,
2726,"SNS College of Technology (Autonomous), Sathy Main Road, Vazhiyampalayam, Saravanampatti Post, Coimbatore-641035.",ELECTRONICS AND COMMUNICATION ENGINEERING,174.4,167.5,155.5,164.5,117.0,113.5,
2726,"SNS College of Technology (Autonomous), Sathy Main Road, Vazhiyampalayam, Saravanampatti Post, Coimbatore-641035.",ELECTRICAL AND ELECTRONICS ENGINEERING,168.5,162.5,153.0,159.0,104.5,,
2726,"SNS College of Technology (Autonomous), Sathy Main Road, Vazhiyampalayam, Saravanampatti Post, Coimbatore-641035.",FOOD TECHNOLOGY,161.0,137.0,141.0,118.5,,,
2726,"SNS College of Technology (Autonomous), Sathy Main Road, Vazhiyampalayam, Saravanampatti Post, Coimbatore-641035.",INFORMATION TECHNOLOGY,173.5,169.0,160.5,165.0,134.0,139.0,
2726,"SNS College of Technology (Autonomous), Sathy Main Road, Vazhiyampalayam, Saravanampatti Post, Coimbatore-641035.",MECHANICAL ENGINEERING,158.0,145.0,146.5,142.0,96.5,,
2726,"SNS College of Technology (Autonomous), Sathy Main Road, Vazhiyampalayam, Saravanampatti Post, Coimbatore-641035.",Mechanical and Mechatronics Engineering (Additive Manufacturing),151.5,143.5,150.5,146.5,,,
2726,"SNS College of Technology (Autonomous), Sathy Main Road, Vazhiyampalayam, Saravanampatti Post, Coimbatore-641035.",Mechatronics Engineering,171.7,156.0,155.0,149.0,108.5,,
2726,"SNS College of Technology (Autonomous), Sathy Main Road, Vazhiyampalayam, Saravanampatti Post, Coimbatore-641035.",Computer Science and Engineering (Internet of Things and Cyber Security including Block Chain Technology),176.6,169.0,167.5,167.5,140.5,129.0,
2726,"SNS College of Technology (Autonomous), Sathy Main Road, Vazhiyampalayam, Saravanampatti Post, Coimbatore-641035.",Computer Science and Technology,172.5,167.0,153.0,162.5,117.5,126.0,
2727,"Sri Shakthi Institute of Engineering and Technology (Autonomous), Sri Shakthi Nagar, L & T By-pass Road, Chinniyampalayam Post, Coimbatore-641062.",Artificial Intelligence and Data Science,169.5,162.0,154.5,155.5,,101.0,
2727,"Sri Shakthi Institute of Engineering and Technology (Autonomous), Sri Shakthi Nagar, L & T By-pass Road, Chinniyampalayam Post, Coimbatore-641062.",AGRICULTURAL ENGINEERING,148.5,,,,,,
2727,"Sri Shakthi Institute of Engineering and Technology (Autonomous), Sri Shakthi Nagar, L & T By-pass Road, Chinniyampalayam Post, Coimbatore-641062.",Artificial Intelligence and Machine Learning,167.5,162.0,153.5,155.5,,117.0,
2727,"Sri Shakthi Institute of Engineering and Technology (Autonomous), Sri Shakthi Nagar, L & T By-pass Road, Chinniyampalayam Post, Coimbatore-641062.",BIO MEDICAL ENGINEERING,148.0,109.0,,,,,
2727,"Sri Shakthi Institute of Engineering and Technology (Autonomous), Sri Shakthi Nagar, L & T By-pass Road, Chinniyampalayam Post, Coimbatore-641062.",BIO TECHNOLOGY,159.0,134.0,117.0,143.5,105.5,,108.0
2727,"Sri Shakthi Institute of Engineering and Technology (Autonomous), Sri Shakthi Nagar, L & T By-pass Road, Chinniyampalayam Post, Coimbatore-641062.",CIVIL ENGINEERING,144.0,119.5,,102.0,,,129.0
2727,"Sri Shakthi Institute of Engineering and Technology (Autonomous), Sri Shakthi Nagar, L & T By-pass Road, Chinniyampalayam Post, Coimbatore-641062.",COMPUTER SCIENCE AND ENGINEERING,176.0,170.0,164.5,161.0,114.0,126.5,
2727,"Sri Shakthi Institute of Engineering and Technology (Autonomous), Sri Shakthi Nagar, L & T By-pass Road, Chinniyampalayam Post, Coimbatore-641062.",ELECTRONICS AND COMMUNICATION ENGINEERING,171.5,165.0,162.0,162.0,,,
2727,"Sri Shakthi Institute of Engineering and Technology (Autonomous), Sri Shakthi Nagar, L & T By-pass Road, Chinniyampalayam Post, Coimbatore-641062.",ELECTRICAL AND ELECTRONICS ENGINEERING,161.0,157.5,155.0,152.5,,,
2727,"Sri Shakthi Institute of Engineering and Technology (Autonomous), Sri Shakthi Nagar, L & T By-pass Road, Chinniyampalayam Post, Coimbatore-641062.",Electronics Engineering (VLSI Design and Technology),163.5,157.5,154.5,151.0,,,
2727,"Sri Shakthi Institute of Engineering and Technology (Autonomous), Sri Shakthi Nagar, L & T By-pass Road, Chinniyampalayam Post, Coimbatore-641062.",FOOD TECHNOLOGY,147.5,130.0,,,,,
2727,"Sri Shakthi Institute of Engineering and Technology (Autonomous), Sri Shakthi Nagar, L & T By-pass Road, Chinniyampalayam Post, Coimbatore-641062.",INFORMATION TECHNOLOGY,169.0,163.0,155.0,156.5,,,
2727,"Sri Shakthi Institute of Engineering and Technology (Autonomous), Sri Shakthi Nagar, L & T By-pass Road, Chinniyampalayam Post, Coimbatore-641062.",MECHANICAL ENGINEERING,157.5,150.0,126.0,136.5,,,
2727,"Sri Shakthi Institute of Engineering and Technology (Autonomous), Sri Shakthi Nagar, L & T By-pass Road, Chinniyampalayam Post, Coimbatore-641062.",Computer Science and Engineering (Cyber Security),167.0,161.5,155.5,154.0,,114.5,
2729,"Nehru Institute of Engineering and Technology (Autonomous), Nehru Gardens, Thirumalayampalayam (Post), Coimbatore-641105.",Artificial Intelligence and Data Science,172.5,164.0,169.0,158.5,142.0,136.5,
2729,"Nehru Institute of Engineering and Technology (Autonomous), Nehru Gardens, Thirumalayampalayam (Post), Coimbatore-641105.",AERONAUTICAL ENGINEERING,171.0,156.0,165.0,150.0,130.0,126.5,110.0
2729,"Nehru Institute of Engineering and Technology (Autonomous), Nehru Gardens, Thirumalayampalayam (Post), Coimbatore-641105.",COMPUTER SCIENCE AND BUSSINESS SYSTEM,162.0,160.0,160.0,154.5,135.5,147.0,
2729,"Nehru Institute of Engineering and Technology (Autonomous), Nehru Gardens, Thirumalayampalayam (Post), Coimbatore-641105.",COMPUTER SCIENCE AND ENGINEERING,174.0,165.5,165.0,160.5,143.5,137.5,
2729,"Nehru Institute of Engineering and Technology (Autonomous), Nehru Gardens, Thirumalayampalayam (Post), Coimbatore-641105.",ELECTRONICS AND COMMUNICATION ENGINEERING,169.0,162.5,160.5,158.5,137.0,128.5,119.0
2729,"Nehru Institute of Engineering and Technology (Autonomous), Nehru Gardens, Thirumalayampalayam (Post), Coimbatore-641105.",ELECTRICAL AND ELECTRONICS ENGINEERING,160.5,154.0,150.5,148.0,106.5,,
2729,"Nehru Institute of Engineering and Technology (Autonomous), Nehru Gardens, Thirumalayampalayam (Post), Coimbatore-641105.",INFORMATION TECHNOLOGY,172.0,162.5,168.0,159.5,154.5,156.0,
2729,"Nehru Institute of Engineering and Technology (Autonomous), Nehru Gardens, Thirumalayampalayam (Post), Coimbatore-641105.",MECHANICAL ENGINEERING,154.0,142.0,150.5,139.5,,,
2729,"Nehru Institute of Engineering and Technology (Autonomous), Nehru Gardens, Thirumalayampalayam (Post), Coimbatore-641105.",Mechatronics Engineering,158.0,141.5,149.5,145.5,,106.5,145.0
2731,"RVS College of Engineering and Technology (Autonomous), Kumaran Kottam Campus, Kannampalayam Post, Coimbatore-641402.",Artificial Intelligence and Data Science,163.5,150.0,147.5,147.5,,122.5,
2731,"RVS College of Engineering and Technology (Autonomous), Kumaran Kottam Campus, Kannampalayam Post, Coimbatore-641402.",BIO MEDICAL ENGINEERING,141.5,,107.5,109.0,,,
2731,"RVS College of Engineering and Technology (Autonomous), Kumaran Kottam Campus, Kannampalayam Post, Coimbatore-641402.",COMPUTER SCIENCE AND ENGINEERING,164.0,153.5,149.0,146.5,111.5,139.5,
2731,"RVS College of Engineering and Technology (Autonomous), Kumaran Kottam Campus, Kannampalayam Post, Coimbatore-641402.",ELECTRONICS AND COMMUNICATION ENGINEERING,164.0,154.0,162.5,148.0,112.0,150.5,
2731,"RVS College of Engineering and Technology (Autonomous), Kumaran Kottam Campus, Kannampalayam Post, Coimbatore-641402.",ELECTRICAL AND ELECTRONICS ENGINEERING,151.0,134.0,141.0,133.0,84.0,112.5,
2731,"RVS College of Engineering and Technology (Autonomous), Kumaran Kottam Campus, Kannampalayam Post, Coimbatore-641402.",INFORMATION TECHNOLOGY,161.0,150.5,160.0,146.5,103.0,118.0,
2731,"RVS College of Engineering and Technology (Autonomous), Kumaran Kottam Campus, Kannampalayam Post, Coimbatore-641402.",MECHANICAL ENGINEERING,139.5,123.0,,121.0,,,
2731,"RVS College of Engineering and Technology (Autonomous), Kumaran Kottam Campus, Kannampalayam Post, Coimbatore-641402.",PETRO CHEMICAL TECHNOLOGY,131.5,,114.0,,,109.0,
2732,"Info Institute of Engineering, S F No.194-200, N.H.209, Sathy Road, Sarakarsamakulam, Kovilpalayam, Coimbatore-641107.",Artificial Intelligence and Data Science,145.0,123.0,,114.5,116.0,136.0,
2732,"Info Institute of Engineering, S F No.194-200, N.H.209, Sathy Road, Sarakarsamakulam, Kovilpalayam, Coimbatore-641107.",COMPUTER SCIENCE AND ENGINEERING,138.5,112.0,122.0,118.5,,97.5,
2732,"Info Institute of Engineering, S F No.194-200, N.H.209, Sathy Road, Sarakarsamakulam, Kovilpalayam, Coimbatore-641107.",ELECTRONICS AND COMMUNICATION ENGINEERING,140.0,107.5,,122.5,105.0,,
2732,"Info Institute of Engineering, S F No.194-200, N.H.209, Sathy Road, Sarakarsamakulam, Kovilpalayam, Coimbatore-641107.",ELECTRICAL AND ELECTRONICS ENGINEERING,131.0,106.5,113.0,110.5,,,
2732,"Info Institute of Engineering, S F No.194-200, N.H.209, Sathy Road, Sarakarsamakulam, Kovilpalayam, Coimbatore-641107.",INFORMATION TECHNOLOGY,135.5,113.5,,126.5,,103.0,
2732,"Info Institute of Engineering, S F No.194-200, N.H.209, Sathy Road, Sarakarsamakulam, Kovilpalayam, Coimbatore-641107.",MECHANICAL ENGINEERING,104.5,,91.5,,,,
2733,"Angel College of Engineering and Technology, PK Palayam PO,Dharapuram Main Road, Ugayanur village, Tiruppur-641665.",CIVIL ENGINEERING,,,,,,,
2733,"Angel College of Engineering and Technology, PK Palayam PO,Dharapuram Main Road, Ugayanur village, Tiruppur-641665.",COMPUTER SCIENCE AND ENGINEERING,,,,,,,
2733,"Angel College of Engineering and Technology, PK Palayam PO,Dharapuram Main Road, Ugayanur village, Tiruppur-641665.",ELECTRONICS AND COMMUNICATION ENGINEERING,,,,,,,
2733,"Angel College of Engineering and Technology, PK Palayam PO,Dharapuram Main Road, Ugayanur village, Tiruppur-641665.",ELECTRICAL AND ELECTRONICS ENGINEERING,,,,,,,
2733,"Angel College of Engineering and Technology, PK Palayam PO,Dharapuram Main Road, Ugayanur village, Tiruppur-641665.",FASHION TECHNOLOGY,,,,,,,
2733,"Angel College of Engineering and Technology, PK Palayam PO,Dharapuram Main Road, Ugayanur village, Tiruppur-641665.",MECHANICAL ENGINEERING,,,,,,,
2735,"Karpagam Institute of Technology (Autonomous), S.F. NO. 247,248, L&T Bypass Road, Seerapalayam Village, Bodipalayam Post, Coimbatore-641105.",Artificial Intelligence and Data Science,187.5,184.0,184.5,181.5,157.5,,136.5
2735,"Karpagam Institute of Technology (Autonomous), S.F. NO. 247,248, L&T Bypass Road, Seerapalayam Village, Bodipalayam Post, Coimbatore-641105.",COMPUTER SCIENCE AND ENGINEERING,185.5,183.5,185.0,179.5,157.0,145.5,
2735,"Karpagam Institute of Technology (Autonomous), S.F. NO. 247,248, L&T Bypass Road, Seerapalayam Village, Bodipalayam Post, Coimbatore-641105.",ELECTRONICS AND COMMUNICATION ENGINEERING,184.0,181.0,176.0,178.0,147.5,144.5,113.5
2735,"Karpagam Institute of Technology (Autonomous), S.F. NO. 247,248, L&T Bypass Road, Seerapalayam Village, Bodipalayam Post, Coimbatore-641105.",ELECTRICAL AND ELECTRONICS ENGINEERING,180.5,175.0,175.5,176.5,142.0,145.0,
2735,"Karpagam Institute of Technology (Autonomous), S.F. NO. 247,248, L&T Bypass Road, Seerapalayam Village, Bodipalayam Post, Coimbatore-641105.",INFORMATION TECHNOLOGY,184.5,182.0,180.5,180.5,153.5,153.0,
2735,"Karpagam Institute of Technology (Autonomous), S.F. NO. 247,248, L&T Bypass Road, Seerapalayam Village, Bodipalayam Post, Coimbatore-641105.",MECHANICAL ENGINEERING,172.5,168.0,168.5,165.0,152.0,135.5,
2736,"Dr N.G.P. Institute of Technology (Autonomous), Dr. N.G.P. Nagar, Kalapatti Road, Coimbatore-641048.",Artificial Intelligence and Data Science,182.0,178.5,178.0,174.5,139.0,128.5,92.0
2736,"Dr N.G.P. Institute of Technology (Autonomous), Dr. N.G.P. Nagar, Kalapatti Road, Coimbatore-641048.",BIO MEDICAL ENGINEERING,175.0,164.0,168.0,165.0,109.5,144.0,
2736,"Dr N.G.P. Institute of Technology (Autonomous), Dr. N.G.P. Nagar, Kalapatti Road, Coimbatore-641048.",COMPUTER SCIENCE AND BUSSINESS SYSTEM,178.5,177.0,171.0,171.0,123.0,136.0,
2736,"Dr N.G.P. Institute of Technology (Autonomous), Dr. N.G.P. Nagar, Kalapatti Road, Coimbatore-641048.",CIVIL ENGINEERING,169.5,159.0,,153.5,127.0,,
2736,"Dr N.G.P. Institute of Technology (Autonomous), Dr. N.G.P. Nagar, Kalapatti Road, Coimbatore-641048.",COMPUTER SCIENCE AND ENGINEERING,183.0,179.0,168.5,174.5,132.5,151.0,
2736,"Dr N.G.P. Institute of Technology (Autonomous), Dr. N.G.P. Nagar, Kalapatti Road, Coimbatore-641048.",ELECTRONICS AND COMMUNICATION ENGINEERING,182.0,179.0,173.0,173.5,129.0,137.0,
2736,"Dr N.G.P. Institute of Technology (Autonomous), Dr. N.G.P. Nagar, Kalapatti Road, Coimbatore-641048.",ELECTRICAL AND ELECTRONICS ENGINEERING,177.0,175.0,161.0,168.5,124.5,129.5,
2736,"Dr N.G.P. Institute of Technology (Autonomous), Dr. N.G.P. Nagar, Kalapatti Road, Coimbatore-641048.",INFORMATION TECHNOLOGY,181.0,178.5,168.5,173.0,129.5,144.5,126.5
2736,"Dr N.G.P. Institute of Technology (Autonomous), Dr. N.G.P. Nagar, Kalapatti Road, Coimbatore-641048.",MECHANICAL ENGINEERING,169.5,161.5,160.5,154.5,,124.0,
2736,"Dr N.G.P. Institute of Technology (Autonomous), Dr. N.G.P. Nagar, Kalapatti Road, Coimbatore-641048.",Computer Science and Engineering (Cyber Security),180.5,178.5,172.0,175.0,131.5,174.5,
2737,"Sri Sai Ranganathan Engineering College (Autonomous) , Viraliyur Post, Thondamuthur(via), Coimbatore-641109.",Artificial Intelligence and Data Science,155.5,126.5,,123.5,,,
2737,"Sri Sai Ranganathan Engineering College (Autonomous) , Viraliyur Post, Thondamuthur(via), Coimbatore-641109.",COMPUTER SCIENCE AND ENGINEERING (AI AND MACHINE LEARNING),146.0,116.5,,132.5,,,
2737,"Sri Sai Ranganathan Engineering College (Autonomous) , Viraliyur Post, Thondamuthur(via), Coimbatore-641109.",CIVIL ENGINEERING,103.5,,,,,,
2737,"Sri Sai Ranganathan Engineering College (Autonomous) , Viraliyur Post, Thondamuthur(via), Coimbatore-641109.",COMPUTER SCIENCE AND ENGINEERING,170.0,127.5,,123.5,,89.5,
2737,"Sri Sai Ranganathan Engineering College (Autonomous) , Viraliyur Post, Thondamuthur(via), Coimbatore-641109.",ELECTRONICS AND COMMUNICATION ENGINEERING,154.0,125.0,,118.0,,,
2737,"Sri Sai Ranganathan Engineering College (Autonomous) , Viraliyur Post, Thondamuthur(via), Coimbatore-641109.",ELECTRICAL AND ELECTRONICS ENGINEERING,130.0,102.5,,102.0,,,
2737,"Sri Sai Ranganathan Engineering College (Autonomous) , Viraliyur Post, Thondamuthur(via), Coimbatore-641109.",INFORMATION TECHNOLOGY,151.0,130.0,103.5,108.5,,,
2737,"Sri Sai Ranganathan Engineering College (Autonomous) , Viraliyur Post, Thondamuthur(via), Coimbatore-641109.",MECHANICAL ENGINEERING,111.0,,,,,,
2737,"Sri Sai Ranganathan Engineering College (Autonomous) , Viraliyur Post, Thondamuthur(via), Coimbatore-641109.",Computer Science and Engineering (Cyber Security),145.5,126.0,,132.0,,,
2739,"Sri Eshwar College of Engineering (Autonomous), Kondampatti Post, Vadasithur Via, Coimbatore-641202.",Artificial Intelligence and Data Science,190.0,188.5,184.5,184.5,163.0,153.5,155.5
2739,"Sri Eshwar College of Engineering (Autonomous), Kondampatti Post, Vadasithur Via, Coimbatore-641202.",COMPUTER SCIENCE AND ENGINEERING (AI AND MACHINE LEARNING),190.0,188.0,184.0,183.0,160.0,161.0,150.0
2739,"Sri Eshwar College of Engineering (Autonomous), Kondampatti Post, Vadasithur Via, Coimbatore-641202.",COMPUTER SCIENCE AND BUSSINESS SYSTEM,187.5,187.0,182.5,182.5,162.8,141.5,
2739,"Sri Eshwar College of Engineering (Autonomous), Kondampatti Post, Vadasithur Via, Coimbatore-641202.",COMPUTER AND COMMUNICATION ENGINEERING,189.0,187.5,184.0,184.0,153.0,156.0,
2739,"Sri Eshwar College of Engineering (Autonomous), Kondampatti Post, Vadasithur Via, Coimbatore-641202.",COMPUTER SCIENCE AND ENGINEERING,193.5,192.0,187.5,189.5,175.0,172.5,191.0
2739,"Sri Eshwar College of Engineering (Autonomous), Kondampatti Post, Vadasithur Via, Coimbatore-641202.",ELECTRONICS AND COMMUNICATION ENGINEERING,191.5,190.0,185.5,187.5,160.5,173.0,152.5
2739,"Sri Eshwar College of Engineering (Autonomous), Kondampatti Post, Vadasithur Via, Coimbatore-641202.",ELECTRICAL AND ELECTRONICS ENGINEERING,187.0,185.5,184.5,180.5,152.5,145.5,
2739,"Sri Eshwar College of Engineering (Autonomous), Kondampatti Post, Vadasithur Via, Coimbatore-641202.",INFORMATION TECHNOLOGY,192.5,190.5,187.0,187.0,173.5,159.5,
2739,"Sri Eshwar College of Engineering (Autonomous), Kondampatti Post, Vadasithur Via, Coimbatore-641202.",MECHANICAL ENGINEERING,184.0,182.0,,175.5,147.0,,
2739,"Sri Eshwar College of Engineering (Autonomous), Kondampatti Post, Vadasithur Via, Coimbatore-641202.",Computer Science and Engineering (Cyber Security),190.5,189.0,186.0,185.0,159.0,150.5,
2740,"Hindusthan Institute of Technology (Autonomous), Othakkalmandapam Post, Coimbatore-641032.",Artificial Intelligence and Data Science,179.0,167.0,170.5,161.5,128.5,130.5,153.0
2740,"Hindusthan Institute of Technology (Autonomous), Othakkalmandapam Post, Coimbatore-641032.",AERONAUTICAL ENGINEERING,161.0,150.5,138.0,145.0,129.5,,
2740,"Hindusthan Institute of Technology (Autonomous), Othakkalmandapam Post, Coimbatore-641032.",COMPUTER SCIENCE AND ENGINEERING,174.5,164.5,157.5,163.5,126.0,126.0,121.0
2740,"Hindusthan Institute of Technology (Autonomous), Othakkalmandapam Post, Coimbatore-641032.",ELECTRONICS AND COMMUNICATION ENGINEERING,171.0,162.0,165.0,160.0,124.5,123.5,106.5
2740,"Hindusthan Institute of Technology (Autonomous), Othakkalmandapam Post, Coimbatore-641032.",INFORMATION TECHNOLOGY,172.0,163.0,163.5,162.0,122.5,121.0,
2740,"Hindusthan Institute of Technology (Autonomous), Othakkalmandapam Post, Coimbatore-641032.",MECHANICAL ENGINEERING,150.5,136.5,,141.0,124.0,,
2741,"P A College of Engineering and Technology (Autonomous), Palladam Road, Pollachi, Coimbatore Dt.-642002.",Artificial Intelligence and Data Science,162.5,147.0,151.0,135.5,137.0,160.5,152.5
2741,"P A College of Engineering and Technology (Autonomous), Palladam Road, Pollachi, Coimbatore Dt.-642002.",COMPUTER SCIENCE AND ENGINEERING,166.5,150.5,145.5,137.0,130.0,154.5,
2741,"P A College of Engineering and Technology (Autonomous), Palladam Road, Pollachi, Coimbatore Dt.-642002.",ELECTRONICS AND COMMUNICATION ENGINEERING,156.0,145.5,129.0,134.0,136.0,144.0,
2741,"P A College of Engineering and Technology (Autonomous), Palladam Road, Pollachi, Coimbatore Dt.-642002.",ELECTRICAL AND ELECTRONICS ENGINEERING,144.5,131.0,,121.5,122.5,,
2741,"P A College of Engineering and Technology (Autonomous), Palladam Road, Pollachi, Coimbatore Dt.-642002.",INFORMATION TECHNOLOGY,154.0,145.0,144.5,133.5,130.0,141.0,
2741,"P A College of Engineering and Technology (Autonomous), Palladam Road, Pollachi, Coimbatore Dt.-642002.",MECHANICAL ENGINEERING,136.0,105.5,131.0,102.5,122.5,128.0,
2743,"Dhanalakshmi Srinivasan College of Engineering (CBE) (Autonomous), NH-47, Palakkad Main Road, Navakkarai Post, Coimbatore-641105.",Artificial Intelligence and Data Science,167.0,158.0,154.5,155.0,133.5,134.5,140.0
2743,"Dhanalakshmi Srinivasan College of Engineering (CBE) (Autonomous), NH-47, Palakkad Main Road, Navakkarai Post, Coimbatore-641105.",AGRICULTURAL ENGINEERING,154.5,142.0,118.0,126.0,147.0,,
2743,"Dhanalakshmi Srinivasan College of Engineering (CBE) (Autonomous), NH-47, Palakkad Main Road, Navakkarai Post, Coimbatore-641105.",BIO MEDICAL ENGINEERING,149.5,135.5,132.5,124.0,124.0,109.0,
2743,"Dhanalakshmi Srinivasan College of Engineering (CBE) (Autonomous), NH-47, Palakkad Main Road, Navakkarai Post, Coimbatore-641105.",CIVIL ENGINEERING,142.5,134.0,,137.5,95.0,,
2743,"Dhanalakshmi Srinivasan College of Engineering (CBE) (Autonomous), NH-47, Palakkad Main Road, Navakkarai Post, Coimbatore-641105.",COMPUTER SCIENCE AND ENGINEERING,168.5,159.0,158.0,157.0,130.5,133.5,126.5
2743,"Dhanalakshmi Srinivasan College of Engineering (CBE) (Autonomous), NH-47, Palakkad Main Road, Navakkarai Post, Coimbatore-641105.",ELECTRONICS AND COMMUNICATION ENGINEERING,164.5,156.0,151.5,153.5,129.5,106.5,
2743,"Dhanalakshmi Srinivasan College of Engineering (CBE) (Autonomous), NH-47, Palakkad Main Road, Navakkarai Post, Coimbatore-641105.",ELECTRICAL AND ELECTRONICS ENGINEERING,154.0,148.0,143.5,145.0,135.0,107.5,
2743,"Dhanalakshmi Srinivasan College of Engineering (CBE) (Autonomous), NH-47, Palakkad Main Road, Navakkarai Post, Coimbatore-641105.",FOOD TECHNOLOGY,149.5,137.0,128.0,134.5,141.5,132.0,
2743,"Dhanalakshmi Srinivasan College of Engineering (CBE) (Autonomous), NH-47, Palakkad Main Road, Navakkarai Post, Coimbatore-641105.",MECHANICAL ENGINEERING,149.0,130.5,140.0,130.5,103.5,105.5,
2743,"Dhanalakshmi Srinivasan College of Engineering (CBE) (Autonomous), NH-47, Palakkad Main Road, Navakkarai Post, Coimbatore-641105.",Computer Science and Engineering (Cyber Security),166.5,158.0,148.0,160.0,130.0,152.5,
2744,"Adithya Institute of Technology (Autonomous), S.F.No. 348/1,349/1, Kurumbapalayam, SS Kulam(PO), Coimbatore-641107.",Artificial Intelligence and Data Science,165.0,155.5,,155.5,,112.0,
2744,"Adithya Institute of Technology (Autonomous), S.F.No. 348/1,349/1, Kurumbapalayam, SS Kulam(PO), Coimbatore-641107.",CIVIL ENGINEERING,140.0,113.5,,113.0,,,
2744,"Adithya Institute of Technology (Autonomous), S.F.No. 348/1,349/1, Kurumbapalayam, SS Kulam(PO), Coimbatore-641107.",COMPUTER SCIENCE AND ENGINEERING,164.0,153.0,150.5,152.5,,,
2744,"Adithya Institute of Technology (Autonomous), S.F.No. 348/1,349/1, Kurumbapalayam, SS Kulam(PO), Coimbatore-641107.",ELECTRONICS AND COMMUNICATION ENGINEERING,162.5,153.5,116.0,158.0,,,
2744,"Adithya Institute of Technology (Autonomous), S.F.No. 348/1,349/1, Kurumbapalayam, SS Kulam(PO), Coimbatore-641107.",ELECTRICAL AND ELECTRONICS ENGINEERING,146.5,140.5,124.0,141.0,,108.5,
2744,"Adithya Institute of Technology (Autonomous), S.F.No. 348/1,349/1, Kurumbapalayam, SS Kulam(PO), Coimbatore-641107.",INFORMATION TECHNOLOGY,163.0,152.0,160.5,155.5,,,
2744,"Adithya Institute of Technology (Autonomous), S.F.No. 348/1,349/1, Kurumbapalayam, SS Kulam(PO), Coimbatore-641107.",MECHANICAL ENGINEERING,132.0,109.5,,109.0,,,
2745,"Kathir College of Engineering (Autonomous), WISDOM TREE, Avinashi Road, Neelambur, Coimbatore-641062.",Artificial Intelligence and Data Science,154.0,145.0,148.0,141.5,121.0,133.5,122.0
2745,"Kathir College of Engineering (Autonomous), WISDOM TREE, Avinashi Road, Neelambur, Coimbatore-641062.",COMPUTER SCIENCE AND ENGINEERING (AI AND MACHINE LEARNING),155.0,144.0,145.5,144.5,123.0,116.0,
2745,"Kathir College of Engineering (Autonomous), WISDOM TREE, Avinashi Road, Neelambur, Coimbatore-641062.",COMPUTER AND COMMUNICATION ENGINEERING,143.5,142.5,136.5,140.0,122.5,124.0,
2745,"Kathir College of Engineering (Autonomous), WISDOM TREE, Avinashi Road, Neelambur, Coimbatore-641062.",COMPUTER SCIENCE AND ENGINEERING,166.5,151.5,152.5,148.0,126.5,161.5,
2745,"Kathir College of Engineering (Autonomous), WISDOM TREE, Avinashi Road, Neelambur, Coimbatore-641062.",ELECTRONICS AND COMMUNICATION ENGINEERING,154.0,141.5,148.5,139.5,117.5,119.5,114.0
2745,"Kathir College of Engineering (Autonomous), WISDOM TREE, Avinashi Road, Neelambur, Coimbatore-641062.",ELECTRICAL AND ELECTRONICS ENGINEERING,148.0,137.5,143.5,126.5,112.0,131.5,
2745,"Kathir College of Engineering (Autonomous), WISDOM TREE, Avinashi Road, Neelambur, Coimbatore-641062.",MECHANICAL ENGINEERING,138.0,131.0,130.0,125.0,115.0,,110.5
2747,"Shree Venkateshwara Hi-Tech Engineering College (Autonomous), Erode-Sathy Main Road,Sri Kalaivani Nagar, Othakuthirai,K, Mettupalayam (Po), Gobichettipalayam (Tk), Erode (Dt)-638455.",Artificial Intelligence and Data Science,144.5,113.5,133.0,120.5,,,
2747,"Shree Venkateshwara Hi-Tech Engineering College (Autonomous), Erode-Sathy Main Road,Sri Kalaivani Nagar, Othakuthirai,K, Mettupalayam (Po), Gobichettipalayam (Tk), Erode (Dt)-638455.",COMPUTER SCIENCE AND ENGINEERING (AI AND MACHINE LEARNING),147.5,105.5,,104.0,,131.5,
2747,"Shree Venkateshwara Hi-Tech Engineering College (Autonomous), Erode-Sathy Main Road,Sri Kalaivani Nagar, Othakuthirai,K, Mettupalayam (Po), Gobichettipalayam (Tk), Erode (Dt)-638455.",BIO MEDICAL ENGINEERING,126.0,,,,113.5,119.5,
2747,"Shree Venkateshwara Hi-Tech Engineering College (Autonomous), Erode-Sathy Main Road,Sri Kalaivani Nagar, Othakuthirai,K, Mettupalayam (Po), Gobichettipalayam (Tk), Erode (Dt)-638455.",BIO TECHNOLOGY,136.0,,,,,113.5,
2747,"Shree Venkateshwara Hi-Tech Engineering College (Autonomous), Erode-Sathy Main Road,Sri Kalaivani Nagar, Othakuthirai,K, Mettupalayam (Po), Gobichettipalayam (Tk), Erode (Dt)-638455.",CIVIL ENGINEERING,112.5,,,102.5,98.5,,
2747,"Shree Venkateshwara Hi-Tech Engineering College (Autonomous), Erode-Sathy Main Road,Sri Kalaivani Nagar, Othakuthirai,K, Mettupalayam (Po), Gobichettipalayam (Tk), Erode (Dt)-638455.",COMPUTER SCIENCE AND ENGINEERING,133.0,101.5,114.0,109.5,,,
2747,"Shree Venkateshwara Hi-Tech Engineering College (Autonomous), Erode-Sathy Main Road,Sri Kalaivani Nagar, Othakuthirai,K, Mettupalayam (Po), Gobichettipalayam (Tk), Erode (Dt)-638455.",ELECTRONICS AND COMMUNICATION ENGINEERING,143.0,124.5,105.0,109.0,,117.5,
2747,"Shree Venkateshwara Hi-Tech Engineering College (Autonomous), Erode-Sathy Main Road,Sri Kalaivani Nagar, Othakuthirai,K, Mettupalayam (Po), Gobichettipalayam (Tk), Erode (Dt)-638455.",ELECTRICAL AND ELECTRONICS ENGINEERING,124.0,,,105.5,,90.5,
2747,"Shree Venkateshwara Hi-Tech Engineering College (Autonomous), Erode-Sathy Main Road,Sri Kalaivani Nagar, Othakuthirai,K, Mettupalayam (Po), Gobichettipalayam (Tk), Erode (Dt)-638455.",INFORMATION TECHNOLOGY,135.5,112.0,127.0,116.0,,110.0,
2747,"Shree Venkateshwara Hi-Tech Engineering College (Autonomous), Erode-Sathy Main Road,Sri Kalaivani Nagar, Othakuthirai,K, Mettupalayam (Po), Gobichettipalayam (Tk), Erode (Dt)-638455.",MECHANICAL ENGINEERING,110.5,,,,,,
2747,"Shree Venkateshwara Hi-Tech Engineering College (Autonomous), Erode-Sathy Main Road,Sri Kalaivani Nagar, Othakuthirai,K, Mettupalayam (Po), Gobichettipalayam (Tk), Erode (Dt)-638455.",PHARMACEUTICAL TECHNOLOGY,114.5,,,,99.0,112.5,
2747,"Shree Venkateshwara Hi-Tech Engineering College (Autonomous), Erode-Sathy Main Road,Sri Kalaivani Nagar, Othakuthirai,K, Mettupalayam (Po), Gobichettipalayam (Tk), Erode (Dt)-638455.",Computer Science and Engineering (Cyber Security),143.0,111.5,,,,140.5,
2748,"Surya Engineering College, Perundurai Road,Manalmedu, Mettukadai,Kathirampatti Post, Erode-638107.",Artificial Intelligence and Data Science,119.5,,,,,,
2748,"Surya Engineering College, Perundurai Road,Manalmedu, Mettukadai,Kathirampatti Post, Erode-638107.",COMPUTER SCIENCE AND ENGINEERING (AI AND MACHINE LEARNING),,,,,,,
2748,"Surya Engineering College, Perundurai Road,Manalmedu, Mettukadai,Kathirampatti Post, Erode-638107.",BIO MEDICAL ENGINEERING,104.5,,,,,,
2748,"Surya Engineering College, Perundurai Road,Manalmedu, Mettukadai,Kathirampatti Post, Erode-638107.",COMPUTER SCIENCE AND ENGINEERING,119.5,,,,,,
2748,"Surya Engineering College, Perundurai Road,Manalmedu, Mettukadai,Kathirampatti Post, Erode-638107.",ELECTRONICS AND COMMUNICATION ENGINEERING,124.0,,,,,124.0,
2748,"Surya Engineering College, Perundurai Road,Manalmedu, Mettukadai,Kathirampatti Post, Erode-638107.",INFORMATION TECHNOLOGY,99.5,,,,,,
2748,"Surya Engineering College, Perundurai Road,Manalmedu, Mettukadai,Kathirampatti Post, Erode-638107.",MECHANICAL ENGINEERING,,,,,,,
2748,"Surya Engineering College, Perundurai Road,Manalmedu, Mettukadai,Kathirampatti Post, Erode-638107.",Computer Science and Engineering (Cyber Security),132.5,,,99.0,,,
2749,"Easa College of Engineering and Technology (Autonomous), NH-47, Palakkad main Road, Navakkarai Post, Coimbatore-641105.",Artificial Intelligence and Data Science,151.5,128.5,118.0,130.5,,110.5,
2749,"Easa College of Engineering and Technology (Autonomous), NH-47, Palakkad main Road, Navakkarai Post, Coimbatore-641105.",AGRICULTURAL ENGINEERING,102.0,,,86.5,,,
2749,"Easa College of Engineering and Technology (Autonomous), NH-47, Palakkad main Road, Navakkarai Post, Coimbatore-641105.",COMPUTER SCIENCE AND ENGINEERING (AI AND MACHINE LEARNING),144.5,116.0,117.0,122.5,94.0,,115.5
2749,"Easa College of Engineering and Technology (Autonomous), NH-47, Palakkad main Road, Navakkarai Post, Coimbatore-641105.",BIO MEDICAL ENGINEERING,118.5,93.0,106.0,107.5,,114.5,
2749,"Easa College of Engineering and Technology (Autonomous), NH-47, Palakkad main Road, Navakkarai Post, Coimbatore-641105.",COMPUTER SCIENCE AND ENGINEERING,149.5,125.5,148.0,123.5,99.0,92.5,
2749,"Easa College of Engineering and Technology (Autonomous), NH-47, Palakkad main Road, Navakkarai Post, Coimbatore-641105.",ELECTRONICS AND COMMUNICATION ENGINEERING,151.5,122.0,,130.0,97.0,111.0,
2749,"Easa College of Engineering and Technology (Autonomous), NH-47, Palakkad main Road, Navakkarai Post, Coimbatore-641105.",ELECTRICAL AND ELECTRONICS ENGINEERING,137.5,106.5,130.0,114.0,,,
2749,"Easa College of Engineering and Technology (Autonomous), NH-47, Palakkad main Road, Navakkarai Post, Coimbatore-641105.",INFORMATION TECHNOLOGY,143.0,124.5,121.5,118.0,113.5,119.0,119.0
2749,"Easa College of Engineering and Technology (Autonomous), NH-47, Palakkad main Road, Navakkarai Post, Coimbatore-641105.",MECHANICAL ENGINEERING,131.0,105.0,,111.0,,102.0,
2749,"Easa College of Engineering and Technology (Autonomous), NH-47, Palakkad main Road, Navakkarai Post, Coimbatore-641105.",Computer Science and Engineering (Cyber Security),143.5,114.5,133.5,120.5,106.5,102.5,128.5
2750,"KIT - Kalaignarkarunanidhi Institute of Technology (Autonomous), S.F.No. 282,S.F.No. 283 Kannampalayam Post, Coimbatore-641402.",Artificial Intelligence and Data Science,181.5,177.0,176.5,174.5,149.0,154.5,
2750,"KIT - Kalaignarkarunanidhi Institute of Technology (Autonomous), S.F.No. 282,S.F.No. 283 Kannampalayam Post, Coimbatore-641402.",AERONAUTICAL ENGINEERING,170.5,160.5,163.0,151.0,138.5,135.5,117.5
2750,"KIT - Kalaignarkarunanidhi Institute of Technology (Autonomous), S.F.No. 282,S.F.No. 283 Kannampalayam Post, Coimbatore-641402.",COMPUTER SCIENCE AND ENGINEERING (AI AND MACHINE LEARNING),183.0,179.0,176.5,177.0,147.0,154.5,119.0
2750,"KIT - Kalaignarkarunanidhi Institute of Technology (Autonomous), S.F.No. 282,S.F.No. 283 Kannampalayam Post, Coimbatore-641402.",BIO MEDICAL ENGINEERING,169.5,159.5,168.5,146.5,141.0,150.0,114.0
2750,"KIT - Kalaignarkarunanidhi Institute of Technology (Autonomous), S.F.No. 282,S.F.No. 283 Kannampalayam Post, Coimbatore-641402.",BIO TECHNOLOGY,172.5,166.5,160.5,158.0,144.5,173.5,
2750,"KIT - Kalaignarkarunanidhi Institute of Technology (Autonomous), S.F.No. 282,S.F.No. 283 Kannampalayam Post, Coimbatore-641402.",COMPUTER SCIENCE AND BUSSINESS SYSTEM,181.5,176.5,179.0,174.5,147.5,156.5,
2750,"KIT - Kalaignarkarunanidhi Institute of Technology (Autonomous), S.F.No. 282,S.F.No. 283 Kannampalayam Post, Coimbatore-641402.",COMPUTER SCIENCE AND ENGINEERING,185.5,180.0,177.0,178.0,149.0,170.5,145.5
2750,"KIT - Kalaignarkarunanidhi Institute of Technology (Autonomous), S.F.No. 282,S.F.No. 283 Kannampalayam Post, Coimbatore-641402.",ELECTRONICS AND COMMUNICATION ENGINEERING,182.0,178.0,177.0,174.0,149.0,146.0,170.0
2750,"KIT - Kalaignarkarunanidhi Institute of Technology (Autonomous), S.F.No. 282,S.F.No. 283 Kannampalayam Post, Coimbatore-641402.",ELECTRICAL AND ELECTRONICS ENGINEERING,175.0,172.5,174.5,168.5,140.5,150.0,
2750,"KIT - Kalaignarkarunanidhi Institute of Technology (Autonomous), S.F.No. 282,S.F.No. 283 Kannampalayam Post, Coimbatore-641402.",Electronics Engineering (VLSI Design and Technology),177.0,174.0,,172.0,145.5,148.5,
2750,"KIT - Kalaignarkarunanidhi Institute of Technology (Autonomous), S.F.No. 282,S.F.No. 283 Kannampalayam Post, Coimbatore-641402.",MECHANICAL ENGINEERING,167.5,158.0,146.5,152.0,140.5,142.0,
2750,"KIT - Kalaignarkarunanidhi Institute of Technology (Autonomous), S.F.No. 282,S.F.No. 283 Kannampalayam Post, Coimbatore-641402.",Computer Science and Engineering (Cyber Security),179.5,177.5,175.5,173.5,149.5,153.0,
2751,"KGISL Institute of Technology (Autonomous), 365, KGISL Campus, Thudiyalur Road, Saravanampatti, Coimbatore-641035.",Artificial Intelligence and Data Science,183.5,177.5,172.5,172.0,134.5,142.0,159.0
2751,"KGISL Institute of Technology (Autonomous), 365, KGISL Campus, Thudiyalur Road, Saravanampatti, Coimbatore-641035.",COMPUTER SCIENCE AND ENGINEERING (AI AND MACHINE LEARNING),180.5,177.0,167.5,170.5,133.5,131.0,
2751,"KGISL Institute of Technology (Autonomous), 365, KGISL Campus, Thudiyalur Road, Saravanampatti, Coimbatore-641035.",COMPUTER SCIENCE AND BUSSINESS SYSTEM,181.0,176.0,169.0,167.0,125.0,133.5,
2751,"KGISL Institute of Technology (Autonomous), 365, KGISL Campus, Thudiyalur Road, Saravanampatti, Coimbatore-641035.",COMPUTER SCIENCE AND ENGINEERING,182.5,177.5,171.5,173.5,148.5,135.5,159.0
2751,"KGISL Institute of Technology (Autonomous), 365, KGISL Campus, Thudiyalur Road, Saravanampatti, Coimbatore-641035.",ELECTRONICS AND COMMUNICATION ENGINEERING,180.0,175.5,164.5,171.5,130.5,144.5,124.5
2751,"KGISL Institute of Technology (Autonomous), 365, KGISL Campus, Thudiyalur Road, Saravanampatti, Coimbatore-641035.",INFORMATION TECHNOLOGY,180.0,177.0,167.5,171.5,135.5,144.0,
2751,"KGISL Institute of Technology (Autonomous), 365, KGISL Campus, Thudiyalur Road, Saravanampatti, Coimbatore-641035.",MECHANICAL ENGINEERING,169.5,161.0,168.0,150.5,123.0,91.5,
2751,"KGISL Institute of Technology (Autonomous), 365, KGISL Campus, Thudiyalur Road, Saravanampatti, Coimbatore-641035.",ROBOTICS AND AUTOMATION,175.0,170.0,165.5,166.0,121.0,127.0,
2751,"KGISL Institute of Technology (Autonomous), 365, KGISL Campus, Thudiyalur Road, Saravanampatti, Coimbatore-641035.",Computer Science and Engineering (Cyber Security),180.5,176.5,168.5,174.0,144.0,134.5,
2752,"Nandha College of Technology, 235, Chennimalaipalayam Road, Pitchandampalayam Post, Veppampalayam Village, Erode-638052.",Artificial Intelligence and Data Science,158.5,139.5,128.0,137.5,113.5,134.0,
2752,"Nandha College of Technology, 235, Chennimalaipalayam Road, Pitchandampalayam Post, Veppampalayam Village, Erode-638052.",COMPUTER SCIENCE AND ENGINEERING,156.5,139.0,127.0,136.0,,117.0,
2752,"Nandha College of Technology, 235, Chennimalaipalayam Road, Pitchandampalayam Post, Veppampalayam Village, Erode-638052.",ELECTRONICS AND COMMUNICATION ENGINEERING,153.0,138.0,126.5,144.0,,131.0,
2752,"Nandha College of Technology, 235, Chennimalaipalayam Road, Pitchandampalayam Post, Veppampalayam Village, Erode-638052.",ELECTRICAL AND ELECTRONICS ENGINEERING,136.0,123.5,120.5,126.5,,82.0,
2752,"Nandha College of Technology, 235, Chennimalaipalayam Road, Pitchandampalayam Post, Veppampalayam Village, Erode-638052.",INFORMATION TECHNOLOGY,151.0,136.5,130.0,135.5,87.5,131.5,
2753,"PPG Institute of Technology, Rathnagiri Road, Saravanampatti, Coimbatore-641035.",Artificial Intelligence and Data Science,161.0,141.0,137.5,145.5,120.5,128.0,103.5
2753,"PPG Institute of Technology, Rathnagiri Road, Saravanampatti, Coimbatore-641035.",AGRICULTURAL ENGINEERING,104.5,,87.0,,,,
2753,"PPG Institute of Technology, Rathnagiri Road, Saravanampatti, Coimbatore-641035.",COMPUTER SCIENCE AND ENGINEERING (AI AND MACHINE LEARNING),149.0,128.5,,140.5,120.0,93.0,
2753,"PPG Institute of Technology, Rathnagiri Road, Saravanampatti, Coimbatore-641035.",BIO MEDICAL ENGINEERING,126.5,,,,,,
2753,"PPG Institute of Technology, Rathnagiri Road, Saravanampatti, Coimbatore-641035.",COMPUTER SCIENCE AND ENGINEERING,149.5,129.0,113.5,134.0,,107.0,
2753,"PPG Institute of Technology, Rathnagiri Road, Saravanampatti, Coimbatore-641035.",ELECTRONICS AND COMMUNICATION ENGINEERING,145.0,127.5,,134.0,,119.5,
2753,"PPG Institute of Technology, Rathnagiri Road, Saravanampatti, Coimbatore-641035.",INFORMATION TECHNOLOGY,144.5,122.5,140.5,130.5,,132.5,
2753,"PPG Institute of Technology, Rathnagiri Road, Saravanampatti, Coimbatore-641035.",MECHANICAL ENGINEERING,125.5,87.0,,,,,
2755,"Nehru Institute of Technology (Autonomous), Jawahar Gardens, Kaliapuram, Thirumalayampalayam, Coimbatore-641105.",AERONAUTICAL ENGINEERING,158.5,144.5,155.0,141.0,143.5,93.5,
2755,"Nehru Institute of Technology (Autonomous), Jawahar Gardens, Kaliapuram, Thirumalayampalayam, Coimbatore-641105.",AGRICULTURAL ENGINEERING,136.5,114.0,,110.5,106.0,,
2755,"Nehru Institute of Technology (Autonomous), Jawahar Gardens, Kaliapuram, Thirumalayampalayam, Coimbatore-641105.",COMPUTER SCIENCE AND ENGINEERING (AI AND MACHINE LEARNING),165.5,157.0,158.0,151.0,130.0,133.5,
2755,"Nehru Institute of Technology (Autonomous), Jawahar Gardens, Kaliapuram, Thirumalayampalayam, Coimbatore-641105.",CIVIL ENGINEERING,153.0,133.5,107.5,139.0,113.5,,
2755,"Nehru Institute of Technology (Autonomous), Jawahar Gardens, Kaliapuram, Thirumalayampalayam, Coimbatore-641105.",COMPUTER AND COMMUNICATION ENGINEERING,159.0,153.5,150.0,147.5,111.5,130.0,
2755,"Nehru Institute of Technology (Autonomous), Jawahar Gardens, Kaliapuram, Thirumalayampalayam, Coimbatore-641105.",COMPUTER SCIENCE AND ENGINEERING,166.0,158.0,155.0,152.5,126.5,123.0,
2755,"Nehru Institute of Technology (Autonomous), Jawahar Gardens, Kaliapuram, Thirumalayampalayam, Coimbatore-641105.",FOOD TECHNOLOGY,144.5,121.0,116.5,94.0,,100.0,
2755,"Nehru Institute of Technology (Autonomous), Jawahar Gardens, Kaliapuram, Thirumalayampalayam, Coimbatore-641105.",INFORMATION TECHNOLOGY,163.5,156.0,154.5,152.0,135.0,142.5,
2755,"Nehru Institute of Technology (Autonomous), Jawahar Gardens, Kaliapuram, Thirumalayampalayam, Coimbatore-641105.",Computer Science and Engineering (Cyber Security),167.0,158.0,150.5,151.0,127.5,,
2758,"JKK Munirajah College of Technology (Autonomous), 377/1A, Punjai Thurayampalayam, Thookkanickenpalayam (Post), Thookkanickenpalayam, Gobi (Tk), Erode-638506.",Artificial Intelligence and Data Science,120.5,,,,,92.5,
2758,"JKK Munirajah College of Technology (Autonomous), 377/1A, Punjai Thurayampalayam, Thookkanickenpalayam (Post), Thookkanickenpalayam, Gobi (Tk), Erode-638506.",AUTOMOBILE ENGINEERING,,,,,,,
2758,"JKK Munirajah College of Technology (Autonomous), 377/1A, Punjai Thurayampalayam, Thookkanickenpalayam (Post), Thookkanickenpalayam, Gobi (Tk), Erode-638506.",CIVIL ENGINEERING,,,,,,,
2758,"JKK Munirajah College of Technology (Autonomous), 377/1A, Punjai Thurayampalayam, Thookkanickenpalayam (Post), Thookkanickenpalayam, Gobi (Tk), Erode-638506.",COMPUTER SCIENCE AND ENGINEERING,123.5,,,,,,
2758,"JKK Munirajah College of Technology (Autonomous), 377/1A, Punjai Thurayampalayam, Thookkanickenpalayam (Post), Thookkanickenpalayam, Gobi (Tk), Erode-638506.",ELECTRONICS AND COMMUNICATION ENGINEERING,120.0,,,104.0,,,
2758,"JKK Munirajah College of Technology (Autonomous), 377/1A, Punjai Thurayampalayam, Thookkanickenpalayam (Post), Thookkanickenpalayam, Gobi (Tk), Erode-638506.",ELECTRICAL AND ELECTRONICS ENGINEERING,90.5,,,,,,
2758,"JKK Munirajah College of Technology (Autonomous), 377/1A, Punjai Thurayampalayam, Thookkanickenpalayam (Post), Thookkanickenpalayam, Gobi (Tk), Erode-638506.",INFORMATION TECHNOLOGY,113.0,,,,,,
2758,"JKK Munirajah College of Technology (Autonomous), 377/1A, Punjai Thurayampalayam, Thookkanickenpalayam (Post), Thookkanickenpalayam, Gobi (Tk), Erode-638506.",MECHANICAL ENGINEERING,,,,,,,
2758,"JKK Munirajah College of Technology (Autonomous), 377/1A, Punjai Thurayampalayam, Thookkanickenpalayam (Post), Thookkanickenpalayam, Gobi (Tk), Erode-638506.",Computer Science and Engineering (Cyber Security),100.5,,,,,,
2761,"United Institute of Technology (Autonomous), G.Koundampalayam, Periyanaickenpalayam, Coimbatore-641020.",Artificial Intelligence and Data Science,148.0,133.0,,125.0,100.0,139.5,
2761,"United Institute of Technology (Autonomous), G.Koundampalayam, Periyanaickenpalayam, Coimbatore-641020.",COMPUTER SCIENCE AND ENGINEERING,153.5,137.5,110.5,132.0,102.5,122.5,
2761,"United Institute of Technology (Autonomous), G.Koundampalayam, Periyanaickenpalayam, Coimbatore-641020.",ELECTRONICS AND COMMUNICATION ENGINEERING,150.0,136.0,120.5,138.0,97.5,107.0,
2761,"United Institute of Technology (Autonomous), G.Koundampalayam, Periyanaickenpalayam, Coimbatore-641020.",INFORMATION TECHNOLOGY,148.0,132.0,,140.0,125.0,89.5,
2761,"United Institute of Technology (Autonomous), G.Koundampalayam, Periyanaickenpalayam, Coimbatore-641020.",ROBOTICS AND AUTOMATION,139.0,128.5,,121.0,116.5,,
2761,"United Institute of Technology (Autonomous), G.Koundampalayam, Periyanaickenpalayam, Coimbatore-641020.",Computer Science and Engineering (Cyber Security),145.0,136.0,147.0,137.5,99.5,106.5,
2762,"Jansons Institute of Technology (Autonomous), SF.NO.443/1,2, 442/1A & 442/1B Karumathampatty, Coimbatore-641659.",Artificial Intelligence and Data Science,160.5,149.0,126.5,140.0,,,
2762,"Jansons Institute of Technology (Autonomous), SF.NO.443/1,2, 442/1A & 442/1B Karumathampatty, Coimbatore-641659.",COMPUTER SCIENCE AND BUSSINESS SYSTEM,149.0,144.0,127.0,138.0,,83.5,
2762,"Jansons Institute of Technology (Autonomous), SF.NO.443/1,2, 442/1A & 442/1B Karumathampatty, Coimbatore-641659.",CIVIL ENGINEERING,132.0,99.5,,121.5,,,
2762,"Jansons Institute of Technology (Autonomous), SF.NO.443/1,2, 442/1A & 442/1B Karumathampatty, Coimbatore-641659.",COMPUTER SCIENCE AND ENGINEERING,167.0,152.5,137.5,140.5,,,
2762,"Jansons Institute of Technology (Autonomous), SF.NO.443/1,2, 442/1A & 442/1B Karumathampatty, Coimbatore-641659.",ELECTRONICS AND COMMUNICATION ENGINEERING,151.0,139.5,100.5,140.5,,,
2762,"Jansons Institute of Technology (Autonomous), SF.NO.443/1,2, 442/1A & 442/1B Karumathampatty, Coimbatore-641659.",MECHANICAL ENGINEERING,137.0,108.5,,125.5,,,
2763,"Akshaya College of Engineering and Technology, SF No.112/1CPT,114/1,115/1,116/2C, Bagavathipalayam Road,Kinathukadavu, Coimbatore-642109.",Artificial Intelligence and Data Science,154.5,144.5,138.5,131.5,109.5,131.0,
2763,"Akshaya College of Engineering and Technology, SF No.112/1CPT,114/1,115/1,116/2C, Bagavathipalayam Road,Kinathukadavu, Coimbatore-642109.",COMPUTER SCIENCE AND BUSSINESS SYSTEM,149.5,132.0,,131.0,114.5,,
2763,"Akshaya College of Engineering and Technology, SF No.112/1CPT,114/1,115/1,116/2C, Bagavathipalayam Road,Kinathukadavu, Coimbatore-642109.",CIVIL ENGINEERING,122.0,,120.5,109.0,,,
2763,"Akshaya College of Engineering and Technology, SF No.112/1CPT,114/1,115/1,116/2C, Bagavathipalayam Road,Kinathukadavu, Coimbatore-642109.",COMPUTER SCIENCE AND ENGINEERING,150.5,135.5,141.5,133.0,93.0,128.0,
2763,"Akshaya College of Engineering and Technology, SF No.112/1CPT,114/1,115/1,116/2C, Bagavathipalayam Road,Kinathukadavu, Coimbatore-642109.",ELECTRONICS AND COMMUNICATION ENGINEERING,155.0,143.0,154.0,139.5,92.5,150.5,
2763,"Akshaya College of Engineering and Technology, SF No.112/1CPT,114/1,115/1,116/2C, Bagavathipalayam Road,Kinathukadavu, Coimbatore-642109.",ELECTRICAL AND ELECTRONICS ENGINEERING,137.5,120.5,132.0,122.5,81.0,,
2763,"Akshaya College of Engineering and Technology, SF No.112/1CPT,114/1,115/1,116/2C, Bagavathipalayam Road,Kinathukadavu, Coimbatore-642109.",MECHANICAL ENGINEERING,137.0,125.0,111.5,119.5,,123.0,
2763,"Akshaya College of Engineering and Technology, SF No.112/1CPT,114/1,115/1,116/2C, Bagavathipalayam Road,Kinathukadavu, Coimbatore-642109.",Mechatronics Engineering,135.5,114.0,,109.5,,,
2764,"KPR Institute of Engineering and Technology (Autonomous), SF:204/2 & 204/4, Kollupalayam Village, Arasur Panchayat, Coimbatore-641407.",Artificial Intelligence and Data Science,189.5,186.5,185.5,183.5,163.5,172.0,158.5
2764,"KPR Institute of Engineering and Technology (Autonomous), SF:204/2 & 204/4, Kollupalayam Village, Arasur Panchayat, Coimbatore-641407.",COMPUTER SCIENCE AND ENGINEERING (AI AND MACHINE LEARNING),189.0,187.0,184.5,184.0,159.0,160.5,154.0
2764,"KPR Institute of Engineering and Technology (Autonomous), SF:204/2 & 204/4, Kollupalayam Village, Arasur Panchayat, Coimbatore-641407.",BIO MEDICAL ENGINEERING,180.0,178.0,166.0,172.5,157.0,124.5,
2764,"KPR Institute of Engineering and Technology (Autonomous), SF:204/2 & 204/4, Kollupalayam Village, Arasur Panchayat, Coimbatore-641407.",COMPUTER SCIENCE AND BUSSINESS SYSTEM,187.5,186.0,181.0,181.5,152.5,159.5,
2764,"KPR Institute of Engineering and Technology (Autonomous), SF:204/2 & 204/4, Kollupalayam Village, Arasur Panchayat, Coimbatore-641407.",CIVIL ENGINEERING,178.0,172.5,,173.5,151.0,144.5,
2764,"KPR Institute of Engineering and Technology (Autonomous), SF:204/2 & 204/4, Kollupalayam Village, Arasur Panchayat, Coimbatore-641407.",CHEMICAL ENGINEERING,182.0,177.0,177.0,177.0,139.5,158.5,147.0
2764,"KPR Institute of Engineering and Technology (Autonomous), SF:204/2 & 204/4, Kollupalayam Village, Arasur Panchayat, Coimbatore-641407.",COMPUTER SCIENCE AND ENGINEERING,192.0,190.0,186.5,187.5,165.5,157.5,162.5
2764,"KPR Institute of Engineering and Technology (Autonomous), SF:204/2 & 204/4, Kollupalayam Village, Arasur Panchayat, Coimbatore-641407.",ELECTRONICS AND COMMUNICATION ENGINEERING,191.0,188.5,186.0,183.5,163.5,163.0,147.5
2764,"KPR Institute of Engineering and Technology (Autonomous), SF:204/2 & 204/4, Kollupalayam Village, Arasur Panchayat, Coimbatore-641407.",ELECTRICAL AND ELECTRONICS ENGINEERING,187.0,186.0,183.0,179.5,154.0,151.0,
2764,"KPR Institute of Engineering and Technology (Autonomous), SF:204/2 & 204/4, Kollupalayam Village, Arasur Panchayat, Coimbatore-641407.",INFORMATION TECHNOLOGY,189.0,186.5,185.0,182.5,154.5,160.0,
2764,"KPR Institute of Engineering and Technology (Autonomous), SF:204/2 & 204/4, Kollupalayam Village, Arasur Panchayat, Coimbatore-641407.",MECHANICAL ENGINEERING,181.0,178.5,175.0,173.5,153.5,156.5,
2764,"KPR Institute of Engineering and Technology (Autonomous), SF:204/2 & 204/4, Kollupalayam Village, Arasur Panchayat, Coimbatore-641407.",Mechatronics Engineering,185.0,180.5,181.5,173.5,149.0,144.0,
2764,"KPR Institute of Engineering and Technology (Autonomous), SF:204/2 & 204/4, Kollupalayam Village, Arasur Panchayat, Coimbatore-641407.",Computer Science and Engineering (Cyber Security),189.0,186.5,183.5,185.5,158.0,154.5,
2767,"SRG Engineering College, SH-95,Mohanur Road, Aniyapuram, Namakkal-637017.",Artificial Intelligence and Data Science,106.0,,,,,,
2767,"SRG Engineering College, SH-95,Mohanur Road, Aniyapuram, Namakkal-637017.",BIO MEDICAL ENGINEERING,,,,,,,
2767,"SRG Engineering College, SH-95,Mohanur Road, Aniyapuram, Namakkal-637017.",CIVIL ENGINEERING,,,,,,,
2767,"SRG Engineering College, SH-95,Mohanur Road, Aniyapuram, Namakkal-637017.",COMPUTER SCIENCE AND ENGINEERING,95.5,,,,,,
2767,"SRG Engineering College, SH-95,Mohanur Road, Aniyapuram, Namakkal-637017.",ELECTRICAL AND ELECTRONICS ENGINEERING,,,,,,,
2767,"SRG Engineering College, SH-95,Mohanur Road, Aniyapuram, Namakkal-637017.",INFORMATION TECHNOLOGY,,,,,,,
2767,"SRG Engineering College, SH-95,Mohanur Road, Aniyapuram, Namakkal-637017.",MECHANICAL ENGINEERING,,,,,,,
2767,"SRG Engineering College, SH-95,Mohanur Road, Aniyapuram, Namakkal-637017.",Computer Science and Engineering (Cyber Security),93.0,,,,,,
2768,"Park College of Technology, Prema Ravi Nagar, Karumathampatty, Coimbatore-641659.",Artificial Intelligence and Data Science,145.0,124.5,80.5,120.5,,,131.0
2768,"Park College of Technology, Prema Ravi Nagar, Karumathampatty, Coimbatore-641659.",COMPUTER SCIENCE AND ENGINEERING (AI AND MACHINE LEARNING),122.0,99.0,,107.5,,,
2768,"Park College of Technology, Prema Ravi Nagar, Karumathampatty, Coimbatore-641659.",AEROSPACE ENGINEERING,138.5,,,103.0,,,
2768,"Park College of Technology, Prema Ravi Nagar, Karumathampatty, Coimbatore-641659.",CIVIL ENGINEERING,,,,,,,
2768,"Park College of Technology, Prema Ravi Nagar, Karumathampatty, Coimbatore-641659.",COMPUTER SCIENCE AND ENGINEERING,132.5,111.5,127.5,108.5,,,
2768,"Park College of Technology, Prema Ravi Nagar, Karumathampatty, Coimbatore-641659.",ELECTRONICS AND COMMUNICATION ENGINEERING,130.5,110.0,99.0,103.5,,,
2768,"Park College of Technology, Prema Ravi Nagar, Karumathampatty, Coimbatore-641659.",ENVIRONMENTAL ENGINEERING,122.5,,,,,,
2768,"Park College of Technology, Prema Ravi Nagar, Karumathampatty, Coimbatore-641659.",MECHANICAL ENGINEERING,109.5,,,,,,
2769,"JCT College of Engineering and Technology (Autonomous), Pichanur, Coimbatore South Taluk, Coimbatore-641105.",Artificial Intelligence and Data Science,159.0,147.0,151.0,143.0,97.5,,
2769,"JCT College of Engineering and Technology (Autonomous), Pichanur, Coimbatore South Taluk, Coimbatore-641105.",Bio Technology and Bio Chemical Engineering,155.0,133.0,147.0,100.0,115.0,146.0,
2769,"JCT College of Engineering and Technology (Autonomous), Pichanur, Coimbatore South Taluk, Coimbatore-641105.",COMPUTER SCIENCE AND BUSSINESS SYSTEM,151.5,139.0,147.5,133.5,,,
2769,"JCT College of Engineering and Technology (Autonomous), Pichanur, Coimbatore South Taluk, Coimbatore-641105.",CIVIL ENGINEERING,155.5,144.5,,139.5,114.5,,
2769,"JCT College of Engineering and Technology (Autonomous), Pichanur, Coimbatore South Taluk, Coimbatore-641105.",COMPUTER SCIENCE AND ENGINEERING,164.0,152.0,153.0,143.5,91.5,108.0,
2769,"JCT College of Engineering and Technology (Autonomous), Pichanur, Coimbatore South Taluk, Coimbatore-641105.",ELECTRONICS AND COMMUNICATION ENGINEERING,159.5,147.5,146.0,140.5,,,
2769,"JCT College of Engineering and Technology (Autonomous), Pichanur, Coimbatore South Taluk, Coimbatore-641105.",ELECTRICAL AND ELECTRONICS ENGINEERING,147.0,140.0,,130.5,,99.0,
2769,"JCT College of Engineering and Technology (Autonomous), Pichanur, Coimbatore South Taluk, Coimbatore-641105.",FOOD TECHNOLOGY,157.5,113.0,109.0,123.5,109.5,,
2769,"JCT College of Engineering and Technology (Autonomous), Pichanur, Coimbatore South Taluk, Coimbatore-641105.",MECHANICAL ENGINEERING,151.5,136.0,,129.5,,,
2769,"JCT College of Engineering and Technology (Autonomous), Pichanur, Coimbatore South Taluk, Coimbatore-641105.",PETRO CHEMICAL TECHNOLOGY,159.5,144.5,151.0,,138.0,149.5,
2769,"JCT College of Engineering and Technology (Autonomous), Pichanur, Coimbatore South Taluk, Coimbatore-641105.",PETROLEUM ENGINEERING,154.5,119.0,142.0,,103.5,,
2770,"Studyworld College of Engineering, Alagu Nachiamman Koil Road, Palathurai Post, Coimbatore-641105.",Artificial Intelligence and Data Science,144.0,119.0,141.0,117.0,107.0,131.0,124.5
2770,"Studyworld College of Engineering, Alagu Nachiamman Koil Road, Palathurai Post, Coimbatore-641105.",COMPUTER SCIENCE AND ENGINEERING (AI AND MACHINE LEARNING),129.0,114.0,,115.5,110.0,125.0,
2770,"Studyworld College of Engineering, Alagu Nachiamman Koil Road, Palathurai Post, Coimbatore-641105.",COMPUTER SCIENCE AND ENGINEERING,141.5,114.5,127.0,120.0,103.0,105.5,
2770,"Studyworld College of Engineering, Alagu Nachiamman Koil Road, Palathurai Post, Coimbatore-641105.",ELECTRONICS AND COMMUNICATION ENGINEERING,141.0,122.0,128.5,121.5,110.0,130.0,137.5
2770,"Studyworld College of Engineering, Alagu Nachiamman Koil Road, Palathurai Post, Coimbatore-641105.",ELECTRICAL AND ELECTRONICS ENGINEERING,133.5,96.0,82.0,110.5,101.5,,
2770,"Studyworld College of Engineering, Alagu Nachiamman Koil Road, Palathurai Post, Coimbatore-641105.",INFORMATION TECHNOLOGY,147.5,127.5,140.5,137.5,125.5,,
2770,"Studyworld College of Engineering, Alagu Nachiamman Koil Road, Palathurai Post, Coimbatore-641105.",MECHANICAL ENGINEERING,120.5,,98.0,108.5,97.5,,
2770,"Studyworld College of Engineering, Alagu Nachiamman Koil Road, Palathurai Post, Coimbatore-641105.",Computer Science and Engineering (Cyber Security),150.5,142.5,126.0,131.5,101.5,135.5,
2772,"C M S College of Engineering and Technology, Appachigoundapathy, Kumittipathy Post, Coimbatore-641032.",Artificial Intelligence and Data Science,118.0,,85.0,,,,
2772,"C M S College of Engineering and Technology, Appachigoundapathy, Kumittipathy Post, Coimbatore-641032.",COMPUTER SCIENCE AND ENGINEERING (AI AND MACHINE LEARNING),120.0,,,,,,
2772,"C M S College of Engineering and Technology, Appachigoundapathy, Kumittipathy Post, Coimbatore-641032.",COMPUTER SCIENCE AND ENGINEERING,121.5,91.5,104.5,,,111.0,
2772,"C M S College of Engineering and Technology, Appachigoundapathy, Kumittipathy Post, Coimbatore-641032.",ELECTRONICS AND COMMUNICATION ENGINEERING,118.0,,,,,,
2772,"C M S College of Engineering and Technology, Appachigoundapathy, Kumittipathy Post, Coimbatore-641032.",INFORMATION TECHNOLOGY,133.0,106.0,112.5,101.0,,125.5,
2772,"C M S College of Engineering and Technology, Appachigoundapathy, Kumittipathy Post, Coimbatore-641032.",MECHANICAL ENGINEERING,109.0,,83.0,,,,
2772,"C M S College of Engineering and Technology, Appachigoundapathy, Kumittipathy Post, Coimbatore-641032.",Computer Science and Engineering (Cyber Security),135.5,116.0,,109.0,,,
2776,"R V S Technical Campus Coimbatore (Autonomous), Kumaran Kottam Campus, Kannampalayam, Sulur, Coimbatore-641402.",Artificial Intelligence and Data Science,154.0,134.5,148.0,136.5,,,
2776,"R V S Technical Campus Coimbatore (Autonomous), Kumaran Kottam Campus, Kannampalayam, Sulur, Coimbatore-641402.",AGRICULTURAL ENGINEERING,97.5,,,,,,
2776,"R V S Technical Campus Coimbatore (Autonomous), Kumaran Kottam Campus, Kannampalayam, Sulur, Coimbatore-641402.",COMPUTER SCIENCE AND ENGINEERING (AI AND MACHINE LEARNING),143.5,135.5,142.5,135.5,110.5,,
2776,"R V S Technical Campus Coimbatore (Autonomous), Kumaran Kottam Campus, Kannampalayam, Sulur, Coimbatore-641402.",AUTOMOBILE ENGINEERING,128.5,,102.5,,,,
2776,"R V S Technical Campus Coimbatore (Autonomous), Kumaran Kottam Campus, Kannampalayam, Sulur, Coimbatore-641402.",CIVIL ENGINEERING,121.5,,,108.0,,88.5,
2776,"R V S Technical Campus Coimbatore (Autonomous), Kumaran Kottam Campus, Kannampalayam, Sulur, Coimbatore-641402.",COMPUTER SCIENCE AND ENGINEERING,157.0,148.0,156.5,143.5,,111.0,101.5
2776,"R V S Technical Campus Coimbatore (Autonomous), Kumaran Kottam Campus, Kannampalayam, Sulur, Coimbatore-641402.",ELECTRONICS AND COMMUNICATION ENGINEERING,153.0,141.5,153.0,138.0,,115.5,
2776,"R V S Technical Campus Coimbatore (Autonomous), Kumaran Kottam Campus, Kannampalayam, Sulur, Coimbatore-641402.",MECHANICAL ENGINEERING,133.5,,,99.0,,,
2776,"R V S Technical Campus Coimbatore (Autonomous), Kumaran Kottam Campus, Kannampalayam, Sulur, Coimbatore-641402.",Mechatronics Engineering,137.5,120.0,132.5,115.5,,,
2776,"R V S Technical Campus Coimbatore (Autonomous), Kumaran Kottam Campus, Kannampalayam, Sulur, Coimbatore-641402.",Computer Science and Engineering (Cyber Security),166.0,145.5,146.5,137.5,109.0,,
2777,"HINDUSTHAN COLLEGE OF ENGINEERING, CHENNIMALAI ROAD, INGUR, PERUNDURAI, ERODE - 638052",Artificial Intelligence and Data Science,135.5,85.5,,115.0,,125.5,
2777,"HINDUSTHAN COLLEGE OF ENGINEERING, CHENNIMALAI ROAD, INGUR, PERUNDURAI, ERODE - 638052",COMPUTER SCIENCE AND ENGINEERING,145.0,117.5,,119.5,,127.5,
2777,"HINDUSTHAN COLLEGE OF ENGINEERING, CHENNIMALAI ROAD, INGUR, PERUNDURAI, ERODE - 638052",ELECTRONICS AND COMMUNICATION ENGINEERING,131.0,,,97.5,,,
2777,"HINDUSTHAN COLLEGE OF ENGINEERING, CHENNIMALAI ROAD, INGUR, PERUNDURAI, ERODE - 638052",INFORMATION TECHNOLOGY,137.5,,125.5,110.0,,108.5,
3410,"Krishnasamy College of Engineering and Technology, Nellikuppam Main Road, S.Kumarapuram, Cuddalore-607109.",Artificial Intelligence and Data Science,151.0,,,141.0,123.0,,
3410,"Krishnasamy College of Engineering and Technology, Nellikuppam Main Road, S.Kumarapuram, Cuddalore-607109.",CIVIL ENGINEERING,113.0,,,103.5,109.5,,
3410,"Krishnasamy College of Engineering and Technology, Nellikuppam Main Road, S.Kumarapuram, Cuddalore-607109.",COMPUTER SCIENCE AND ENGINEERING,156.5,116.5,156.5,137.0,129.5,126.0,142.0
3410,"Krishnasamy College of Engineering and Technology, Nellikuppam Main Road, S.Kumarapuram, Cuddalore-607109.",ELECTRONICS AND COMMUNICATION ENGINEERING,147.0,,123.0,136.5,121.5,139.0,
3410,"Krishnasamy College of Engineering and Technology, Nellikuppam Main Road, S.Kumarapuram, Cuddalore-607109.",ELECTRICAL AND ELECTRONICS ENGINEERING,128.5,,,119.5,118.0,,
3410,"Krishnasamy College of Engineering and Technology, Nellikuppam Main Road, S.Kumarapuram, Cuddalore-607109.",INFORMATION TECHNOLOGY,146.5,,138.5,141.0,126.0,,
3410,"Krishnasamy College of Engineering and Technology, Nellikuppam Main Road, S.Kumarapuram, Cuddalore-607109.",MECHANICAL ENGINEERING,126.5,,104.5,105.0,111.5,,
3425,"C.K. College of Engineering & Technology, Jayaram Nagar, Chellangkuppam, Cuddalore-607003.",Artificial Intelligence and Data Science,172.0,140.5,167.0,154.5,144.0,,
3425,"C.K. College of Engineering & Technology, Jayaram Nagar, Chellangkuppam, Cuddalore-607003.",BIO MEDICAL ENGINEERING,152.5,100.0,135.0,134.0,137.5,,
3425,"C.K. College of Engineering & Technology, Jayaram Nagar, Chellangkuppam, Cuddalore-607003.",CIVIL ENGINEERING,133.5,,,123.0,119.0,,
3425,"C.K. College of Engineering & Technology, Jayaram Nagar, Chellangkuppam, Cuddalore-607003.",COMPUTER SCIENCE AND ENGINEERING,175.0,141.0,170.5,158.5,156.0,131.5,
3425,"C.K. College of Engineering & Technology, Jayaram Nagar, Chellangkuppam, Cuddalore-607003.",ELECTRONICS AND COMMUNICATION ENGINEERING,172.5,133.0,164.0,153.5,144.5,149.5,136.0
3425,"C.K. College of Engineering & Technology, Jayaram Nagar, Chellangkuppam, Cuddalore-607003.",ELECTRICAL AND ELECTRONICS ENGINEERING,142.5,,,132.5,125.0,,
3425,"C.K. College of Engineering & Technology, Jayaram Nagar, Chellangkuppam, Cuddalore-607003.",INFORMATION TECHNOLOGY,175.0,131.0,,156.5,151.5,,
3425,"C.K. College of Engineering & Technology, Jayaram Nagar, Chellangkuppam, Cuddalore-607003.",MECHANICAL ENGINEERING,134.5,,107.0,129.0,120.5,,
3425,"C.K. College of Engineering & Technology, Jayaram Nagar, Chellangkuppam, Cuddalore-607003.",ROBOTICS AND AUTOMATION,146.0,,134.0,137.0,127.5,,
3454,"Sri Ramakrishna College of Engineering, Sri Saradha Nagar, NH - 45, Perambalur-621113.",Artificial Intelligence and Data Science,152.0,131.5,99.0,136.0,122.5,127.0,
3454,"Sri Ramakrishna College of Engineering, Sri Saradha Nagar, NH - 45, Perambalur-621113.",AGRICULTURAL ENGINEERING,116.5,,,,,,
3454,"Sri Ramakrishna College of Engineering, Sri Saradha Nagar, NH - 45, Perambalur-621113.",BIO MEDICAL ENGINEERING,142.0,,125.5,117.0,,124.5,
3454,"Sri Ramakrishna College of Engineering, Sri Saradha Nagar, NH - 45, Perambalur-621113.",COMPUTER SCIENCE AND ENGINEERING,159.5,125.0,,130.5,121.5,,
3454,"Sri Ramakrishna College of Engineering, Sri Saradha Nagar, NH - 45, Perambalur-621113.",ELECTRONICS AND COMMUNICATION ENGINEERING,137.0,99.5,,114.0,104.0,,
3454,"Sri Ramakrishna College of Engineering, Sri Saradha Nagar, NH - 45, Perambalur-621113.",MECHANICAL ENGINEERING,131.0,,,,,,
3454,"Sri Ramakrishna College of Engineering, Sri Saradha Nagar, NH - 45, Perambalur-621113.",Computer Science and Engineering (Cyber Security),142.0,128.0,,125.0,121.0,,
3456,"KSK College of Engineering and Technology, Thanjavur Main Road, Ammapet (Village), Dharasuram Post, Kumbakonam Taluk, Thanjavur District-612702.",Artificial Intelligence and Data Science,125.5,,81.5,,102.0,,
3456,"KSK College of Engineering and Technology, Thanjavur Main Road, Ammapet (Village), Dharasuram Post, Kumbakonam Taluk, Thanjavur District-612702.",AGRICULTURAL ENGINEERING,,,,,,,
3456,"KSK College of Engineering and Technology, Thanjavur Main Road, Ammapet (Village), Dharasuram Post, Kumbakonam Taluk, Thanjavur District-612702.",COMPUTER SCIENCE AND ENGINEERING (AI AND MACHINE LEARNING),,,,,,,
3456,"KSK College of Engineering and Technology, Thanjavur Main Road, Ammapet (Village), Dharasuram Post, Kumbakonam Taluk, Thanjavur District-612702.",BIO MEDICAL ENGINEERING,112.0,,,,,,
3456,"KSK College of Engineering and Technology, Thanjavur Main Road, Ammapet (Village), Dharasuram Post, Kumbakonam Taluk, Thanjavur District-612702.",COMPUTER SCIENCE AND ENGINEERING,126.5,,109.0,,,,
3456,"KSK College of Engineering and Technology, Thanjavur Main Road, Ammapet (Village), Dharasuram Post, Kumbakonam Taluk, Thanjavur District-612702.",ELECTRONICS AND COMMUNICATION ENGINEERING,119.5,,100.0,,108.5,,
3456,"KSK College of Engineering and Technology, Thanjavur Main Road, Ammapet (Village), Dharasuram Post, Kumbakonam Taluk, Thanjavur District-612702.",ELECTRICAL AND ELECTRONICS ENGINEERING,,,,,,,
3456,"KSK College of Engineering and Technology, Thanjavur Main Road, Ammapet (Village), Dharasuram Post, Kumbakonam Taluk, Thanjavur District-612702.",MECHANICAL ENGINEERING,,,,,,,
3461,"Arifa Institute of Technology, Esanoor, Keelaiyur Post, Tirukkuvalai Taluk, Nagapattinam District-611103.",Artificial Intelligence and Data Science,113.5,,,,,,
3461,"Arifa Institute of Technology, Esanoor, Keelaiyur Post, Tirukkuvalai Taluk, Nagapattinam District-611103.",COMPUTER SCIENCE AND ENGINEERING,120.0,,116.0,,,,
3461,"Arifa Institute of Technology, Esanoor, Keelaiyur Post, Tirukkuvalai Taluk, Nagapattinam District-611103.",ELECTRONICS AND COMMUNICATION ENGINEERING,107.0,,106.5,,,,
3461,"Arifa Institute of Technology, Esanoor, Keelaiyur Post, Tirukkuvalai Taluk, Nagapattinam District-611103.",ELECTRICAL AND ELECTRONICS ENGINEERING,,,,,,,
3461,"Arifa Institute of Technology, Esanoor, Keelaiyur Post, Tirukkuvalai Taluk, Nagapattinam District-611103.",INFORMATION TECHNOLOGY,123.5,,105.5,,,,
3461,"Arifa Institute of Technology, Esanoor, Keelaiyur Post, Tirukkuvalai Taluk, Nagapattinam District-611103.",MECHANICAL ENGINEERING,,,,,,,
3461,"Arifa Institute of Technology, Esanoor, Keelaiyur Post, Tirukkuvalai Taluk, Nagapattinam District-611103.",Computer Science and Engineering (Cyber Security),111.0,,110.0,,,,
3466,"Nelliandavar Institute of Technology, Nerunjikorai Village, Pudhupalayam, Ariyalur Taluk & District-621704.",Artificial Intelligence and Data Science,103.0,,,,,,
3466,"Nelliandavar Institute of Technology, Nerunjikorai Village, Pudhupalayam, Ariyalur Taluk & District-621704.",BIO MEDICAL ENGINEERING,,,,,,,
3466,"Nelliandavar Institute of Technology, Nerunjikorai Village, Pudhupalayam, Ariyalur Taluk & District-621704.",COMPUTER SCIENCE AND ENGINEERING,104.5,,,,,,
3466,"Nelliandavar Institute of Technology, Nerunjikorai Village, Pudhupalayam, Ariyalur Taluk & District-621704.",ELECTRONICS AND COMMUNICATION ENGINEERING,,,,,,,
3466,"Nelliandavar Institute of Technology, Nerunjikorai Village, Pudhupalayam, Ariyalur Taluk & District-621704.",ELECTRICAL AND ELECTRONICS ENGINEERING,,,,,,,
3466,"Nelliandavar Institute of Technology, Nerunjikorai Village, Pudhupalayam, Ariyalur Taluk & District-621704.",MECHANICAL ENGINEERING,,,,,,,
3477,"SRI VIGNESH COLLEGE OF ENGINEERING AND TECHNOLOGY, TRICHY - CHENNAI TRUNK ROAD, KOOTHUR - POST, KOOTHUR, TIRUCHIRAPPALLI, TAMIL NADU, 621216",Artificial Intelligence and Data Science,118.5,,,,,,
3477,"SRI VIGNESH COLLEGE OF ENGINEERING AND TECHNOLOGY, TRICHY - CHENNAI TRUNK ROAD, KOOTHUR - POST, KOOTHUR, TIRUCHIRAPPALLI, TAMIL NADU, 621216",CIVIL ENGINEERING,,,,,,,
3477,"SRI VIGNESH COLLEGE OF ENGINEERING AND TECHNOLOGY, TRICHY - CHENNAI TRUNK ROAD, KOOTHUR - POST, KOOTHUR, TIRUCHIRAPPALLI, TAMIL NADU, 621216",ELECTRONICS AND COMMUNICATION ENGINEERING,,,,,,,
3477,"SRI VIGNESH COLLEGE OF ENGINEERING AND TECHNOLOGY, TRICHY - CHENNAI TRUNK ROAD, KOOTHUR - POST, KOOTHUR, TIRUCHIRAPPALLI, TAMIL NADU, 621216",ELECTRICAL AND ELECTRONICS ENGINEERING,,,,,,,
3477,"SRI VIGNESH COLLEGE OF ENGINEERING AND TECHNOLOGY, TRICHY - CHENNAI TRUNK ROAD, KOOTHUR - POST, KOOTHUR, TIRUCHIRAPPALLI, TAMIL NADU, 621216",MECHANICAL ENGINEERING,,,,,,,
3701,"K Ramakrishnan College of Technology (Autonomous), Kariyamanickam Road, Mannachanallur Taluk, Tiruchirappalli-621112.",Artificial Intelligence and Data Science,167.5,160.0,164.0,149.0,103.5,,
3701,"K Ramakrishnan College of Technology (Autonomous), Kariyamanickam Road, Mannachanallur Taluk, Tiruchirappalli-621112.",COMPUTER SCIENCE AND ENGINEERING (AI AND MACHINE LEARNING),168.5,162.0,159.0,149.0,111.0,,
3701,"K Ramakrishnan College of Technology (Autonomous), Kariyamanickam Road, Mannachanallur Taluk, Tiruchirappalli-621112.",CIVIL ENGINEERING,148.0,131.0,120.0,124.0,126.5,,
3701,"K Ramakrishnan College of Technology (Autonomous), Kariyamanickam Road, Mannachanallur Taluk, Tiruchirappalli-621112.",COMPUTER SCIENCE AND ENGINEERING,171.0,163.5,165.0,154.0,134.5,,
3701,"K Ramakrishnan College of Technology (Autonomous), Kariyamanickam Road, Mannachanallur Taluk, Tiruchirappalli-621112.",ELECTRONICS AND COMMUNICATION ENGINEERING,165.5,158.5,162.0,146.5,115.0,130.5,
3701,"K Ramakrishnan College of Technology (Autonomous), Kariyamanickam Road, Mannachanallur Taluk, Tiruchirappalli-621112.",ELECTRICAL AND ELECTRONICS ENGINEERING,156.0,151.5,150.5,142.0,,,
3701,"K Ramakrishnan College of Technology (Autonomous), Kariyamanickam Road, Mannachanallur Taluk, Tiruchirappalli-621112.",INFORMATION TECHNOLOGY,167.5,161.0,163.5,151.0,107.5,138.0,
3701,"K Ramakrishnan College of Technology (Autonomous), Kariyamanickam Road, Mannachanallur Taluk, Tiruchirappalli-621112.",MECHANICAL ENGINEERING,150.0,141.0,150.0,125.5,102.5,,
3760,"Sir Issac Newton College of Engineering and Technology, Andhanapeetai Post, Pappakoil, Nagapattinam-611102.",Artificial Intelligence and Data Science,141.0,99.5,139.0,120.0,117.0,122.5,
3760,"Sir Issac Newton College of Engineering and Technology, Andhanapeetai Post, Pappakoil, Nagapattinam-611102.",COMPUTER SCIENCE AND ENGINEERING (AI AND MACHINE LEARNING),116.0,,,,103.5,,
3760,"Sir Issac Newton College of Engineering and Technology, Andhanapeetai Post, Pappakoil, Nagapattinam-611102.",COMPUTER SCIENCE AND ENGINEERING,128.5,,92.5,97.0,96.5,,
3760,"Sir Issac Newton College of Engineering and Technology, Andhanapeetai Post, Pappakoil, Nagapattinam-611102.",ELECTRONICS AND COMMUNICATION ENGINEERING,127.0,,,,108.0,,
3760,"Sir Issac Newton College of Engineering and Technology, Andhanapeetai Post, Pappakoil, Nagapattinam-611102.",INFORMATION TECHNOLOGY,131.0,105.0,116.0,111.0,117.5,,
3760,"Sir Issac Newton College of Engineering and Technology, Andhanapeetai Post, Pappakoil, Nagapattinam-611102.",MECHANICAL ENGINEERING,115.0,,,,101.0,,
3766,"Star Lion College of Engineering and Technology, Main Road, Manankorai, Thanjavur-614206.",Artificial Intelligence and Data Science,,,,,,,
3766,"Star Lion College of Engineering and Technology, Main Road, Manankorai, Thanjavur-614206.",COMPUTER SCIENCE AND ENGINEERING,,,,,,,
3766,"Star Lion College of Engineering and Technology, Main Road, Manankorai, Thanjavur-614206.",ELECTRONICS AND COMMUNICATION ENGINEERING,,,,,,,
3766,"Star Lion College of Engineering and Technology, Main Road, Manankorai, Thanjavur-614206.",INFORMATION TECHNOLOGY,,,,,,,
3766,"Star Lion College of Engineering and Technology, Main Road, Manankorai, Thanjavur-614206.",MECHANICAL ENGINEERING,,,,,,,
3782,"OASYS Institute of Technology, Tiruchirappalli-Thuraiyur Mani Road, Pulivalam P.O Musiri Taluk, Tiruchirappalli-621006.",Artificial Intelligence and Data Science,148.0,,,135.5,126.0,141.0,
3782,"OASYS Institute of Technology, Tiruchirappalli-Thuraiyur Mani Road, Pulivalam P.O Musiri Taluk, Tiruchirappalli-621006.",COMPUTER SCIENCE AND ENGINEERING (AI AND MACHINE LEARNING),126.0,,117.5,111.0,115.0,87.0,
3782,"OASYS Institute of Technology, Tiruchirappalli-Thuraiyur Mani Road, Pulivalam P.O Musiri Taluk, Tiruchirappalli-621006.",COMPUTER SCIENCE AND BUSSINESS SYSTEM,120.0,,,109.0,115.0,92.0,
3782,"OASYS Institute of Technology, Tiruchirappalli-Thuraiyur Mani Road, Pulivalam P.O Musiri Taluk, Tiruchirappalli-621006.",COMPUTER SCIENCE AND ENGINEERING,142.5,,81.5,115.0,127.5,139.5,
3782,"OASYS Institute of Technology, Tiruchirappalli-Thuraiyur Mani Road, Pulivalam P.O Musiri Taluk, Tiruchirappalli-621006.",ELECTRONICS AND COMMUNICATION ENGINEERING,145.0,,,113.5,115.5,112.5,
3782,"OASYS Institute of Technology, Tiruchirappalli-Thuraiyur Mani Road, Pulivalam P.O Musiri Taluk, Tiruchirappalli-621006.",ELECTRICAL AND ELECTRONICS ENGINEERING,124.0,,,106.0,114.5,,
3782,"OASYS Institute of Technology, Tiruchirappalli-Thuraiyur Mani Road, Pulivalam P.O Musiri Taluk, Tiruchirappalli-621006.",INFORMATION TECHNOLOGY,144.0,,,115.0,137.5,118.0,
3786,"M.A.M. School of Engineering (Autonomous), Trichy-Chennai Trunk Road, Siruganur, Tiruchirappalli-621105.",Artificial Intelligence and Data Science,130.0,,100.5,98.0,,,
3786,"M.A.M. School of Engineering (Autonomous), Trichy-Chennai Trunk Road, Siruganur, Tiruchirappalli-621105.",AERONAUTICAL ENGINEERING,108.0,,,,,,
3786,"M.A.M. School of Engineering (Autonomous), Trichy-Chennai Trunk Road, Siruganur, Tiruchirappalli-621105.",BIO MEDICAL ENGINEERING,,,,,,,
3786,"M.A.M. School of Engineering (Autonomous), Trichy-Chennai Trunk Road, Siruganur, Tiruchirappalli-621105.",COMPUTER SCIENCE AND ENGINEERING,140.0,,121.0,,,,
3786,"M.A.M. School of Engineering (Autonomous), Trichy-Chennai Trunk Road, Siruganur, Tiruchirappalli-621105.",ELECTRONICS AND COMMUNICATION ENGINEERING,128.5,,121.5,,,,
3786,"M.A.M. School of Engineering (Autonomous), Trichy-Chennai Trunk Road, Siruganur, Tiruchirappalli-621105.",ELECTRICAL AND ELECTRONICS ENGINEERING,110.0,,96.0,,,,
3786,"M.A.M. School of Engineering (Autonomous), Trichy-Chennai Trunk Road, Siruganur, Tiruchirappalli-621105.",INFORMATION TECHNOLOGY,127.0,,96.0,,,,
3786,"M.A.M. School of Engineering (Autonomous), Trichy-Chennai Trunk Road, Siruganur, Tiruchirappalli-621105.",MECHANICAL ENGINEERING,103.0,,,,,,
3786,"M.A.M. School of Engineering (Autonomous), Trichy-Chennai Trunk Road, Siruganur, Tiruchirappalli-621105.",Mechatronics Engineering,,,,,,,
3795,SRM TRP Engineering College Irungalur Manachanallur Taluk Tiruchirappalli District 621105,Artificial Intelligence and Data Science,169.0,159.5,167.0,149.5,125.0,,
3795,SRM TRP Engineering College Irungalur Manachanallur Taluk Tiruchirappalli District 621105,COMPUTER SCIENCE AND ENGINEERING (AI AND MACHINE LEARNING),176.5,160.5,172.5,158.0,127.0,161.0,
3795,SRM TRP Engineering College Irungalur Manachanallur Taluk Tiruchirappalli District 621105,CIVIL ENGINEERING,140.0,115.5,134.0,109.0,125.0,,
3795,SRM TRP Engineering College Irungalur Manachanallur Taluk Tiruchirappalli District 621105,COMPUTER SCIENCE AND ENGINEERING,176.0,164.0,174.0,154.0,127.5,133.0,85.0
3795,SRM TRP Engineering College Irungalur Manachanallur Taluk Tiruchirappalli District 621105,ELECTRONICS AND COMMUNICATION ENGINEERING,167.5,160.0,163.5,154.0,131.0,,
3795,SRM TRP Engineering College Irungalur Manachanallur Taluk Tiruchirappalli District 621105,ELECTRICAL AND ELECTRONICS ENGINEERING,157.0,147.5,154.0,135.0,,,
3795,SRM TRP Engineering College Irungalur Manachanallur Taluk Tiruchirappalli District 621105,INFORMATION TECHNOLOGY,167.5,160.5,166.0,153.0,121.5,,
3795,SRM TRP Engineering College Irungalur Manachanallur Taluk Tiruchirappalli District 621105,MECHANICAL ENGINEERING,144.5,120.0,136.5,115.0,,,
3801,"A.V.C. College of Engineering, Mannampandal, Mayiladuthurai, Nagapattinam-609305.",Artificial Intelligence and Data Science,174.5,150.0,158.5,150.5,132.0,,
3801,"A.V.C. College of Engineering, Mannampandal, Mayiladuthurai, Nagapattinam-609305.",CIVIL ENGINEERING,143.5,,124.5,120.5,,,
3801,"A.V.C. College of Engineering, Mannampandal, Mayiladuthurai, Nagapattinam-609305.",COMPUTER SCIENCE AND ENGINEERING,169.0,145.0,163.0,155.0,128.5,,
3801,"A.V.C. College of Engineering, Mannampandal, Mayiladuthurai, Nagapattinam-609305.",ELECTRONICS AND COMMUNICATION ENGINEERING,160.5,145.0,132.5,155.0,97.5,,
3801,"A.V.C. College of Engineering, Mannampandal, Mayiladuthurai, Nagapattinam-609305.",ELECTRICAL AND ELECTRONICS ENGINEERING,140.5,,140.0,123.0,,,
3801,"A.V.C. College of Engineering, Mannampandal, Mayiladuthurai, Nagapattinam-609305.",INSTRUMENTATION AND CONTROL ENGINEERING,141.5,,126.5,123.0,90.0,,
3801,"A.V.C. College of Engineering, Mannampandal, Mayiladuthurai, Nagapattinam-609305.",INFORMATION TECHNOLOGY,164.0,140.5,153.0,153.0,,,
3801,"A.V.C. College of Engineering, Mannampandal, Mayiladuthurai, Nagapattinam-609305.",MECHANICAL ENGINEERING,142.5,,,116.5,,,
3803,"Anjalai Ammal Mahalingam Engineering College, Kovilvenni, Thiruvarur-614403.",Artificial Intelligence and Data Science,165.0,154.5,,141.0,140.0,,
3803,"Anjalai Ammal Mahalingam Engineering College, Kovilvenni, Thiruvarur-614403.",CIVIL ENGINEERING,144.0,105.5,,,,,
3803,"Anjalai Ammal Mahalingam Engineering College, Kovilvenni, Thiruvarur-614403.",CHEMICAL ENGINEERING,133.5,,129.0,,,,
3803,"Anjalai Ammal Mahalingam Engineering College, Kovilvenni, Thiruvarur-614403.",COMPUTER SCIENCE AND ENGINEERING,178.0,169.0,165.0,151.0,135.0,,
3803,"Anjalai Ammal Mahalingam Engineering College, Kovilvenni, Thiruvarur-614403.",ELECTRONICS AND COMMUNICATION ENGINEERING,165.0,153.0,156.0,146.5,,,
3803,"Anjalai Ammal Mahalingam Engineering College, Kovilvenni, Thiruvarur-614403.",ELECTRICAL AND ELECTRONICS ENGINEERING,151.5,141.0,149.5,114.5,,,
3803,"Anjalai Ammal Mahalingam Engineering College, Kovilvenni, Thiruvarur-614403.",INFORMATION TECHNOLOGY,164.0,157.0,163.0,145.0,124.0,,
3803,"Anjalai Ammal Mahalingam Engineering College, Kovilvenni, Thiruvarur-614403.",MECHANICAL ENGINEERING,141.5,113.0,124.5,,,,
3804,"Arasu Engineering College, Chennai Main Road, Thiruvisanallur - Village, Thiruvidaimaruthur - Taluk, Kumbakonam,Thanjavur-612501.",Artificial Intelligence and Data Science,162.0,127.5,157.0,137.5,133.0,,
3804,"Arasu Engineering College, Chennai Main Road, Thiruvisanallur - Village, Thiruvidaimaruthur - Taluk, Kumbakonam,Thanjavur-612501.",BIO MEDICAL ENGINEERING,92.0,,,,,,
3804,"Arasu Engineering College, Chennai Main Road, Thiruvisanallur - Village, Thiruvidaimaruthur - Taluk, Kumbakonam,Thanjavur-612501.",COMPUTER SCIENCE AND ENGINEERING,149.0,,123.5,120.5,108.5,,
3804,"Arasu Engineering College, Chennai Main Road, Thiruvisanallur - Village, Thiruvidaimaruthur - Taluk, Kumbakonam,Thanjavur-612501.",ELECTRONICS AND COMMUNICATION ENGINEERING,139.0,111.0,129.5,111.0,,,
3804,"Arasu Engineering College, Chennai Main Road, Thiruvisanallur - Village, Thiruvidaimaruthur - Taluk, Kumbakonam,Thanjavur-612501.",ELECTRICAL AND ELECTRONICS ENGINEERING,115.0,,,,,,
3804,"Arasu Engineering College, Chennai Main Road, Thiruvisanallur - Village, Thiruvidaimaruthur - Taluk, Kumbakonam,Thanjavur-612501.",INFORMATION TECHNOLOGY,142.0,,137.0,121.0,125.0,,
3804,"Arasu Engineering College, Chennai Main Road, Thiruvisanallur - Village, Thiruvidaimaruthur - Taluk, Kumbakonam,Thanjavur-612501.",MECHANICAL ENGINEERING,102.0,,,,,,
3805,"Dhanalakshmi Srinivasan Engineering College (Autonomous), Thuraiyur Road, Perambalur-621212.",Artificial Intelligence and Data Science,154.5,127.5,144.5,118.5,,,
3805,"Dhanalakshmi Srinivasan Engineering College (Autonomous), Thuraiyur Road, Perambalur-621212.",AERONAUTICAL ENGINEERING,118.0,,,,,,
3805,"Dhanalakshmi Srinivasan Engineering College (Autonomous), Thuraiyur Road, Perambalur-621212.",BIO MEDICAL ENGINEERING,114.0,,,,,,
3805,"Dhanalakshmi Srinivasan Engineering College (Autonomous), Thuraiyur Road, Perambalur-621212.",CIVIL ENGINEERING,124.5,,,,,,
3805,"Dhanalakshmi Srinivasan Engineering College (Autonomous), Thuraiyur Road, Perambalur-621212.",COMPUTER SCIENCE AND ENGINEERING,156.5,143.5,135.5,120.0,,,
3805,"Dhanalakshmi Srinivasan Engineering College (Autonomous), Thuraiyur Road, Perambalur-621212.",ELECTRONICS AND COMMUNICATION ENGINEERING,148.5,111.5,129.5,110.5,,,
3805,"Dhanalakshmi Srinivasan Engineering College (Autonomous), Thuraiyur Road, Perambalur-621212.",ELECTRICAL AND ELECTRONICS ENGINEERING,123.5,,107.5,,,,
3805,"Dhanalakshmi Srinivasan Engineering College (Autonomous), Thuraiyur Road, Perambalur-621212.",FOOD TECHNOLOGY,117.5,,,,,,
3805,"Dhanalakshmi Srinivasan Engineering College (Autonomous), Thuraiyur Road, Perambalur-621212.",INFORMATION TECHNOLOGY,149.5,126.5,133.0,110.0,,,
3805,"Dhanalakshmi Srinivasan Engineering College (Autonomous), Thuraiyur Road, Perambalur-621212.",MECHANICAL ENGINEERING,126.0,93.5,96.5,,,,
3805,"Dhanalakshmi Srinivasan Engineering College (Autonomous), Thuraiyur Road, Perambalur-621212.",Computer Science and Engineering (Cyber Security),151.0,117.5,143.5,124.0,,,
3806,"E.G.S. Pillay Engineering College (Autonomous), Old Nagore Road, Nagore Post, Nagapattinam District-611002.",Artificial Intelligence and Data Science,157.5,135.0,151.5,133.5,132.5,,
3806,"E.G.S. Pillay Engineering College (Autonomous), Old Nagore Road, Nagore Post, Nagapattinam District-611002.",BIO MEDICAL ENGINEERING,140.0,91.5,136.5,117.5,118.0,,
3806,"E.G.S. Pillay Engineering College (Autonomous), Old Nagore Road, Nagore Post, Nagapattinam District-611002.",COMPUTER SCIENCE AND BUSSINESS SYSTEM,143.5,130.5,,133.0,111.5,,
3806,"E.G.S. Pillay Engineering College (Autonomous), Old Nagore Road, Nagore Post, Nagapattinam District-611002.",CIVIL ENGINEERING,126.5,,117.5,99.5,,,
3806,"E.G.S. Pillay Engineering College (Autonomous), Old Nagore Road, Nagore Post, Nagapattinam District-611002.",COMPUTER SCIENCE AND ENGINEERING,157.5,134.5,139.5,141.0,118.5,,120.5
3806,"E.G.S. Pillay Engineering College (Autonomous), Old Nagore Road, Nagore Post, Nagapattinam District-611002.",ELECTRONICS AND COMMUNICATION ENGINEERING,148.5,131.5,138.0,132.0,108.0,,
3806,"E.G.S. Pillay Engineering College (Autonomous), Old Nagore Road, Nagore Post, Nagapattinam District-611002.",ELECTRICAL AND ELECTRONICS ENGINEERING,130.0,113.0,124.5,113.0,103.0,,
3806,"E.G.S. Pillay Engineering College (Autonomous), Old Nagore Road, Nagore Post, Nagapattinam District-611002.",INFORMATION TECHNOLOGY,160.0,133.0,153.0,139.0,128.5,,133.0
3806,"E.G.S. Pillay Engineering College (Autonomous), Old Nagore Road, Nagore Post, Nagapattinam District-611002.",MECHANICAL ENGINEERING,127.0,,112.5,105.0,,,
3807,"J.J. College of Engineering and Technology, Ammapettai, Poolankulathupatti Post, Tiruchirappalli-620009.",Artificial Intelligence and Data Science,155.0,143.5,147.0,137.0,116.5,84.0,
3807,"J.J. College of Engineering and Technology, Ammapettai, Poolankulathupatti Post, Tiruchirappalli-620009.",AERONAUTICAL ENGINEERING,140.0,118.0,133.5,136.0,96.5,,
3807,"J.J. College of Engineering and Technology, Ammapettai, Poolankulathupatti Post, Tiruchirappalli-620009.",CIVIL ENGINEERING,130.5,118.5,121.5,123.0,103.5,,
3807,"J.J. College of Engineering and Technology, Ammapettai, Poolankulathupatti Post, Tiruchirappalli-620009.",COMPUTER SCIENCE AND ENGINEERING,161.0,146.0,152.0,139.0,116.5,,
3807,"J.J. College of Engineering and Technology, Ammapettai, Poolankulathupatti Post, Tiruchirappalli-620009.",ELECTRONICS AND COMMUNICATION ENGINEERING,165.5,145.0,,138.0,106.5,143.5,
3807,"J.J. College of Engineering and Technology, Ammapettai, Poolankulathupatti Post, Tiruchirappalli-620009.",ELECTRICAL AND ELECTRONICS ENGINEERING,152.5,134.5,142.5,129.0,101.5,,
3807,"J.J. College of Engineering and Technology, Ammapettai, Poolankulathupatti Post, Tiruchirappalli-620009.",INFORMATION TECHNOLOGY,153.5,144.5,144.0,137.0,107.0,,
3807,"J.J. College of Engineering and Technology, Ammapettai, Poolankulathupatti Post, Tiruchirappalli-620009.",MECHANICAL ENGINEERING,140.5,134.5,,120.0,121.5,109.5,
3807,"J.J. College of Engineering and Technology, Ammapettai, Poolankulathupatti Post, Tiruchirappalli-620009.",Computer Science and Engineering (Cyber Security),160.0,145.5,147.5,140.5,116.0,,
3808,"Jayaram College of Engineering and Technology, Karattampatty, Pagalavadi, Thuraiyur Taluk, Tiruchirappalli-621014.",CIVIL ENGINEERING,,,,,,,
3808,"Jayaram College of Engineering and Technology, Karattampatty, Pagalavadi, Thuraiyur Taluk, Tiruchirappalli-621014.",COMPUTER SCIENCE AND ENGINEERING,,,,,,,
3808,"Jayaram College of Engineering and Technology, Karattampatty, Pagalavadi, Thuraiyur Taluk, Tiruchirappalli-621014.",ELECTRONICS AND COMMUNICATION ENGINEERING,,,,,,,
3808,"Jayaram College of Engineering and Technology, Karattampatty, Pagalavadi, Thuraiyur Taluk, Tiruchirappalli-621014.",ELECTRICAL AND ELECTRONICS ENGINEERING,,,,,,,
3808,"Jayaram College of Engineering and Technology, Karattampatty, Pagalavadi, Thuraiyur Taluk, Tiruchirappalli-621014.",INFORMATION TECHNOLOGY,,,,,,,
3808,"Jayaram College of Engineering and Technology, Karattampatty, Pagalavadi, Thuraiyur Taluk, Tiruchirappalli-621014.",MECHANICAL ENGINEERING,,,,,,,
3810,"MAM College of Engineering, Trichy-Chennai Trunk Road, Siruganur, Tiruchirappalli-621105.",Artificial Intelligence and Data Science,147.0,118.0,118.0,94.0,102.0,,
3810,"MAM College of Engineering, Trichy-Chennai Trunk Road, Siruganur, Tiruchirappalli-621105.",AGRICULTURAL ENGINEERING,93.5,,,,,,
3810,"MAM College of Engineering, Trichy-Chennai Trunk Road, Siruganur, Tiruchirappalli-621105.",COMPUTER SCIENCE AND ENGINEERING (AI AND MACHINE LEARNING),122.5,,122.0,,95.5,,
3810,"MAM College of Engineering, Trichy-Chennai Trunk Road, Siruganur, Tiruchirappalli-621105.",BIO MEDICAL ENGINEERING,100.0,,,,,,
3810,"MAM College of Engineering, Trichy-Chennai Trunk Road, Siruganur, Tiruchirappalli-621105.",BIO TECHNOLOGY,128.0,,107.5,,98.0,,
3810,"MAM College of Engineering, Trichy-Chennai Trunk Road, Siruganur, Tiruchirappalli-621105.",CIVIL ENGINEERING,138.0,,,,120.5,,
3810,"MAM College of Engineering, Trichy-Chennai Trunk Road, Siruganur, Tiruchirappalli-621105.",COMPUTER SCIENCE AND ENGINEERING,143.5,102.5,125.5,107.5,103.0,,129.0
3810,"MAM College of Engineering, Trichy-Chennai Trunk Road, Siruganur, Tiruchirappalli-621105.",ELECTRONICS AND COMMUNICATION ENGINEERING,140.0,98.5,136.5,99.0,101.0,,
3810,"MAM College of Engineering, Trichy-Chennai Trunk Road, Siruganur, Tiruchirappalli-621105.",ELECTRICAL AND ELECTRONICS ENGINEERING,114.5,,93.5,,,,
3810,"MAM College of Engineering, Trichy-Chennai Trunk Road, Siruganur, Tiruchirappalli-621105.",ELECTRONICS AND INSTRUMENTATION ENGINEERING,110.5,,103.0,,86.5,,
3810,"MAM College of Engineering, Trichy-Chennai Trunk Road, Siruganur, Tiruchirappalli-621105.",FOOD TECHNOLOGY,130.5,,121.5,,,,
3810,"MAM College of Engineering, Trichy-Chennai Trunk Road, Siruganur, Tiruchirappalli-621105.",INFORMATION TECHNOLOGY,145.5,101.5,121.0,130.5,128.0,134.5,
3810,"MAM College of Engineering, Trichy-Chennai Trunk Road, Siruganur, Tiruchirappalli-621105.",MECHANICAL ENGINEERING,115.5,,115.5,,,,
3810,"MAM College of Engineering, Trichy-Chennai Trunk Road, Siruganur, Tiruchirappalli-621105.",Computer Science and Engineering (Cyber Security),135.5,,114.5,,95.5,,
3811,"M.I.E.T. Engineering College (Autonomous), Trichy - Pudukkottai Road, Gundur, Tiruchirappalli-620007.",Artificial Intelligence and Data Science,143.0,97.0,137.5,,,,
3811,"M.I.E.T. Engineering College (Autonomous), Trichy - Pudukkottai Road, Gundur, Tiruchirappalli-620007.",BIO MEDICAL ENGINEERING,127.5,,117.5,,,,
3811,"M.I.E.T. Engineering College (Autonomous), Trichy - Pudukkottai Road, Gundur, Tiruchirappalli-620007.",CIVIL ENGINEERING,107.0,,,,,,
3811,"M.I.E.T. Engineering College (Autonomous), Trichy - Pudukkottai Road, Gundur, Tiruchirappalli-620007.",COMPUTER SCIENCE AND ENGINEERING,137.5,,125.5,,,,
3811,"M.I.E.T. Engineering College (Autonomous), Trichy - Pudukkottai Road, Gundur, Tiruchirappalli-620007.",ELECTRONICS AND COMMUNICATION ENGINEERING,143.0,,138.5,94.0,,,
3811,"M.I.E.T. Engineering College (Autonomous), Trichy - Pudukkottai Road, Gundur, Tiruchirappalli-620007.",ELECTRICAL AND ELECTRONICS ENGINEERING,105.5,,105.5,,,,
3811,"M.I.E.T. Engineering College (Autonomous), Trichy - Pudukkottai Road, Gundur, Tiruchirappalli-620007.",INFORMATION TECHNOLOGY,122.5,,117.0,,,,112.0
3811,"M.I.E.T. Engineering College (Autonomous), Trichy - Pudukkottai Road, Gundur, Tiruchirappalli-620007.",MECHANICAL ENGINEERING,106.5,,106.0,,,,
3812,"Mookambigai College of Engineering, Srinivasa Nagar, Kalamavur (PO), Keeranur, Pudukkottai-622502.",Artificial Intelligence and Data Science,133.0,,111.0,,,,
3812,"Mookambigai College of Engineering, Srinivasa Nagar, Kalamavur (PO), Keeranur, Pudukkottai-622502.",COMPUTER SCIENCE AND ENGINEERING (AI AND MACHINE LEARNING),,,,,,,
3812,"Mookambigai College of Engineering, Srinivasa Nagar, Kalamavur (PO), Keeranur, Pudukkottai-622502.",CIVIL ENGINEERING,,,,,,,
3812,"Mookambigai College of Engineering, Srinivasa Nagar, Kalamavur (PO), Keeranur, Pudukkottai-622502.",COMPUTER SCIENCE AND ENGINEERING,133.0,,,,,,
3812,"Mookambigai College of Engineering, Srinivasa Nagar, Kalamavur (PO), Keeranur, Pudukkottai-622502.",ELECTRONICS AND COMMUNICATION ENGINEERING,131.0,,,,,,
3812,"Mookambigai College of Engineering, Srinivasa Nagar, Kalamavur (PO), Keeranur, Pudukkottai-622502.",ELECTRICAL AND ELECTRONICS ENGINEERING,105.5,,,,,,
3812,"Mookambigai College of Engineering, Srinivasa Nagar, Kalamavur (PO), Keeranur, Pudukkottai-622502.",ELECTRONICS AND INSTRUMENTATION ENGINEERING,,,,,,,
3812,"Mookambigai College of Engineering, Srinivasa Nagar, Kalamavur (PO), Keeranur, Pudukkottai-622502.",INFORMATION TECHNOLOGY,122.0,,,,,,
3812,"Mookambigai College of Engineering, Srinivasa Nagar, Kalamavur (PO), Keeranur, Pudukkottai-622502.",MECHANICAL ENGINEERING,108.0,,,,,,
3813,"Oxford Engineering College, Pirattiyur, Tiruchirappalli-620009.",CIVIL ENGINEERING,,,,,,,
3813,"Oxford Engineering College, Pirattiyur, Tiruchirappalli-620009.",COMPUTER SCIENCE AND ENGINEERING,105.5,,,,,,
3813,"Oxford Engineering College, Pirattiyur, Tiruchirappalli-620009.",ELECTRONICS AND COMMUNICATION ENGINEERING,,,,,,,
3813,"Oxford Engineering College, Pirattiyur, Tiruchirappalli-620009.",ELECTRICAL AND ELECTRONICS ENGINEERING,,,,,,,
3813,"Oxford Engineering College, Pirattiyur, Tiruchirappalli-620009.",INFORMATION TECHNOLOGY,,,,,,,
3813,"Oxford Engineering College, Pirattiyur, Tiruchirappalli-620009.",MECHANICAL ENGINEERING,,,,,,,
3815,"Pavendar Bharathidasan College of Engineering and Technology, Thanjai Natarajan Nagar, Opp. to Bharathidasan University, Pudukkottai Main Raod, Mathur, Kulathur, Pudukkottai-622515.",Artificial Intelligence and Data Science,128.5,,,,97.0,,
3815,"Pavendar Bharathidasan College of Engineering and Technology, Thanjai Natarajan Nagar, Opp. to Bharathidasan University, Pudukkottai Main Raod, Mathur, Kulathur, Pudukkottai-622515.",BIO MEDICAL ENGINEERING,123.0,,,,109.0,,
3815,"Pavendar Bharathidasan College of Engineering and Technology, Thanjai Natarajan Nagar, Opp. to Bharathidasan University, Pudukkottai Main Raod, Mathur, Kulathur, Pudukkottai-622515.",BIO TECHNOLOGY,,,,,,,
3815,"Pavendar Bharathidasan College of Engineering and Technology, Thanjai Natarajan Nagar, Opp. to Bharathidasan University, Pudukkottai Main Raod, Mathur, Kulathur, Pudukkottai-622515.",COMPUTER SCIENCE AND ENGINEERING,139.5,,92.5,,99.5,,
3815,"Pavendar Bharathidasan College of Engineering and Technology, Thanjai Natarajan Nagar, Opp. to Bharathidasan University, Pudukkottai Main Raod, Mathur, Kulathur, Pudukkottai-622515.",ELECTRONICS AND COMMUNICATION ENGINEERING,119.0,,,,,,
3815,"Pavendar Bharathidasan College of Engineering and Technology, Thanjai Natarajan Nagar, Opp. to Bharathidasan University, Pudukkottai Main Raod, Mathur, Kulathur, Pudukkottai-622515.",ELECTRICAL AND ELECTRONICS ENGINEERING,,,,,,,
3815,"Pavendar Bharathidasan College of Engineering and Technology, Thanjai Natarajan Nagar, Opp. to Bharathidasan University, Pudukkottai Main Raod, Mathur, Kulathur, Pudukkottai-622515.",INFORMATION TECHNOLOGY,126.5,,,,98.0,,
3815,"Pavendar Bharathidasan College of Engineering and Technology, Thanjai Natarajan Nagar, Opp. to Bharathidasan University, Pudukkottai Main Raod, Mathur, Kulathur, Pudukkottai-622515.",MECHANICAL ENGINEERING,,,,,,,
3815,"Pavendar Bharathidasan College of Engineering and Technology, Thanjai Natarajan Nagar, Opp. to Bharathidasan University, Pudukkottai Main Raod, Mathur, Kulathur, Pudukkottai-622515.",TEXTILE TECHNOLOGY,,,,,,,
3817,"Roever Engineering College, Elambalur (Post), Perambalur-621212.",Artificial Intelligence and Data Science,152.0,,,111.0,129.5,117.0,
3817,"Roever Engineering College, Elambalur (Post), Perambalur-621212.",BIO TECHNOLOGY,131.5,,,,80.5,,
3817,"Roever Engineering College, Elambalur (Post), Perambalur-621212.",CIVIL ENGINEERING,,,,,,,
3817,"Roever Engineering College, Elambalur (Post), Perambalur-621212.",COMPUTER SCIENCE AND ENGINEERING,145.5,,137.5,119.0,116.5,105.5,
3817,"Roever Engineering College, Elambalur (Post), Perambalur-621212.",ELECTRONICS AND COMMUNICATION ENGINEERING,134.0,97.0,,114.0,124.5,120.5,
3817,"Roever Engineering College, Elambalur (Post), Perambalur-621212.",ELECTRICAL AND ELECTRONICS ENGINEERING,131.5,,131.5,103.5,110.0,93.0,
3817,"Roever Engineering College, Elambalur (Post), Perambalur-621212.",MECHANICAL ENGINEERING,123.5,,,,,,
3819,"Saranathan College of Engineering (Autonomous), Venkateswara Nagar, Edamalaipattipudur Post, Panjappur Village, Srirangam Taluk, Tiruchirappalli-620012.",Artificial Intelligence and Data Science,177.0,170.0,173.5,165.5,147.5,131.5,
3819,"Saranathan College of Engineering (Autonomous), Venkateswara Nagar, Edamalaipattipudur Post, Panjappur Village, Srirangam Taluk, Tiruchirappalli-620012.",COMPUTER SCIENCE AND ENGINEERING (AI AND MACHINE LEARNING),178.0,170.5,169.5,163.5,142.5,145.5,
3819,"Saranathan College of Engineering (Autonomous), Venkateswara Nagar, Edamalaipattipudur Post, Panjappur Village, Srirangam Taluk, Tiruchirappalli-620012.",COMPUTER SCIENCE AND BUSSINESS SYSTEM,172.0,164.0,161.5,156.5,138.5,117.0,
3819,"Saranathan College of Engineering (Autonomous), Venkateswara Nagar, Edamalaipattipudur Post, Panjappur Village, Srirangam Taluk, Tiruchirappalli-620012.",CIVIL ENGINEERING,163.0,150.5,143.0,138.5,145.5,,
3819,"Saranathan College of Engineering (Autonomous), Venkateswara Nagar, Edamalaipattipudur Post, Panjappur Village, Srirangam Taluk, Tiruchirappalli-620012.",COMPUTER SCIENCE AND ENGINEERING,183.5,178.5,183.0,168.5,170.0,124.5,
3819,"Saranathan College of Engineering (Autonomous), Venkateswara Nagar, Edamalaipattipudur Post, Panjappur Village, Srirangam Taluk, Tiruchirappalli-620012.",ELECTRONICS AND COMMUNICATION ENGINEERING,177.5,173.5,170.5,165.5,146.5,140.5,
3819,"Saranathan College of Engineering (Autonomous), Venkateswara Nagar, Edamalaipattipudur Post, Panjappur Village, Srirangam Taluk, Tiruchirappalli-620012.",ELECTRICAL AND ELECTRONICS ENGINEERING,170.0,161.5,167.0,150.5,139.0,121.0,
3819,"Saranathan College of Engineering (Autonomous), Venkateswara Nagar, Edamalaipattipudur Post, Panjappur Village, Srirangam Taluk, Tiruchirappalli-620012.",INSTRUMENTATION AND CONTROL ENGINEERING,167.0,159.5,,152.0,122.5,,
3819,"Saranathan College of Engineering (Autonomous), Venkateswara Nagar, Edamalaipattipudur Post, Panjappur Village, Srirangam Taluk, Tiruchirappalli-620012.",INFORMATION TECHNOLOGY,176.5,172.0,174.5,167.5,155.0,132.5,
3819,"Saranathan College of Engineering (Autonomous), Venkateswara Nagar, Edamalaipattipudur Post, Panjappur Village, Srirangam Taluk, Tiruchirappalli-620012.",MECHANICAL ENGINEERING,162.5,150.5,160.5,145.0,132.5,,
3820,"Trichy Engineering College, somu Nagr,Konalai, Tiruchirappalli-621132.",Artificial Intelligence and Data Science,103.0,,,,,,
3820,"Trichy Engineering College, somu Nagr,Konalai, Tiruchirappalli-621132.",COMPUTER SCIENCE AND ENGINEERING (AI AND MACHINE LEARNING),,,,,,,
3820,"Trichy Engineering College, somu Nagr,Konalai, Tiruchirappalli-621132.",CIVIL ENGINEERING,,,,,,,
3820,"Trichy Engineering College, somu Nagr,Konalai, Tiruchirappalli-621132.",COMPUTER SCIENCE AND ENGINEERING,,,,,,,
3820,"Trichy Engineering College, somu Nagr,Konalai, Tiruchirappalli-621132.",ELECTRONICS AND COMMUNICATION ENGINEERING,108.0,,,,,,
3820,"Trichy Engineering College, somu Nagr,Konalai, Tiruchirappalli-621132.",ELECTRICAL AND ELECTRONICS ENGINEERING,,,,,,,
3820,"Trichy Engineering College, somu Nagr,Konalai, Tiruchirappalli-621132.",MECHANICAL ENGINEERING,,,,,,,
3820,"Trichy Engineering College, somu Nagr,Konalai, Tiruchirappalli-621132.",Mechatronics Engineering,,,,,,,
3821,"A.R.J College of Engineering and Technology, Thirumakkottai Main Road, Edayarnatham Village, Sundarakkottai (PO), Mannargudi Taluk, Thiruvarur-614001.",Artificial Intelligence and Data Science,116.5,,,,,,
3821,"A.R.J College of Engineering and Technology, Thirumakkottai Main Road, Edayarnatham Village, Sundarakkottai (PO), Mannargudi Taluk, Thiruvarur-614001.",AGRICULTURAL ENGINEERING,,,,,,,
3821,"A.R.J College of Engineering and Technology, Thirumakkottai Main Road, Edayarnatham Village, Sundarakkottai (PO), Mannargudi Taluk, Thiruvarur-614001.",BIO MEDICAL ENGINEERING,120.0,,,,,117.0,
3821,"A.R.J College of Engineering and Technology, Thirumakkottai Main Road, Edayarnatham Village, Sundarakkottai (PO), Mannargudi Taluk, Thiruvarur-614001.",CIVIL ENGINEERING,,,,,,,
3821,"A.R.J College of Engineering and Technology, Thirumakkottai Main Road, Edayarnatham Village, Sundarakkottai (PO), Mannargudi Taluk, Thiruvarur-614001.",COMPUTER SCIENCE AND ENGINEERING,118.0,,,,,,
3821,"A.R.J College of Engineering and Technology, Thirumakkottai Main Road, Edayarnatham Village, Sundarakkottai (PO), Mannargudi Taluk, Thiruvarur-614001.",ELECTRONICS AND COMMUNICATION ENGINEERING,116.5,,,,,,
3821,"A.R.J College of Engineering and Technology, Thirumakkottai Main Road, Edayarnatham Village, Sundarakkottai (PO), Mannargudi Taluk, Thiruvarur-614001.",ELECTRICAL AND ELECTRONICS ENGINEERING,95.0,,,,,,
3821,"A.R.J College of Engineering and Technology, Thirumakkottai Main Road, Edayarnatham Village, Sundarakkottai (PO), Mannargudi Taluk, Thiruvarur-614001.",MECHANICAL ENGINEERING,98.0,,,,86.0,,
3822,"Tittagudi Sengunthar Engineering College (Formerly Dr.Navalar Nedunchezhiyan College of Engineering), Raja Nagar, Vaithiyanathapuram, Tholudur, Cuddalore-606303.",Artificial Intelligence and Data Science,119.5,,,,,,
3822,"Tittagudi Sengunthar Engineering College (Formerly Dr.Navalar Nedunchezhiyan College of Engineering), Raja Nagar, Vaithiyanathapuram, Tholudur, Cuddalore-606303.",BIO MEDICAL ENGINEERING,129.0,,101.0,,,,
3822,"Tittagudi Sengunthar Engineering College (Formerly Dr.Navalar Nedunchezhiyan College of Engineering), Raja Nagar, Vaithiyanathapuram, Tholudur, Cuddalore-606303.",CIVIL ENGINEERING,,,,,,,
3822,"Tittagudi Sengunthar Engineering College (Formerly Dr.Navalar Nedunchezhiyan College of Engineering), Raja Nagar, Vaithiyanathapuram, Tholudur, Cuddalore-606303.",COMPUTER SCIENCE AND ENGINEERING,,,,,,,
3822,"Tittagudi Sengunthar Engineering College (Formerly Dr.Navalar Nedunchezhiyan College of Engineering), Raja Nagar, Vaithiyanathapuram, Tholudur, Cuddalore-606303.",ELECTRONICS AND COMMUNICATION ENGINEERING,,,,,,,
3822,"Tittagudi Sengunthar Engineering College (Formerly Dr.Navalar Nedunchezhiyan College of Engineering), Raja Nagar, Vaithiyanathapuram, Tholudur, Cuddalore-606303.",ELECTRICAL AND ELECTRONICS ENGINEERING,,,,,,,
3822,"Tittagudi Sengunthar Engineering College (Formerly Dr.Navalar Nedunchezhiyan College of Engineering), Raja Nagar, Vaithiyanathapuram, Tholudur, Cuddalore-606303.",INFORMATION TECHNOLOGY,,,,,,,
3822,"Tittagudi Sengunthar Engineering College (Formerly Dr.Navalar Nedunchezhiyan College of Engineering), Raja Nagar, Vaithiyanathapuram, Tholudur, Cuddalore-606303.",MECHANICAL ENGINEERING,,,,,,,
3825,"St. Joseph's College of Engineering and Technology, A.S.Nagar, Ellupatti, Rawasapatti Post, Inathukanpatti Village, Thanjavur-613403.",Artificial Intelligence and Data Science,144.0,121.5,142.0,119.5,109.0,,133.0
3825,"St. Joseph's College of Engineering and Technology, A.S.Nagar, Ellupatti, Rawasapatti Post, Inathukanpatti Village, Thanjavur-613403.",COMPUTER SCIENCE AND ENGINEERING,148.0,129.5,127.5,98.5,104.0,,
3825,"St. Joseph's College of Engineering and Technology, A.S.Nagar, Ellupatti, Rawasapatti Post, Inathukanpatti Village, Thanjavur-613403.",ELECTRONICS AND COMMUNICATION ENGINEERING,136.5,124.0,132.0,,98.5,,
3825,"St. Joseph's College of Engineering and Technology, A.S.Nagar, Ellupatti, Rawasapatti Post, Inathukanpatti Village, Thanjavur-613403.",ELECTRICAL AND ELECTRONICS ENGINEERING,120.0,108.0,116.5,98.0,99.0,,
3825,"St. Joseph's College of Engineering and Technology, A.S.Nagar, Ellupatti, Rawasapatti Post, Inathukanpatti Village, Thanjavur-613403.",INFORMATION TECHNOLOGY,133.5,121.0,124.5,102.0,105.5,,
3825,"St. Joseph's College of Engineering and Technology, A.S.Nagar, Ellupatti, Rawasapatti Post, Inathukanpatti Village, Thanjavur-613403.",MECHANICAL ENGINEERING,110.5,98.5,108.5,,96.5,,
3826,"Kongunadu College of Engineering and Technology (Autonomous), Tholurpatti, Thottiam, Tiruchirappalli-621215.",Artificial Intelligence and Data Science,165.0,153.0,141.0,152.5,126.5,128.0,110.0
3826,"Kongunadu College of Engineering and Technology (Autonomous), Tholurpatti, Thottiam, Tiruchirappalli-621215.",AGRICULTURAL ENGINEERING,142.5,116.0,,128.0,118.5,110.5,
3826,"Kongunadu College of Engineering and Technology (Autonomous), Tholurpatti, Thottiam, Tiruchirappalli-621215.",BIO MEDICAL ENGINEERING,150.5,144.0,137.5,141.0,116.0,108.5,
3826,"Kongunadu College of Engineering and Technology (Autonomous), Tholurpatti, Thottiam, Tiruchirappalli-621215.",CIVIL ENGINEERING,144.5,123.5,120.0,131.5,121.5,131.5,
3826,"Kongunadu College of Engineering and Technology (Autonomous), Tholurpatti, Thottiam, Tiruchirappalli-621215.",COMPUTER SCIENCE AND ENGINEERING,168.0,156.0,147.0,156.5,126.5,146.0,146.0
3826,"Kongunadu College of Engineering and Technology (Autonomous), Tholurpatti, Thottiam, Tiruchirappalli-621215.",ELECTRONICS AND COMMUNICATION ENGINEERING,160.5,148.5,144.5,144.5,124.5,123.5,161.0
3826,"Kongunadu College of Engineering and Technology (Autonomous), Tholurpatti, Thottiam, Tiruchirappalli-621215.",ELECTRICAL AND ELECTRONICS ENGINEERING,153.5,145.0,134.5,142.0,116.0,106.5,
3826,"Kongunadu College of Engineering and Technology (Autonomous), Tholurpatti, Thottiam, Tiruchirappalli-621215.",INFORMATION TECHNOLOGY,162.5,152.5,150.5,147.0,124.5,134.0,110.5
3826,"Kongunadu College of Engineering and Technology (Autonomous), Tholurpatti, Thottiam, Tiruchirappalli-621215.",MECHANICAL ENGINEERING,143.0,134.0,127.0,129.0,115.0,124.5,113.5
3829,"M.A.M. College of Engineering and Technology, Trichy-Chennai Trunk Road, Siruganur, Manachanallur Taluk, Tiruchirappalli-621105.",Artificial Intelligence and Data Science,146.5,124.0,114.0,122.5,105.0,,
3829,"M.A.M. College of Engineering and Technology, Trichy-Chennai Trunk Road, Siruganur, Manachanallur Taluk, Tiruchirappalli-621105.",CIVIL ENGINEERING,137.5,90.0,,,126.5,,
3829,"M.A.M. College of Engineering and Technology, Trichy-Chennai Trunk Road, Siruganur, Manachanallur Taluk, Tiruchirappalli-621105.",COMPUTER SCIENCE AND ENGINEERING,143.0,,127.5,,88.5,112.5,
3829,"M.A.M. College of Engineering and Technology, Trichy-Chennai Trunk Road, Siruganur, Manachanallur Taluk, Tiruchirappalli-621105.",ELECTRONICS AND COMMUNICATION ENGINEERING,143.5,109.0,114.5,102.0,90.0,,
3829,"M.A.M. College of Engineering and Technology, Trichy-Chennai Trunk Road, Siruganur, Manachanallur Taluk, Tiruchirappalli-621105.",ELECTRICAL AND ELECTRONICS ENGINEERING,147.5,102.0,112.0,97.5,86.5,,
3829,"M.A.M. College of Engineering and Technology, Trichy-Chennai Trunk Road, Siruganur, Manachanallur Taluk, Tiruchirappalli-621105.",INFORMATION TECHNOLOGY,136.0,,125.5,,,124.0,
3829,"M.A.M. College of Engineering and Technology, Trichy-Chennai Trunk Road, Siruganur, Manachanallur Taluk, Tiruchirappalli-621105.",MECHANICAL ENGINEERING,141.5,122.5,,,104.0,,
3830,"K. Ramakrishnan College of Engineering (Autonomous), Kariyamanickam Road, Samayapuram, Tiruchirappalli-621112.",Artificial Intelligence and Data Science,172.5,165.0,168.0,153.5,120.0,,
3830,"K. Ramakrishnan College of Engineering (Autonomous), Kariyamanickam Road, Samayapuram, Tiruchirappalli-621112.",COMPUTER SCIENCE AND ENGINEERING (AI AND MACHINE LEARNING),173.0,167.0,169.5,154.0,122.5,,
3830,"K. Ramakrishnan College of Engineering (Autonomous), Kariyamanickam Road, Samayapuram, Tiruchirappalli-621112.",COMPUTER SCIENCE AND BUSSINESS SYSTEM,167.5,162.0,157.5,150.5,118.5,159.0,
3830,"K. Ramakrishnan College of Engineering (Autonomous), Kariyamanickam Road, Samayapuram, Tiruchirappalli-621112.",COMPUTER SCIENCE AND ENGINEERING,179.0,172.5,169.5,166.5,133.5,,113.0
3830,"K. Ramakrishnan College of Engineering (Autonomous), Kariyamanickam Road, Samayapuram, Tiruchirappalli-621112.",ELECTRONICS AND COMMUNICATION ENGINEERING,173.0,163.5,167.5,154.0,126.0,145.5,
3830,"K. Ramakrishnan College of Engineering (Autonomous), Kariyamanickam Road, Samayapuram, Tiruchirappalli-621112.",ELECTRICAL AND ELECTRONICS ENGINEERING,161.0,154.0,151.0,147.0,,,
3830,"K. Ramakrishnan College of Engineering (Autonomous), Kariyamanickam Road, Samayapuram, Tiruchirappalli-621112.",INFORMATION TECHNOLOGY,173.0,166.0,168.0,157.5,119.0,,
3830,"K. Ramakrishnan College of Engineering (Autonomous), Kariyamanickam Road, Samayapuram, Tiruchirappalli-621112.",MECHANICAL ENGINEERING,156.5,147.0,153.5,143.5,119.5,,
3831,"Indra Ganesan College of Engineering (Autonomous), Madurai Main Road, Manikandam, Tiruchirappalli-620012.",Artificial Intelligence and Data Science,133.0,,,,,,
3831,"Indra Ganesan College of Engineering (Autonomous), Madurai Main Road, Manikandam, Tiruchirappalli-620012.",AGRICULTURAL ENGINEERING,,,,,,,
3831,"Indra Ganesan College of Engineering (Autonomous), Madurai Main Road, Manikandam, Tiruchirappalli-620012.",BIO MEDICAL ENGINEERING,114.0,,,,,,
3831,"Indra Ganesan College of Engineering (Autonomous), Madurai Main Road, Manikandam, Tiruchirappalli-620012.",COMPUTER SCIENCE AND ENGINEERING,122.5,,92.5,,,,
3831,"Indra Ganesan College of Engineering (Autonomous), Madurai Main Road, Manikandam, Tiruchirappalli-620012.",ELECTRONICS AND COMMUNICATION ENGINEERING,113.0,,,,,,
3831,"Indra Ganesan College of Engineering (Autonomous), Madurai Main Road, Manikandam, Tiruchirappalli-620012.",ELECTRICAL AND ELECTRONICS ENGINEERING,,,,,,,
3831,"Indra Ganesan College of Engineering (Autonomous), Madurai Main Road, Manikandam, Tiruchirappalli-620012.",INFORMATION TECHNOLOGY,114.5,,,,,,
3831,"Indra Ganesan College of Engineering (Autonomous), Madurai Main Road, Manikandam, Tiruchirappalli-620012.",MECHANICAL ENGINEERING,116.0,,,,,,
3833,"Parisutham Institute of Technology and Science (Autonomous), NH 67 Ring Road, Nanjikottai, Thanjavur-613006.",AERONAUTICAL ENGINEERING,91.0,,,,,,
3833,"Parisutham Institute of Technology and Science (Autonomous), NH 67 Ring Road, Nanjikottai, Thanjavur-613006.",CIVIL ENGINEERING,,,,,,,
3833,"Parisutham Institute of Technology and Science (Autonomous), NH 67 Ring Road, Nanjikottai, Thanjavur-613006.",COMPUTER SCIENCE AND ENGINEERING,131.0,,,,,,
3833,"Parisutham Institute of Technology and Science (Autonomous), NH 67 Ring Road, Nanjikottai, Thanjavur-613006.",ELECTRONICS AND COMMUNICATION ENGINEERING,128.0,,,,,,
3833,"Parisutham Institute of Technology and Science (Autonomous), NH 67 Ring Road, Nanjikottai, Thanjavur-613006.",ELECTRICAL AND ELECTRONICS ENGINEERING,,,,,,,
3833,"Parisutham Institute of Technology and Science (Autonomous), NH 67 Ring Road, Nanjikottai, Thanjavur-613006.",INFORMATION TECHNOLOGY,126.0,92.5,,,,,
3833,"Parisutham Institute of Technology and Science (Autonomous), NH 67 Ring Road, Nanjikottai, Thanjavur-613006.",MECHANICAL ENGINEERING,,,,,,,
3841,"CARE College of Engineering (Autonomous), No.27, Thayanoor village, Kuttapatti, Tiruchirappalli-620009.",Artificial Intelligence and Data Science,161.0,147.5,155.5,135.5,115.0,,
3841,"CARE College of Engineering (Autonomous), No.27, Thayanoor village, Kuttapatti, Tiruchirappalli-620009.",CIVIL ENGINEERING,134.5,117.5,129.5,112.0,113.5,,
3841,"CARE College of Engineering (Autonomous), No.27, Thayanoor village, Kuttapatti, Tiruchirappalli-620009.",COMPUTER SCIENCE AND ENGINEERING,164.5,150.0,151.5,134.5,113.5,,
3841,"CARE College of Engineering (Autonomous), No.27, Thayanoor village, Kuttapatti, Tiruchirappalli-620009.",Bachelor of Design,127.5,,,,,,
3841,"CARE College of Engineering (Autonomous), No.27, Thayanoor village, Kuttapatti, Tiruchirappalli-620009.",ELECTRONICS AND COMMUNICATION ENGINEERING,164.0,149.5,150.0,140.0,115.5,138.0,
3841,"CARE College of Engineering (Autonomous), No.27, Thayanoor village, Kuttapatti, Tiruchirappalli-620009.",MECHANICAL ENGINEERING,139.0,126.5,130.0,109.5,,,
3843,"MRK Institute of Technology, Nattarmangalam Post, Kattumannarkoil, Cuddalore-608301.",Artificial Intelligence and Data Science,153.5,110.5,137.0,140.0,133.0,,123.5
3843,"MRK Institute of Technology, Nattarmangalam Post, Kattumannarkoil, Cuddalore-608301.",COMPUTER SCIENCE AND ENGINEERING (AI AND MACHINE LEARNING),151.5,,159.0,133.0,102.0,,
3843,"MRK Institute of Technology, Nattarmangalam Post, Kattumannarkoil, Cuddalore-608301.",BIO MEDICAL ENGINEERING,139.0,,120.5,113.0,127.0,,
3843,"MRK Institute of Technology, Nattarmangalam Post, Kattumannarkoil, Cuddalore-608301.",CIVIL ENGINEERING,125.0,,,118.0,101.5,,
3843,"MRK Institute of Technology, Nattarmangalam Post, Kattumannarkoil, Cuddalore-608301.",COMPUTER SCIENCE AND ENGINEERING,145.0,,145.0,131.0,110.0,,
3843,"MRK Institute of Technology, Nattarmangalam Post, Kattumannarkoil, Cuddalore-608301.",ELECTRONICS AND COMMUNICATION ENGINEERING,141.0,,121.0,124.5,80.0,,
3843,"MRK Institute of Technology, Nattarmangalam Post, Kattumannarkoil, Cuddalore-608301.",ELECTRICAL AND ELECTRONICS ENGINEERING,144.5,,,120.0,115.5,,
3843,"MRK Institute of Technology, Nattarmangalam Post, Kattumannarkoil, Cuddalore-608301.",INFORMATION TECHNOLOGY,145.0,,130.0,132.0,,,122.5
3843,"MRK Institute of Technology, Nattarmangalam Post, Kattumannarkoil, Cuddalore-608301.",MECHANICAL ENGINEERING,132.0,,,117.5,,,
3844,"Shivani Engineering College, Poolangulathupatti (Post), Srirangam (Taluk), Tiruchirappalli-620009.",Artificial Intelligence and Data Science,121.5,,,,,,
3844,"Shivani Engineering College, Poolangulathupatti (Post), Srirangam (Taluk), Tiruchirappalli-620009.",BIO MEDICAL ENGINEERING,,,,,,,
3844,"Shivani Engineering College, Poolangulathupatti (Post), Srirangam (Taluk), Tiruchirappalli-620009.",COMPUTER SCIENCE AND ENGINEERING,131.0,,,,,,
3844,"Shivani Engineering College, Poolangulathupatti (Post), Srirangam (Taluk), Tiruchirappalli-620009.",ELECTRONICS AND COMMUNICATION ENGINEERING,127.5,,,95.5,,,
3844,"Shivani Engineering College, Poolangulathupatti (Post), Srirangam (Taluk), Tiruchirappalli-620009.",ELECTRICAL AND ELECTRONICS ENGINEERING,99.0,,,,,,
3844,"Shivani Engineering College, Poolangulathupatti (Post), Srirangam (Taluk), Tiruchirappalli-620009.",INFORMATION TECHNOLOGY,108.0,,93.5,,,100.5,
3844,"Shivani Engineering College, Poolangulathupatti (Post), Srirangam (Taluk), Tiruchirappalli-620009.",MECHANICAL ENGINEERING,,,,,,,
3844,"Shivani Engineering College, Poolangulathupatti (Post), Srirangam (Taluk), Tiruchirappalli-620009.",Computer Science and Engineering (Cyber Security),119.5,,,114.0,,,
3845,"Imayam College of Engineering, Kannanur Post, Thuraiyur Taluk, Tiruchirappalli-621206.",Artificial Intelligence and Data Science,129.0,,,,107.5,114.0,
3845,"Imayam College of Engineering, Kannanur Post, Thuraiyur Taluk, Tiruchirappalli-621206.",COMPUTER SCIENCE AND ENGINEERING (AI AND MACHINE LEARNING),108.0,,,,101.0,85.0,
3845,"Imayam College of Engineering, Kannanur Post, Thuraiyur Taluk, Tiruchirappalli-621206.",BIO MEDICAL ENGINEERING,137.5,125.0,,104.0,133.0,,
3845,"Imayam College of Engineering, Kannanur Post, Thuraiyur Taluk, Tiruchirappalli-621206.",COMPUTER SCIENCE AND ENGINEERING,146.0,,,,108.0,101.5,
3845,"Imayam College of Engineering, Kannanur Post, Thuraiyur Taluk, Tiruchirappalli-621206.",ELECTRONICS AND COMMUNICATION ENGINEERING,111.0,,,,103.0,,
3845,"Imayam College of Engineering, Kannanur Post, Thuraiyur Taluk, Tiruchirappalli-621206.",ELECTRICAL AND ELECTRONICS ENGINEERING,124.5,,100.5,,98.0,,
3845,"Imayam College of Engineering, Kannanur Post, Thuraiyur Taluk, Tiruchirappalli-621206.",INFORMATION TECHNOLOGY,125.5,,,,106.0,124.0,
3845,"Imayam College of Engineering, Kannanur Post, Thuraiyur Taluk, Tiruchirappalli-621206.",MECHANICAL ENGINEERING,96.0,,,,,,
3845,"Imayam College of Engineering, Kannanur Post, Thuraiyur Taluk, Tiruchirappalli-621206.",Computer Science and Engineering (Cyber Security),121.5,,103.5,,104.5,,
3846,"Mother Terasa College of Engineering and Technology, Mettusalai, Illuppur (Post & Taluk), Pudukkottai District-622102.",Artificial Intelligence and Data Science,129.0,,,,,121.0,
3846,"Mother Terasa College of Engineering and Technology, Mettusalai, Illuppur (Post & Taluk), Pudukkottai District-622102.",COMPUTER SCIENCE AND BUSSINESS SYSTEM,106.0,,,,,,
3846,"Mother Terasa College of Engineering and Technology, Mettusalai, Illuppur (Post & Taluk), Pudukkottai District-622102.",CIVIL ENGINEERING,,,,,,,
3846,"Mother Terasa College of Engineering and Technology, Mettusalai, Illuppur (Post & Taluk), Pudukkottai District-622102.",COMPUTER SCIENCE AND ENGINEERING,134.5,,115.0,,,,
3846,"Mother Terasa College of Engineering and Technology, Mettusalai, Illuppur (Post & Taluk), Pudukkottai District-622102.",ELECTRONICS AND COMMUNICATION ENGINEERING,122.5,,89.0,,,,
3846,"Mother Terasa College of Engineering and Technology, Mettusalai, Illuppur (Post & Taluk), Pudukkottai District-622102.",ELECTRICAL AND ELECTRONICS ENGINEERING,,,,,,,
3846,"Mother Terasa College of Engineering and Technology, Mettusalai, Illuppur (Post & Taluk), Pudukkottai District-622102.",MECHANICAL ENGINEERING,,,,,,,
3846,"Mother Terasa College of Engineering and Technology, Mettusalai, Illuppur (Post & Taluk), Pudukkottai District-622102.",ROBOTICS AND AUTOMATION,,,,,,,
3848,"Vandayar Engineering College, Pulavarnatham (Post), Mariammankovil (via), Nagai Main Road, Thanjavur-613501.",Artificial Intelligence and Data Science,,,,,,,
3848,"Vandayar Engineering College, Pulavarnatham (Post), Mariammankovil (via), Nagai Main Road, Thanjavur-613501.",CIVIL ENGINEERING,,,,,,,
3848,"Vandayar Engineering College, Pulavarnatham (Post), Mariammankovil (via), Nagai Main Road, Thanjavur-613501.",COMPUTER SCIENCE AND ENGINEERING,123.0,,,,,,
3848,"Vandayar Engineering College, Pulavarnatham (Post), Mariammankovil (via), Nagai Main Road, Thanjavur-613501.",ELECTRONICS AND COMMUNICATION ENGINEERING,,,,,,,
3848,"Vandayar Engineering College, Pulavarnatham (Post), Mariammankovil (via), Nagai Main Road, Thanjavur-613501.",ELECTRICAL AND ELECTRONICS ENGINEERING,,,,,,,
3848,"Vandayar Engineering College, Pulavarnatham (Post), Mariammankovil (via), Nagai Main Road, Thanjavur-613501.",INFORMATION TECHNOLOGY,,,,,,,
3848,"Vandayar Engineering College, Pulavarnatham (Post), Mariammankovil (via), Nagai Main Road, Thanjavur-613501.",MECHANICAL ENGINEERING,,,,,,,
3849,"Annai College of Engineering and Technology, Anakudi Road, Kovilacheri, Kumbakonam, Thanjavur District-612503.",Artificial Intelligence and Data Science,106.0,,,,,,
3849,"Annai College of Engineering and Technology, Anakudi Road, Kovilacheri, Kumbakonam, Thanjavur District-612503.",CIVIL ENGINEERING,,,,,,,
3849,"Annai College of Engineering and Technology, Anakudi Road, Kovilacheri, Kumbakonam, Thanjavur District-612503.",COMPUTER SCIENCE AND ENGINEERING,98.0,,,,,,
3849,"Annai College of Engineering and Technology, Anakudi Road, Kovilacheri, Kumbakonam, Thanjavur District-612503.",ELECTRONICS AND COMMUNICATION ENGINEERING,108.0,,103.0,,,,
3849,"Annai College of Engineering and Technology, Anakudi Road, Kovilacheri, Kumbakonam, Thanjavur District-612503.",ELECTRICAL AND ELECTRONICS ENGINEERING,,,,,,,
3849,"Annai College of Engineering and Technology, Anakudi Road, Kovilacheri, Kumbakonam, Thanjavur District-612503.",INFORMATION TECHNOLOGY,,,,,,,
3849,"Annai College of Engineering and Technology, Anakudi Road, Kovilacheri, Kumbakonam, Thanjavur District-612503.",MECHANICAL ENGINEERING,,,,,,,
3849,"Annai College of Engineering and Technology, Anakudi Road, Kovilacheri, Kumbakonam, Thanjavur District-612503.",Computer Science and Engineering (Cyber Security),,,,,,,
3852,"Sri Bharathi Engineering College for Women, Aranthangi Road, Kaikurichi, Alangudi Taluk, Pudukkottai-622303.",Artificial Intelligence and Data Science,125.5,,100.0,,,,
3852,"Sri Bharathi Engineering College for Women, Aranthangi Road, Kaikurichi, Alangudi Taluk, Pudukkottai-622303.",CIVIL ENGINEERING,,,,,,,
3852,"Sri Bharathi Engineering College for Women, Aranthangi Road, Kaikurichi, Alangudi Taluk, Pudukkottai-622303.",COMPUTER SCIENCE AND ENGINEERING,147.5,,108.5,,,,
3852,"Sri Bharathi Engineering College for Women, Aranthangi Road, Kaikurichi, Alangudi Taluk, Pudukkottai-622303.",ELECTRONICS AND COMMUNICATION ENGINEERING,,,,,,,
3852,"Sri Bharathi Engineering College for Women, Aranthangi Road, Kaikurichi, Alangudi Taluk, Pudukkottai-622303.",ELECTRICAL AND ELECTRONICS ENGINEERING,,,,,,,
3852,"Sri Bharathi Engineering College for Women, Aranthangi Road, Kaikurichi, Alangudi Taluk, Pudukkottai-622303.",INFORMATION TECHNOLOGY,126.5,,95.5,,,,
3854,"Mahath Amma Institute of Engineering and Technology, Ariyur, Mathiyanaloor-Post, Annavasal Road, Illupur Taluk, Pudukkottai-622101.",Artificial Intelligence and Data Science,87.0,,,,,,
3854,"Mahath Amma Institute of Engineering and Technology, Ariyur, Mathiyanaloor-Post, Annavasal Road, Illupur Taluk, Pudukkottai-622101.",AGRICULTURAL ENGINEERING,,,,,,,
3854,"Mahath Amma Institute of Engineering and Technology, Ariyur, Mathiyanaloor-Post, Annavasal Road, Illupur Taluk, Pudukkottai-622101.",CIVIL ENGINEERING,,,,,,,
3854,"Mahath Amma Institute of Engineering and Technology, Ariyur, Mathiyanaloor-Post, Annavasal Road, Illupur Taluk, Pudukkottai-622101.",COMPUTER SCIENCE AND ENGINEERING,,,,,,,
3854,"Mahath Amma Institute of Engineering and Technology, Ariyur, Mathiyanaloor-Post, Annavasal Road, Illupur Taluk, Pudukkottai-622101.",ELECTRICAL AND ELECTRONICS ENGINEERING,,,,,,,
3854,"Mahath Amma Institute of Engineering and Technology, Ariyur, Mathiyanaloor-Post, Annavasal Road, Illupur Taluk, Pudukkottai-622101.",INFORMATION TECHNOLOGY,,,,,,,
3854,"Mahath Amma Institute of Engineering and Technology, Ariyur, Mathiyanaloor-Post, Annavasal Road, Illupur Taluk, Pudukkottai-622101.",MECHANICAL ENGINEERING,,,,,,,
3854,"Mahath Amma Institute of Engineering and Technology, Ariyur, Mathiyanaloor-Post, Annavasal Road, Illupur Taluk, Pudukkottai-622101.",Computer Science and Engineering (Cyber Security),,,,,,,
3855,"As-Salam College of Engineering and Technology, Thirumangalakudi-Aduthurai, Thiruvidaimaruthur, Thanjavur-612102.",Artificial Intelligence and Data Science,,,,,,,
3855,"As-Salam College of Engineering and Technology, Thirumangalakudi-Aduthurai, Thiruvidaimaruthur, Thanjavur-612102.",CIVIL ENGINEERING,,,,,,,
3855,"As-Salam College of Engineering and Technology, Thirumangalakudi-Aduthurai, Thiruvidaimaruthur, Thanjavur-612102.",COMPUTER SCIENCE AND ENGINEERING,,,,,,,
3855,"As-Salam College of Engineering and Technology, Thirumangalakudi-Aduthurai, Thiruvidaimaruthur, Thanjavur-612102.",ELECTRONICS AND COMMUNICATION ENGINEERING,,,,,,,
3855,"As-Salam College of Engineering and Technology, Thirumangalakudi-Aduthurai, Thiruvidaimaruthur, Thanjavur-612102.",ELECTRICAL AND ELECTRONICS ENGINEERING,,,,,,,
3855,"As-Salam College of Engineering and Technology, Thirumangalakudi-Aduthurai, Thiruvidaimaruthur, Thanjavur-612102.",INFORMATION TECHNOLOGY,,,,,,,
3855,"As-Salam College of Engineering and Technology, Thirumangalakudi-Aduthurai, Thiruvidaimaruthur, Thanjavur-612102.",MECHANICAL ENGINEERING,,,,,,,
3855,"As-Salam College of Engineering and Technology, Thirumangalakudi-Aduthurai, Thiruvidaimaruthur, Thanjavur-612102.",Computer Science and Engineering (Cyber Security),,,,,,,
3857,"Meenakshi Ramaswamy Engineering College, M.R.Kalvi Nagar, Thathanur Post, Udayarpalayam Taluk, Ariyalur District-621804.",AGRICULTURAL ENGINEERING,,,,,,,
3857,"Meenakshi Ramaswamy Engineering College, M.R.Kalvi Nagar, Thathanur Post, Udayarpalayam Taluk, Ariyalur District-621804.",COMPUTER SCIENCE AND ENGINEERING (AI AND MACHINE LEARNING),,,,,,,
3857,"Meenakshi Ramaswamy Engineering College, M.R.Kalvi Nagar, Thathanur Post, Udayarpalayam Taluk, Ariyalur District-621804.",BIO MEDICAL ENGINEERING,,,,,,,
3857,"Meenakshi Ramaswamy Engineering College, M.R.Kalvi Nagar, Thathanur Post, Udayarpalayam Taluk, Ariyalur District-621804.",CIVIL ENGINEERING,,,,,,,
3857,"Meenakshi Ramaswamy Engineering College, M.R.Kalvi Nagar, Thathanur Post, Udayarpalayam Taluk, Ariyalur District-621804.",COMPUTER SCIENCE AND ENGINEERING,114.5,,,,,,
3857,"Meenakshi Ramaswamy Engineering College, M.R.Kalvi Nagar, Thathanur Post, Udayarpalayam Taluk, Ariyalur District-621804.",ELECTRONICS AND COMMUNICATION ENGINEERING,,,,,,,
3857,"Meenakshi Ramaswamy Engineering College, M.R.Kalvi Nagar, Thathanur Post, Udayarpalayam Taluk, Ariyalur District-621804.",ELECTRICAL AND ELECTRONICS ENGINEERING,,,,,,,
3857,"Meenakshi Ramaswamy Engineering College, M.R.Kalvi Nagar, Thathanur Post, Udayarpalayam Taluk, Ariyalur District-621804.",MECHANICAL ENGINEERING,,,,,,,
3860,"St.Anne's College of Engineering and Technology, Anguchettypalayam, Siruvathur Post, Panruti Taluk, Cuddalore District-607110.",COMPUTER SCIENCE AND ENGINEERING (AI AND MACHINE LEARNING),127.5,,,,,,115.0
3860,"St.Anne's College of Engineering and Technology, Anguchettypalayam, Siruvathur Post, Panruti Taluk, Cuddalore District-607110.",COMPUTER SCIENCE AND ENGINEERING,126.0,,,,,,
3860,"St.Anne's College of Engineering and Technology, Anguchettypalayam, Siruvathur Post, Panruti Taluk, Cuddalore District-607110.",ELECTRONICS AND COMMUNICATION ENGINEERING,,,,,,,
3860,"St.Anne's College of Engineering and Technology, Anguchettypalayam, Siruvathur Post, Panruti Taluk, Cuddalore District-607110.",ELECTRICAL AND ELECTRONICS ENGINEERING,100.0,,,,,,
3860,"St.Anne's College of Engineering and Technology, Anguchettypalayam, Siruvathur Post, Panruti Taluk, Cuddalore District-607110.",MECHANICAL ENGINEERING,,,,,,,
3905,"Kings College of Engineering (Autonomous), Punalkulam Village, Gandarvakkottai Taluk, Pudukkottai District-613303.",Artificial Intelligence and Data Science,143.5,136.0,136.0,116.0,,,
3905,"Kings College of Engineering (Autonomous), Punalkulam Village, Gandarvakkottai Taluk, Pudukkottai District-613303.",CIVIL ENGINEERING,124.5,,,,,,
3905,"Kings College of Engineering (Autonomous), Punalkulam Village, Gandarvakkottai Taluk, Pudukkottai District-613303.",COMPUTER SCIENCE AND ENGINEERING,158.0,144.5,148.0,,114.5,,
3905,"Kings College of Engineering (Autonomous), Punalkulam Village, Gandarvakkottai Taluk, Pudukkottai District-613303.",ELECTRONICS AND COMMUNICATION ENGINEERING,134.5,110.0,,,,,
3905,"Kings College of Engineering (Autonomous), Punalkulam Village, Gandarvakkottai Taluk, Pudukkottai District-613303.",ELECTRICAL AND ELECTRONICS ENGINEERING,,,,,,,
3905,"Kings College of Engineering (Autonomous), Punalkulam Village, Gandarvakkottai Taluk, Pudukkottai District-613303.",INFORMATION TECHNOLOGY,147.5,134.0,144.0,117.5,,,
3905,"Kings College of Engineering (Autonomous), Punalkulam Village, Gandarvakkottai Taluk, Pudukkottai District-613303.",MECHANICAL ENGINEERING,106.0,,,,,,
3908,"Mount Zion College of Engineering and Technology, Lena vilakku, Pilivalam Post, Pudukkottai-622507.",Artificial Intelligence and Data Science,158.5,137.0,159.0,125.0,102.5,116.0,
3908,"Mount Zion College of Engineering and Technology, Lena vilakku, Pilivalam Post, Pudukkottai-622507.",CIVIL ENGINEERING,125.5,,,88.0,,,
3908,"Mount Zion College of Engineering and Technology, Lena vilakku, Pilivalam Post, Pudukkottai-622507.",COMPUTER SCIENCE AND ENGINEERING,160.0,149.0,151.0,145.0,99.5,,
3908,"Mount Zion College of Engineering and Technology, Lena vilakku, Pilivalam Post, Pudukkottai-622507.",ELECTRONICS AND COMMUNICATION ENGINEERING,145.5,134.0,143.5,,,,
3908,"Mount Zion College of Engineering and Technology, Lena vilakku, Pilivalam Post, Pudukkottai-622507.",ELECTRICAL AND ELECTRONICS ENGINEERING,85.0,,,,,,
3908,"Mount Zion College of Engineering and Technology, Lena vilakku, Pilivalam Post, Pudukkottai-622507.",INFORMATION TECHNOLOGY,153.5,146.5,147.5,,117.0,,
3908,"Mount Zion College of Engineering and Technology, Lena vilakku, Pilivalam Post, Pudukkottai-622507.",MECHANICAL ENGINEERING,118.5,,116.5,,,,
3918,"Shanmuganathan Engineering College, Arasampatti, Pilivalam Post, Thirumayam Taluk, Pudukkottai District-622507.",Artificial Intelligence and Data Science,139.0,,,116.0,120.5,,
3918,"Shanmuganathan Engineering College, Arasampatti, Pilivalam Post, Thirumayam Taluk, Pudukkottai District-622507.",COMPUTER SCIENCE AND ENGINEERING (AI AND MACHINE LEARNING),126.5,,126.5,,86.5,,
3918,"Shanmuganathan Engineering College, Arasampatti, Pilivalam Post, Thirumayam Taluk, Pudukkottai District-622507.",CIVIL ENGINEERING,99.0,,,,,,
3918,"Shanmuganathan Engineering College, Arasampatti, Pilivalam Post, Thirumayam Taluk, Pudukkottai District-622507.",COMPUTER SCIENCE AND ENGINEERING,146.0,,131.5,,,,
3918,"Shanmuganathan Engineering College, Arasampatti, Pilivalam Post, Thirumayam Taluk, Pudukkottai District-622507.",ELECTRONICS AND COMMUNICATION ENGINEERING,131.5,,123.5,,,123.0,
3918,"Shanmuganathan Engineering College, Arasampatti, Pilivalam Post, Thirumayam Taluk, Pudukkottai District-622507.",ELECTRICAL AND ELECTRONICS ENGINEERING,94.5,,,,,,
3918,"Shanmuganathan Engineering College, Arasampatti, Pilivalam Post, Thirumayam Taluk, Pudukkottai District-622507.",INFORMATION TECHNOLOGY,148.5,,,106.0,99.0,,
3918,"Shanmuganathan Engineering College, Arasampatti, Pilivalam Post, Thirumayam Taluk, Pudukkottai District-622507.",MECHANICAL ENGINEERING,94.0,,,,,,
3918,"Shanmuganathan Engineering College, Arasampatti, Pilivalam Post, Thirumayam Taluk, Pudukkottai District-622507.",Computer Science and Engineering (Cyber Security),129.5,104.5,,,,,
3920,"Sudharsan Engineering College, Sathiyamangalam, Kulathur Taluk, Pudukkottai District-622501.",Artificial Intelligence and Data Science,117.0,,,,,,
3920,"Sudharsan Engineering College, Sathiyamangalam, Kulathur Taluk, Pudukkottai District-622501.",COMPUTER SCIENCE AND ENGINEERING (AI AND MACHINE LEARNING),,,,,,,
3920,"Sudharsan Engineering College, Sathiyamangalam, Kulathur Taluk, Pudukkottai District-622501.",CIVIL ENGINEERING,103.0,,,,,,
3920,"Sudharsan Engineering College, Sathiyamangalam, Kulathur Taluk, Pudukkottai District-622501.",COMPUTER SCIENCE AND ENGINEERING,132.5,,97.5,,,,
3920,"Sudharsan Engineering College, Sathiyamangalam, Kulathur Taluk, Pudukkottai District-622501.",ELECTRONICS AND COMMUNICATION ENGINEERING,130.5,,,,,,
3920,"Sudharsan Engineering College, Sathiyamangalam, Kulathur Taluk, Pudukkottai District-622501.",ELECTRICAL AND ELECTRONICS ENGINEERING,,,,,,,
3920,"Sudharsan Engineering College, Sathiyamangalam, Kulathur Taluk, Pudukkottai District-622501.",INFORMATION TECHNOLOGY,124.5,,,,,,
3920,"Sudharsan Engineering College, Sathiyamangalam, Kulathur Taluk, Pudukkottai District-622501.",MECHANICAL ENGINEERING,,,,,,,
3920,"Sudharsan Engineering College, Sathiyamangalam, Kulathur Taluk, Pudukkottai District-622501.",Computer Science and Engineering (Cyber Security),,,,,,,
3923,"MNSK College of Engineering, Dhakshinapuram Village, Vallathirakottai (Post), Alangudi Taluk, Pudukkottai-622305.",Artificial Intelligence and Data Science,,,,,,,
3923,"MNSK College of Engineering, Dhakshinapuram Village, Vallathirakottai (Post), Alangudi Taluk, Pudukkottai-622305.",COMPUTER SCIENCE AND ENGINEERING,,,,,,,
3923,"MNSK College of Engineering, Dhakshinapuram Village, Vallathirakottai (Post), Alangudi Taluk, Pudukkottai-622305.",ELECTRONICS AND COMMUNICATION ENGINEERING,,,,,,,
3923,"MNSK College of Engineering, Dhakshinapuram Village, Vallathirakottai (Post), Alangudi Taluk, Pudukkottai-622305.",MECHANICAL ENGINEERING,,,,,,,
3926,"Chendhuran College of Engineering and Technology, Madurai Main Road, Lena Vilakku, Pilivalam Post, Thirumayam Taluk, Pudukkottai District-622507.",Artificial Intelligence and Data Science,108.5,,102.5,,,,
3926,"Chendhuran College of Engineering and Technology, Madurai Main Road, Lena Vilakku, Pilivalam Post, Thirumayam Taluk, Pudukkottai District-622507.",CIVIL ENGINEERING,116.0,,90.0,,,,
3926,"Chendhuran College of Engineering and Technology, Madurai Main Road, Lena Vilakku, Pilivalam Post, Thirumayam Taluk, Pudukkottai District-622507.",COMPUTER SCIENCE AND ENGINEERING,118.0,,103.0,,,,
3926,"Chendhuran College of Engineering and Technology, Madurai Main Road, Lena Vilakku, Pilivalam Post, Thirumayam Taluk, Pudukkottai District-622507.",ELECTRONICS AND COMMUNICATION ENGINEERING,80.5,,,,,,
3926,"Chendhuran College of Engineering and Technology, Madurai Main Road, Lena Vilakku, Pilivalam Post, Thirumayam Taluk, Pudukkottai District-622507.",ELECTRICAL AND ELECTRONICS ENGINEERING,,,,,,,
3926,"Chendhuran College of Engineering and Technology, Madurai Main Road, Lena Vilakku, Pilivalam Post, Thirumayam Taluk, Pudukkottai District-622507.",INFORMATION TECHNOLOGY,102.0,,,,,,
3926,"Chendhuran College of Engineering and Technology, Madurai Main Road, Lena Vilakku, Pilivalam Post, Thirumayam Taluk, Pudukkottai District-622507.",MECHANICAL ENGINEERING,100.5,,,,,,
4669,"Thamirabharani Engineering College (Autonomous), Ward - 1, Thatchanallur, Chattiram Puthukullam Village, Vepakullam - Chidhabra Nagar Road, Tirunelveli-627358.",Artificial Intelligence and Data Science,116.5,,,,,,
4669,"Thamirabharani Engineering College (Autonomous), Ward - 1, Thatchanallur, Chattiram Puthukullam Village, Vepakullam - Chidhabra Nagar Road, Tirunelveli-627358.",CIVIL ENGINEERING,,,,,,,
4669,"Thamirabharani Engineering College (Autonomous), Ward - 1, Thatchanallur, Chattiram Puthukullam Village, Vepakullam - Chidhabra Nagar Road, Tirunelveli-627358.",COMPUTER SCIENCE AND ENGINEERING,128.5,109.5,,,,,
4669,"Thamirabharani Engineering College (Autonomous), Ward - 1, Thatchanallur, Chattiram Puthukullam Village, Vepakullam - Chidhabra Nagar Road, Tirunelveli-627358.",ELECTRONICS AND COMMUNICATION ENGINEERING,119.5,,,,,,
4669,"Thamirabharani Engineering College (Autonomous), Ward - 1, Thatchanallur, Chattiram Puthukullam Village, Vepakullam - Chidhabra Nagar Road, Tirunelveli-627358.",ELECTRICAL AND ELECTRONICS ENGINEERING,,,,,,,
4669,"Thamirabharani Engineering College (Autonomous), Ward - 1, Thatchanallur, Chattiram Puthukullam Village, Vepakullam - Chidhabra Nagar Road, Tirunelveli-627358.",INFORMATION TECHNOLOGY,,,,,,,
4669,"Thamirabharani Engineering College (Autonomous), Ward - 1, Thatchanallur, Chattiram Puthukullam Village, Vepakullam - Chidhabra Nagar Road, Tirunelveli-627358.",MECHANICAL ENGINEERING,,,,,,,
4669,"Thamirabharani Engineering College (Autonomous), Ward - 1, Thatchanallur, Chattiram Puthukullam Village, Vepakullam - Chidhabra Nagar Road, Tirunelveli-627358.",Computer Science and Engineering (Cyber Security),102.0,,,,,,
4670,"Rohini College of Engineering and Technology (Autonomous), Palkumlam, Variyoor Post, Kanyakumari-629401.",Artificial Intelligence and Data Science,159.0,147.5,144.0,,,,
4670,"Rohini College of Engineering and Technology (Autonomous), Palkumlam, Variyoor Post, Kanyakumari-629401.",AGRICULTURAL ENGINEERING,128.5,105.5,,,,,
4670,"Rohini College of Engineering and Technology (Autonomous), Palkumlam, Variyoor Post, Kanyakumari-629401.",COMPUTER SCIENCE AND ENGINEERING (AI AND MACHINE LEARNING),158.0,150.5,,,,,
4670,"Rohini College of Engineering and Technology (Autonomous), Palkumlam, Variyoor Post, Kanyakumari-629401.",BIO MEDICAL ENGINEERING,144.5,136.5,135.5,,,,
4670,"Rohini College of Engineering and Technology (Autonomous), Palkumlam, Variyoor Post, Kanyakumari-629401.",CIVIL ENGINEERING,138.5,125.0,105.5,,,,
4670,"Rohini College of Engineering and Technology (Autonomous), Palkumlam, Variyoor Post, Kanyakumari-629401.",COMPUTER SCIENCE AND ENGINEERING,164.5,151.0,159.5,122.0,,,
4670,"Rohini College of Engineering and Technology (Autonomous), Palkumlam, Variyoor Post, Kanyakumari-629401.",ELECTRONICS AND COMMUNICATION ENGINEERING,164.5,156.5,164.5,,,,
4670,"Rohini College of Engineering and Technology (Autonomous), Palkumlam, Variyoor Post, Kanyakumari-629401.",ELECTRICAL AND ELECTRONICS ENGINEERING,148.5,143.5,146.0,,,,
4670,"Rohini College of Engineering and Technology (Autonomous), Palkumlam, Variyoor Post, Kanyakumari-629401.",MECHANICAL ENGINEERING,141.5,131.5,125.0,,,,
4672,"Stella Mary's College of Engineering (Autonomous), Arunthenkanvilai, Azhikal, Kanyakumari-629202.",Artificial Intelligence and Data Science,136.0,125.5,,,,,
4672,"Stella Mary's College of Engineering (Autonomous), Arunthenkanvilai, Azhikal, Kanyakumari-629202.",CIVIL ENGINEERING,107.0,,,,,,
4672,"Stella Mary's College of Engineering (Autonomous), Arunthenkanvilai, Azhikal, Kanyakumari-629202.",COMPUTER SCIENCE AND ENGINEERING,146.5,129.0,110.0,,,,
4672,"Stella Mary's College of Engineering (Autonomous), Arunthenkanvilai, Azhikal, Kanyakumari-629202.",ELECTRONICS AND COMMUNICATION ENGINEERING,141.0,125.0,,98.5,,,
4672,"Stella Mary's College of Engineering (Autonomous), Arunthenkanvilai, Azhikal, Kanyakumari-629202.",ELECTRICAL AND ELECTRONICS ENGINEERING,122.5,100.5,94.0,,,,
4672,"Stella Mary's College of Engineering (Autonomous), Arunthenkanvilai, Azhikal, Kanyakumari-629202.",MECHANICAL ENGINEERING,127.0,106.5,110.5,,,,
4675,"Universal College of Engineering and Technology, Anbagam Campus, Kadambankulam, Villakku, Radhapuram Road, Vallioor, Tirunelveli-627117.",Artificial Intelligence and Data Science,136.5,,131.0,,,,
4675,"Universal College of Engineering and Technology, Anbagam Campus, Kadambankulam, Villakku, Radhapuram Road, Vallioor, Tirunelveli-627117.",COMPUTER SCIENCE AND BUSSINESS SYSTEM,,,,,,,
4675,"Universal College of Engineering and Technology, Anbagam Campus, Kadambankulam, Villakku, Radhapuram Road, Vallioor, Tirunelveli-627117.",CIVIL ENGINEERING,,,,,,,
4675,"Universal College of Engineering and Technology, Anbagam Campus, Kadambankulam, Villakku, Radhapuram Road, Vallioor, Tirunelveli-627117.",COMPUTER SCIENCE AND ENGINEERING,123.0,,,,,,
4675,"Universal College of Engineering and Technology, Anbagam Campus, Kadambankulam, Villakku, Radhapuram Road, Vallioor, Tirunelveli-627117.",ELECTRONICS AND COMMUNICATION ENGINEERING,,,,,,,
4675,"Universal College of Engineering and Technology, Anbagam Campus, Kadambankulam, Villakku, Radhapuram Road, Vallioor, Tirunelveli-627117.",ELECTRICAL AND ELECTRONICS ENGINEERING,,,,,,,
4675,"Universal College of Engineering and Technology, Anbagam Campus, Kadambankulam, Villakku, Radhapuram Road, Vallioor, Tirunelveli-627117.",MECHANICAL ENGINEERING,,,,,,,
4676,"Renganayagi Varatharaj College of Engineering, Salvarpatti Village & Post, Thayilpatti Via, Sivakasi Taluk, Virudhunagar-626128.",Artificial Intelligence and Data Science,153.5,,146.5,101.0,114.5,,
4676,"Renganayagi Varatharaj College of Engineering, Salvarpatti Village & Post, Thayilpatti Via, Sivakasi Taluk, Virudhunagar-626128.",COMPUTER SCIENCE AND ENGINEERING,145.5,,,93.0,,116.5,
4676,"Renganayagi Varatharaj College of Engineering, Salvarpatti Village & Post, Thayilpatti Via, Sivakasi Taluk, Virudhunagar-626128.",ELECTRONICS AND COMMUNICATION ENGINEERING,144.0,,,,,,
4676,"Renganayagi Varatharaj College of Engineering, Salvarpatti Village & Post, Thayilpatti Via, Sivakasi Taluk, Virudhunagar-626128.",ELECTRICAL AND ELECTRONICS ENGINEERING,121.5,,,,,,
4676,"Renganayagi Varatharaj College of Engineering, Salvarpatti Village & Post, Thayilpatti Via, Sivakasi Taluk, Virudhunagar-626128.",MECHANICAL ENGINEERING,124.0,,93.5,,,,
4677,"Arunachala Hitech Engineering College (formerly Lourdes Mount College of Engineering and Technology), Marthandam-Karungal Road, Chundavilai Mullanganavilai, Nattalam Post, Nattalam, Kanyakumari -629195.",Artificial Intelligence and Data Science,115.0,,,,,,
4677,"Arunachala Hitech Engineering College (formerly Lourdes Mount College of Engineering and Technology), Marthandam-Karungal Road, Chundavilai Mullanganavilai, Nattalam Post, Nattalam, Kanyakumari -629195.",COMPUTER SCIENCE AND ENGINEERING,139.5,119.0,,,,,
4677,"Arunachala Hitech Engineering College (formerly Lourdes Mount College of Engineering and Technology), Marthandam-Karungal Road, Chundavilai Mullanganavilai, Nattalam Post, Nattalam, Kanyakumari -629195.",ELECTRONICS AND COMMUNICATION ENGINEERING,137.0,116.5,,,,,
4677,"Arunachala Hitech Engineering College (formerly Lourdes Mount College of Engineering and Technology), Marthandam-Karungal Road, Chundavilai Mullanganavilai, Nattalam Post, Nattalam, Kanyakumari -629195.",ELECTRICAL AND ELECTRONICS ENGINEERING,108.0,,,,,,
4677,"Arunachala Hitech Engineering College (formerly Lourdes Mount College of Engineering and Technology), Marthandam-Karungal Road, Chundavilai Mullanganavilai, Nattalam Post, Nattalam, Kanyakumari -629195.",INFORMATION TECHNOLOGY,112.0,,,,,,
4678,"RAMCO Institute of Technology, North Venganallur Village, Krishnapuram Panchayat, Rajapalayam, Virudhunagar-626117.",Artificial Intelligence and Data Science,167.0,151.0,121.0,152.0,,,
4678,"RAMCO Institute of Technology, North Venganallur Village, Krishnapuram Panchayat, Rajapalayam, Virudhunagar-626117.",COMPUTER SCIENCE AND ENGINEERING (AI AND MACHINE LEARNING),160.0,151.0,158.5,148.0,,,
4678,"RAMCO Institute of Technology, North Venganallur Village, Krishnapuram Panchayat, Rajapalayam, Virudhunagar-626117.",COMPUTER SCIENCE AND BUSSINESS SYSTEM,157.0,147.0,141.0,143.5,,,
4678,"RAMCO Institute of Technology, North Venganallur Village, Krishnapuram Panchayat, Rajapalayam, Virudhunagar-626117.",CIVIL ENGINEERING,153.0,134.5,100.5,132.0,117.5,,
4678,"RAMCO Institute of Technology, North Venganallur Village, Krishnapuram Panchayat, Rajapalayam, Virudhunagar-626117.",COMPUTER SCIENCE AND ENGINEERING,171.5,160.0,160.5,154.0,,,
4678,"RAMCO Institute of Technology, North Venganallur Village, Krishnapuram Panchayat, Rajapalayam, Virudhunagar-626117.",ELECTRONICS AND COMMUNICATION ENGINEERING,169.0,156.5,153.5,154.0,,112.0,
4678,"RAMCO Institute of Technology, North Venganallur Village, Krishnapuram Panchayat, Rajapalayam, Virudhunagar-626117.",ELECTRICAL AND ELECTRONICS ENGINEERING,156.5,145.5,151.5,143.5,,,
4678,"RAMCO Institute of Technology, North Venganallur Village, Krishnapuram Panchayat, Rajapalayam, Virudhunagar-626117.",INFORMATION TECHNOLOGY,165.5,155.0,153.5,157.0,,,
4678,"RAMCO Institute of Technology, North Venganallur Village, Krishnapuram Panchayat, Rajapalayam, Virudhunagar-626117.",MECHANICAL ENGINEERING,151.5,145.5,117.5,135.5,,,
4680,"AAA College of Engineering and Technology, Amathur Village, Sivakasi, Virudhunagar-626123.",Artificial Intelligence and Data Science,159.5,143.5,143.0,140.5,,,
4680,"AAA College of Engineering and Technology, Amathur Village, Sivakasi, Virudhunagar-626123.",CIVIL ENGINEERING,132.5,112.5,,108.5,,,
4680,"AAA College of Engineering and Technology, Amathur Village, Sivakasi, Virudhunagar-626123.",COMPUTER SCIENCE AND ENGINEERING,158.5,144.0,124.5,136.0,,,
4680,"AAA College of Engineering and Technology, Amathur Village, Sivakasi, Virudhunagar-626123.",ELECTRONICS AND COMMUNICATION ENGINEERING,164.5,144.0,149.0,143.5,,143.0,
4680,"AAA College of Engineering and Technology, Amathur Village, Sivakasi, Virudhunagar-626123.",ELECTRICAL AND ELECTRONICS ENGINEERING,141.5,138.5,,115.5,,,
4680,"AAA College of Engineering and Technology, Amathur Village, Sivakasi, Virudhunagar-626123.",INFORMATION TECHNOLOGY,155.5,141.0,147.5,135.5,,,
4680,"AAA College of Engineering and Technology, Amathur Village, Sivakasi, Virudhunagar-626123.",MECHANICAL ENGINEERING,130.5,114.5,,117.5,,,
4680,"AAA College of Engineering and Technology, Amathur Village, Sivakasi, Virudhunagar-626123.",Computer Science and Engineering (Cyber Security),158.0,147.5,142.5,139.5,,,
4686,"Good Shepherd College of Engineering and Technology, Maruthamparai, Kaliyal Village, Kaliyal, Kanyakumari-629151.",Artificial Intelligence and Data Science,114.0,,,,,,
4686,"Good Shepherd College of Engineering and Technology, Maruthamparai, Kaliyal Village, Kaliyal, Kanyakumari-629151.",CIVIL ENGINEERING,,,,,,,
4686,"Good Shepherd College of Engineering and Technology, Maruthamparai, Kaliyal Village, Kaliyal, Kanyakumari-629151.",COMPUTER SCIENCE AND ENGINEERING,104.5,,,,,,
4686,"Good Shepherd College of Engineering and Technology, Maruthamparai, Kaliyal Village, Kaliyal, Kanyakumari-629151.",ELECTRONICS AND COMMUNICATION ENGINEERING,,,,,,,
4686,"Good Shepherd College of Engineering and Technology, Maruthamparai, Kaliyal Village, Kaliyal, Kanyakumari-629151.",INFORMATION TECHNOLOGY,,,,,,,
4686,"Good Shepherd College of Engineering and Technology, Maruthamparai, Kaliyal Village, Kaliyal, Kanyakumari-629151.",MECHANICAL ENGINEERING,,,,,,,
4864,"V V College of Engineering, V.V. Nagar, Arasur Village, Idaichivilai Post, Sathankulam Taluk, Tuticorin District, Tirunelveli-628656.",Artificial Intelligence and Data Science,140.0,124.5,,,,,
4864,"V V College of Engineering, V.V. Nagar, Arasur Village, Idaichivilai Post, Sathankulam Taluk, Tuticorin District, Tirunelveli-628656.",CIVIL ENGINEERING,95.5,,,,,,
4864,"V V College of Engineering, V.V. Nagar, Arasur Village, Idaichivilai Post, Sathankulam Taluk, Tuticorin District, Tirunelveli-628656.",COMPUTER SCIENCE AND ENGINEERING,155.5,125.5,,,,,
4864,"V V College of Engineering, V.V. Nagar, Arasur Village, Idaichivilai Post, Sathankulam Taluk, Tuticorin District, Tirunelveli-628656.",ELECTRONICS AND COMMUNICATION ENGINEERING,143.0,120.5,,,,,
4864,"V V College of Engineering, V.V. Nagar, Arasur Village, Idaichivilai Post, Sathankulam Taluk, Tuticorin District, Tirunelveli-628656.",ELECTRICAL AND ELECTRONICS ENGINEERING,116.5,103.5,,,,,
4864,"V V College of Engineering, V.V. Nagar, Arasur Village, Idaichivilai Post, Sathankulam Taluk, Tuticorin District, Tirunelveli-628656.",MECHANICAL ENGINEERING,,,,,,,
4917,"Sethu Institute of Technology (Autonomous), Pulloor, Kariapatti, Virudhunagar-626115.",Artificial Intelligence and Data Science,158.5,150.0,155.5,133.5,,,
4917,"Sethu Institute of Technology (Autonomous), Pulloor, Kariapatti, Virudhunagar-626115.",AGRICULTURAL ENGINEERING,141.0,122.0,138.5,107.0,,,
4917,"Sethu Institute of Technology (Autonomous), Pulloor, Kariapatti, Virudhunagar-626115.",COMPUTER SCIENCE AND ENGINEERING (AI AND MACHINE LEARNING),155.0,144.5,148.0,132.0,,,
4917,"Sethu Institute of Technology (Autonomous), Pulloor, Kariapatti, Virudhunagar-626115.",BIO MEDICAL ENGINEERING,149.0,135.5,,115.0,,,
4917,"Sethu Institute of Technology (Autonomous), Pulloor, Kariapatti, Virudhunagar-626115.",BIO TECHNOLOGY,143.5,137.0,140.5,115.5,,,
4917,"Sethu Institute of Technology (Autonomous), Pulloor, Kariapatti, Virudhunagar-626115.",COMPUTER SCIENCE AND BUSSINESS SYSTEM,148.0,140.5,,126.0,,,
4917,"Sethu Institute of Technology (Autonomous), Pulloor, Kariapatti, Virudhunagar-626115.",COMPUTER SCIENCE AND DESIGN,147.0,141.0,164.0,124.5,,,
4917,"Sethu Institute of Technology (Autonomous), Pulloor, Kariapatti, Virudhunagar-626115.",CIVIL ENGINEERING,145.5,134.0,145.0,125.5,,,
4917,"Sethu Institute of Technology (Autonomous), Pulloor, Kariapatti, Virudhunagar-626115.",Computer Science and Engineering (Internet of Things),144.5,140.5,143.5,129.5,,,
4917,"Sethu Institute of Technology (Autonomous), Pulloor, Kariapatti, Virudhunagar-626115.",COMPUTER SCIENCE AND ENGINEERING,164.0,150.5,159.5,143.5,,,
4917,"Sethu Institute of Technology (Autonomous), Pulloor, Kariapatti, Virudhunagar-626115.",ELECTRONICS AND COMMUNICATION ENGINEERING,157.5,146.0,150.0,132.0,,,
4917,"Sethu Institute of Technology (Autonomous), Pulloor, Kariapatti, Virudhunagar-626115.",ELECTRICAL AND ELECTRONICS ENGINEERING,143.5,137.5,137.0,115.5,,,
4917,"Sethu Institute of Technology (Autonomous), Pulloor, Kariapatti, Virudhunagar-626115.",INFORMATION TECHNOLOGY,158.0,150.0,158.0,137.5,,,
4917,"Sethu Institute of Technology (Autonomous), Pulloor, Kariapatti, Virudhunagar-626115.",MECHANICAL ENGINEERING,140.5,125.5,135.0,123.0,,,
4917,"Sethu Institute of Technology (Autonomous), Pulloor, Kariapatti, Virudhunagar-626115.",Computer Science and Engineering (Cyber Security),157.0,145.5,152.0,141.5,,,
4925,"Sun College of Engineering and Technology, Udaya Nagar, Ammandivilai & Post, Kadiyapattanam, Kanyakumari-629204.",Artificial Intelligence and Data Science,,,,,,,
4925,"Sun College of Engineering and Technology, Udaya Nagar, Ammandivilai & Post, Kadiyapattanam, Kanyakumari-629204.",AUTOMOBILE ENGINEERING,,,,,,,
4925,"Sun College of Engineering and Technology, Udaya Nagar, Ammandivilai & Post, Kadiyapattanam, Kanyakumari-629204.",CHEMICAL ENGINEERING,,,,,,,
4925,"Sun College of Engineering and Technology, Udaya Nagar, Ammandivilai & Post, Kadiyapattanam, Kanyakumari-629204.",COMPUTER SCIENCE AND ENGINEERING,,,,,,,
4925,"Sun College of Engineering and Technology, Udaya Nagar, Ammandivilai & Post, Kadiyapattanam, Kanyakumari-629204.",INFORMATION TECHNOLOGY,,,,,,,
4925,"Sun College of Engineering and Technology, Udaya Nagar, Ammandivilai & Post, Kadiyapattanam, Kanyakumari-629204.",MEDICAL ELECTRONICS ENGINEERING,,,,,,,
4925,"Sun College of Engineering and Technology, Udaya Nagar, Ammandivilai & Post, Kadiyapattanam, Kanyakumari-629204.",PETRO CHEMICAL TECHNOLOGY,,,,,,,
4927,"Maria College of Engineering and Technology, Attoor Puliyamoodu Junction, Thiruvattar P.O, Attoor, Kanyakumari-629177.",Artificial Intelligence and Data Science,,,,,,,
4927,"Maria College of Engineering and Technology, Attoor Puliyamoodu Junction, Thiruvattar P.O, Attoor, Kanyakumari-629177.",COMPUTER SCIENCE AND ENGINEERING (AI AND MACHINE LEARNING),,,,,,,
4927,"Maria College of Engineering and Technology, Attoor Puliyamoodu Junction, Thiruvattar P.O, Attoor, Kanyakumari-629177.",AUTOMOBILE ENGINEERING,,,,,,,
4927,"Maria College of Engineering and Technology, Attoor Puliyamoodu Junction, Thiruvattar P.O, Attoor, Kanyakumari-629177.",CIVIL ENGINEERING,,,,,,,
4927,"Maria College of Engineering and Technology, Attoor Puliyamoodu Junction, Thiruvattar P.O, Attoor, Kanyakumari-629177.",COMPUTER SCIENCE AND ENGINEERING,,,,,,,
4927,"Maria College of Engineering and Technology, Attoor Puliyamoodu Junction, Thiruvattar P.O, Attoor, Kanyakumari-629177.",ELECTRONICS AND COMMUNICATION ENGINEERING,,,,,,,
4927,"Maria College of Engineering and Technology, Attoor Puliyamoodu Junction, Thiruvattar P.O, Attoor, Kanyakumari-629177.",ELECTRICAL AND ELECTRONICS ENGINEERING,,,,,,,
4927,"Maria College of Engineering and Technology, Attoor Puliyamoodu Junction, Thiruvattar P.O, Attoor, Kanyakumari-629177.",INFORMATION TECHNOLOGY,,,,,,,
4927,"Maria College of Engineering and Technology, Attoor Puliyamoodu Junction, Thiruvattar P.O, Attoor, Kanyakumari-629177.",MECHANICAL ENGINEERING,,,,,,,
4928,"Mar Ephraem College of Engineering and Technology, Malankara Hills, Elavuvillai, Kanyakumari-629171.",Artificial Intelligence and Data Science,140.0,126.5,,,,,
4928,"Mar Ephraem College of Engineering and Technology, Malankara Hills, Elavuvillai, Kanyakumari-629171.",CIVIL ENGINEERING,,,,,,,
4928,"Mar Ephraem College of Engineering and Technology, Malankara Hills, Elavuvillai, Kanyakumari-629171.",COMPUTER SCIENCE AND ENGINEERING,144.0,131.5,,,,,
4928,"Mar Ephraem College of Engineering and Technology, Malankara Hills, Elavuvillai, Kanyakumari-629171.",ELECTRONICS AND COMMUNICATION ENGINEERING,142.0,123.5,,,,,
4928,"Mar Ephraem College of Engineering and Technology, Malankara Hills, Elavuvillai, Kanyakumari-629171.",ELECTRICAL AND ELECTRONICS ENGINEERING,120.5,100.0,,,,,
4928,"Mar Ephraem College of Engineering and Technology, Malankara Hills, Elavuvillai, Kanyakumari-629171.",MECHANICAL ENGINEERING,125.5,116.0,,,,,
4929,"M.E.T. Engineering College, No.13/142A9/9,Mogals Garden, Chenbagaramanputhur, Thovalai Taluk, Kanyakumari district, Nagercoil-629304.",Artificial Intelligence and Data Science,,,,,,,
4929,"M.E.T. Engineering College, No.13/142A9/9,Mogals Garden, Chenbagaramanputhur, Thovalai Taluk, Kanyakumari district, Nagercoil-629304.",CIVIL ENGINEERING,,,,,,,
4929,"M.E.T. Engineering College, No.13/142A9/9,Mogals Garden, Chenbagaramanputhur, Thovalai Taluk, Kanyakumari district, Nagercoil-629304.",COMPUTER SCIENCE AND ENGINEERING,,,,,,,
4929,"M.E.T. Engineering College, No.13/142A9/9,Mogals Garden, Chenbagaramanputhur, Thovalai Taluk, Kanyakumari district, Nagercoil-629304.",ELECTRONICS AND COMMUNICATION ENGINEERING,,,,,,,
4929,"M.E.T. Engineering College, No.13/142A9/9,Mogals Garden, Chenbagaramanputhur, Thovalai Taluk, Kanyakumari district, Nagercoil-629304.",ELECTRICAL AND ELECTRONICS ENGINEERING,,,,,,,
4929,"M.E.T. Engineering College, No.13/142A9/9,Mogals Garden, Chenbagaramanputhur, Thovalai Taluk, Kanyakumari district, Nagercoil-629304.",MECHANICAL ENGINEERING,,,,,,,
4931,"Grace College of Engineering , Chandy Nagar, Mullakkadu, Thoothukudi -628005.",Artificial Intelligence and Data Science,138.0,93.0,,,97.5,,
4931,"Grace College of Engineering , Chandy Nagar, Mullakkadu, Thoothukudi -628005.",CIVIL ENGINEERING,,,,,,,
4931,"Grace College of Engineering , Chandy Nagar, Mullakkadu, Thoothukudi -628005.",COMPUTER SCIENCE AND ENGINEERING,145.0,85.0,,,112.0,,114.5
4931,"Grace College of Engineering , Chandy Nagar, Mullakkadu, Thoothukudi -628005.",ELECTRONICS AND COMMUNICATION ENGINEERING,134.5,100.5,,,112.0,,
4931,"Grace College of Engineering , Chandy Nagar, Mullakkadu, Thoothukudi -628005.",ELECTRICAL AND ELECTRONICS ENGINEERING,115.5,98.0,,,,,
4931,"Grace College of Engineering , Chandy Nagar, Mullakkadu, Thoothukudi -628005.",MECHANICAL ENGINEERING,124.0,,,,,,
4932,"Immanuel Arasar JJ College of Engineering, Edavilagam, Nattalam, Marthandam, Kanyakumari-629195.",Artificial Intelligence and Data Science,,,,,,,
4932,"Immanuel Arasar JJ College of Engineering, Edavilagam, Nattalam, Marthandam, Kanyakumari-629195.",AERONAUTICAL ENGINEERING,,,,,,,
4932,"Immanuel Arasar JJ College of Engineering, Edavilagam, Nattalam, Marthandam, Kanyakumari-629195.",BIO MEDICAL ENGINEERING,,,,,,,
4932,"Immanuel Arasar JJ College of Engineering, Edavilagam, Nattalam, Marthandam, Kanyakumari-629195.",COMPUTER SCIENCE AND ENGINEERING,,,,,,,
4932,"Immanuel Arasar JJ College of Engineering, Edavilagam, Nattalam, Marthandam, Kanyakumari-629195.",ELECTRONICS AND COMMUNICATION ENGINEERING,,,,,,,
4932,"Immanuel Arasar JJ College of Engineering, Edavilagam, Nattalam, Marthandam, Kanyakumari-629195.",ELECTRICAL AND ELECTRONICS ENGINEERING,,,,,,,
4932,"Immanuel Arasar JJ College of Engineering, Edavilagam, Nattalam, Marthandam, Kanyakumari-629195.",FOOD TECHNOLOGY,,,,,,,
4932,"Immanuel Arasar JJ College of Engineering, Edavilagam, Nattalam, Marthandam, Kanyakumari-629195.",INFORMATION TECHNOLOGY,,,,,,,
4932,"Immanuel Arasar JJ College of Engineering, Edavilagam, Nattalam, Marthandam, Kanyakumari-629195.",ROBOTICS AND AUTOMATION,,,,,,,
4932,"Immanuel Arasar JJ College of Engineering, Edavilagam, Nattalam, Marthandam, Kanyakumari-629195.",Computer Science and Engineering (Cyber Security),,,,,,,
4933,"St. Mother Theresa Engineering College, Vagaikulam, Mudivaithanendal Post, Tuticorin District-628102.",Artificial Intelligence and Data Science,113.5,,,,,,
4933,"St. Mother Theresa Engineering College, Vagaikulam, Mudivaithanendal Post, Tuticorin District-628102.",COMPUTER SCIENCE AND ENGINEERING,112.5,,,,,,
4933,"St. Mother Theresa Engineering College, Vagaikulam, Mudivaithanendal Post, Tuticorin District-628102.",ELECTRONICS AND COMMUNICATION ENGINEERING,112.0,,,,,,
4933,"St. Mother Theresa Engineering College, Vagaikulam, Mudivaithanendal Post, Tuticorin District-628102.",ELECTRICAL AND ELECTRONICS ENGINEERING,122.5,,,,,,
4933,"St. Mother Theresa Engineering College, Vagaikulam, Mudivaithanendal Post, Tuticorin District-628102.",MECHANICAL ENGINEERING,84.0,,,,,,
4934,"Holy Cross Engineering College, 7/131, Vagaikulam Srivaikuntam Express Road, Sri Mulakarai, Thannoothu Village, Srivaikuntam Taluk, Thoothukudi-628851.",Artificial Intelligence and Data Science,136.0,113.5,,,98.0,,
4934,"Holy Cross Engineering College, 7/131, Vagaikulam Srivaikuntam Express Road, Sri Mulakarai, Thannoothu Village, Srivaikuntam Taluk, Thoothukudi-628851.",BIO MEDICAL ENGINEERING,119.5,,,,91.5,,
4934,"Holy Cross Engineering College, 7/131, Vagaikulam Srivaikuntam Express Road, Sri Mulakarai, Thannoothu Village, Srivaikuntam Taluk, Thoothukudi-628851.",COMPUTER SCIENCE AND ENGINEERING,128.0,108.0,,,,118.5,
4934,"Holy Cross Engineering College, 7/131, Vagaikulam Srivaikuntam Express Road, Sri Mulakarai, Thannoothu Village, Srivaikuntam Taluk, Thoothukudi-628851.",ELECTRONICS AND COMMUNICATION ENGINEERING,113.5,,,,,,
4934,"Holy Cross Engineering College, 7/131, Vagaikulam Srivaikuntam Express Road, Sri Mulakarai, Thannoothu Village, Srivaikuntam Taluk, Thoothukudi-628851.",ELECTRICAL AND ELECTRONICS ENGINEERING,123.5,,,86.5,,,
4934,"Holy Cross Engineering College, 7/131, Vagaikulam Srivaikuntam Express Road, Sri Mulakarai, Thannoothu Village, Srivaikuntam Taluk, Thoothukudi-628851.",INFORMATION TECHNOLOGY,145.5,110.0,,,,91.5,
4934,"Holy Cross Engineering College, 7/131, Vagaikulam Srivaikuntam Express Road, Sri Mulakarai, Thannoothu Village, Srivaikuntam Taluk, Thoothukudi-628851.",MECHANICAL ENGINEERING,93.0,,,,,,
4938,"Sivaji College of Engineering and Technology, Manivilai Post, Kanyakumari -629171.",Artificial Intelligence and Data Science,,,,,,,
4938,"Sivaji College of Engineering and Technology, Manivilai Post, Kanyakumari -629171.",AGRICULTURAL ENGINEERING,,,,,,,
4938,"Sivaji College of Engineering and Technology, Manivilai Post, Kanyakumari -629171.",BIO MEDICAL ENGINEERING,,,,,,,
4938,"Sivaji College of Engineering and Technology, Manivilai Post, Kanyakumari -629171.",CIVIL ENGINEERING,,,,,,,
4938,"Sivaji College of Engineering and Technology, Manivilai Post, Kanyakumari -629171.",COMPUTER SCIENCE AND ENGINEERING,,,,,,,
4938,"Sivaji College of Engineering and Technology, Manivilai Post, Kanyakumari -629171.",ELECTRICAL AND ELECTRONICS ENGINEERING,,,,,,,
4941,"Unnamalai Institute of Technology, Suba Nagar, Ayyaneri Post, Kovilpatti, Thoothukudi District-628502.",Artificial Intelligence and Data Science,123.5,,,,,,
4941,"Unnamalai Institute of Technology, Suba Nagar, Ayyaneri Post, Kovilpatti, Thoothukudi District-628502.",COMPUTER SCIENCE AND ENGINEERING,136.5,105.5,,,,120.5,
4941,"Unnamalai Institute of Technology, Suba Nagar, Ayyaneri Post, Kovilpatti, Thoothukudi District-628502.",ELECTRONICS AND COMMUNICATION ENGINEERING,111.0,,,,,,
4941,"Unnamalai Institute of Technology, Suba Nagar, Ayyaneri Post, Kovilpatti, Thoothukudi District-628502.",ELECTRICAL AND ELECTRONICS ENGINEERING,,,,,,,
4941,"Unnamalai Institute of Technology, Suba Nagar, Ayyaneri Post, Kovilpatti, Thoothukudi District-628502.",Computer Science and Engineering (Cyber Security),114.0,,,,,99.5,
4943,"Satyam College of Engineering and Technology, Satyam Nagar, Kannappannalur, Aralvoimozhi, Kanyakumari District-629301.",AERONAUTICAL ENGINEERING,,,,,,,
4943,"Satyam College of Engineering and Technology, Satyam Nagar, Kannappannalur, Aralvoimozhi, Kanyakumari District-629301.",CIVIL ENGINEERING,,,,,,,
4943,"Satyam College of Engineering and Technology, Satyam Nagar, Kannappannalur, Aralvoimozhi, Kanyakumari District-629301.",COMPUTER SCIENCE AND ENGINEERING,114.0,,,,,,
4943,"Satyam College of Engineering and Technology, Satyam Nagar, Kannappannalur, Aralvoimozhi, Kanyakumari District-629301.",ELECTRONICS AND COMMUNICATION ENGINEERING,,,,,,,
4943,"Satyam College of Engineering and Technology, Satyam Nagar, Kannappannalur, Aralvoimozhi, Kanyakumari District-629301.",ELECTRICAL AND ELECTRONICS ENGINEERING,,,,,,,
4943,"Satyam College of Engineering and Technology, Satyam Nagar, Kannappannalur, Aralvoimozhi, Kanyakumari District-629301.",MECHANICAL ENGINEERING,,,,,,,
4944,"Arunachala College of Engineering for Women, Thanka Gardens, Manavilai, Vellichanthai, Nagercoil, Kanyakumari District-629203.",Artificial Intelligence and Data Science,144.5,119.5,,,,,
4944,"Arunachala College of Engineering for Women, Thanka Gardens, Manavilai, Vellichanthai, Nagercoil, Kanyakumari District-629203.",COMPUTER SCIENCE AND ENGINEERING,155.5,127.5,141.5,,,,
4944,"Arunachala College of Engineering for Women, Thanka Gardens, Manavilai, Vellichanthai, Nagercoil, Kanyakumari District-629203.",ELECTRONICS AND COMMUNICATION ENGINEERING,149.5,125.0,,,,,
4944,"Arunachala College of Engineering for Women, Thanka Gardens, Manavilai, Vellichanthai, Nagercoil, Kanyakumari District-629203.",ELECTRICAL AND ELECTRONICS ENGINEERING,110.0,,,,,,
4944,"Arunachala College of Engineering for Women, Thanka Gardens, Manavilai, Vellichanthai, Nagercoil, Kanyakumari District-629203.",INFORMATION TECHNOLOGY,130.0,105.5,,,,,
4946,"DMI Engineering College, Kumarapuram Road, Aralvaimozhi, Kanyakumari District-629301.",Artificial Intelligence and Data Science,135.5,,,,,,
4946,"DMI Engineering College, Kumarapuram Road, Aralvaimozhi, Kanyakumari District-629301.",COMPUTER SCIENCE AND ENGINEERING,138.0,,,,,,122.5
4946,"DMI Engineering College, Kumarapuram Road, Aralvaimozhi, Kanyakumari District-629301.",ELECTRONICS AND COMMUNICATION ENGINEERING,118.0,,,,,,
4946,"DMI Engineering College, Kumarapuram Road, Aralvaimozhi, Kanyakumari District-629301.",ELECTRICAL AND ELECTRONICS ENGINEERING,114.0,,106.0,,,,
4946,"DMI Engineering College, Kumarapuram Road, Aralvaimozhi, Kanyakumari District-629301.",INFORMATION TECHNOLOGY,137.5,,,,,,
4946,"DMI Engineering College, Kumarapuram Road, Aralvaimozhi, Kanyakumari District-629301.",MECHANICAL ENGINEERING,126.5,,,,,,
4949,"PSN Institute of Technology and Science, Melathediyoor, Palayamkottai Taluk, Tirunelveli-627152.",Artificial Intelligence and Data Science,124.0,,87.0,,101.0,112.0,
4949,"PSN Institute of Technology and Science, Melathediyoor, Palayamkottai Taluk, Tirunelveli-627152.",CIVIL ENGINEERING,109.0,,87.5,,,,
4949,"PSN Institute of Technology and Science, Melathediyoor, Palayamkottai Taluk, Tirunelveli-627152.",COMPUTER SCIENCE AND ENGINEERING,136.0,,,,96.0,97.5,
4949,"PSN Institute of Technology and Science, Melathediyoor, Palayamkottai Taluk, Tirunelveli-627152.",ELECTRONICS AND COMMUNICATION ENGINEERING,109.5,,92.5,,,,
4949,"PSN Institute of Technology and Science, Melathediyoor, Palayamkottai Taluk, Tirunelveli-627152.",ELECTRICAL AND ELECTRONICS ENGINEERING,,,,,,,
4949,"PSN Institute of Technology and Science, Melathediyoor, Palayamkottai Taluk, Tirunelveli-627152.",INDUSTRIAL ENGINEERING AND MANAGEMENT,,,,,,,
4949,"PSN Institute of Technology and Science, Melathediyoor, Palayamkottai Taluk, Tirunelveli-627152.",INFORMATION TECHNOLOGY,130.0,,,87.5,92.5,86.5,
4949,"PSN Institute of Technology and Science, Melathediyoor, Palayamkottai Taluk, Tirunelveli-627152.",MECHANICAL ENGINEERING,100.0,,,,,,
4949,"PSN Institute of Technology and Science, Melathediyoor, Palayamkottai Taluk, Tirunelveli-627152.",Mechatronics Engineering,,,,,,,
4952,"C.S.I. Institute of Technology, Thovalai & PO, Kanyakumari District, Nagercoil-629302.",Artificial Intelligence and Data Science,,,,,,,
4952,"C.S.I. Institute of Technology, Thovalai & PO, Kanyakumari District, Nagercoil-629302.",COMPUTER SCIENCE AND ENGINEERING (AI AND MACHINE LEARNING),,,,,,,
4952,"C.S.I. Institute of Technology, Thovalai & PO, Kanyakumari District, Nagercoil-629302.",CIVIL ENGINEERING,,,,,,,
4952,"C.S.I. Institute of Technology, Thovalai & PO, Kanyakumari District, Nagercoil-629302.",COMPUTER SCIENCE AND ENGINEERING,,,,,,,
4952,"C.S.I. Institute of Technology, Thovalai & PO, Kanyakumari District, Nagercoil-629302.",ELECTRONICS AND COMMUNICATION ENGINEERING,,,,,,,
4952,"C.S.I. Institute of Technology, Thovalai & PO, Kanyakumari District, Nagercoil-629302.",ELECTRICAL AND ELECTRONICS ENGINEERING,,,,,,,
4952,"C.S.I. Institute of Technology, Thovalai & PO, Kanyakumari District, Nagercoil-629302.",INFORMATION TECHNOLOGY,,,,,,,
4952,"C.S.I. Institute of Technology, Thovalai & PO, Kanyakumari District, Nagercoil-629302.",MECHANICAL ENGINEERING,,,,,,,
4953,"Cape Institute of Technology, Rajakrishnapuram Post, Radhapuram Taluk, Levengipuram, Tirunelvei-627114.",COMPUTER SCIENCE AND ENGINEERING (AI AND MACHINE LEARNING),105.0,,,,,,
4953,"Cape Institute of Technology, Rajakrishnapuram Post, Radhapuram Taluk, Levengipuram, Tirunelvei-627114.",CIVIL ENGINEERING,,,,,,,
4953,"Cape Institute of Technology, Rajakrishnapuram Post, Radhapuram Taluk, Levengipuram, Tirunelvei-627114.",COMPUTER SCIENCE AND ENGINEERING,94.5,,,,,,
4953,"Cape Institute of Technology, Rajakrishnapuram Post, Radhapuram Taluk, Levengipuram, Tirunelvei-627114.",ELECTRONICS AND COMMUNICATION ENGINEERING,,,,,,,
4953,"Cape Institute of Technology, Rajakrishnapuram Post, Radhapuram Taluk, Levengipuram, Tirunelvei-627114.",ELECTRICAL AND ELECTRONICS ENGINEERING,,,,,,,
4953,"Cape Institute of Technology, Rajakrishnapuram Post, Radhapuram Taluk, Levengipuram, Tirunelvei-627114.",INFORMATION TECHNOLOGY,,,,,,,
4953,"Cape Institute of Technology, Rajakrishnapuram Post, Radhapuram Taluk, Levengipuram, Tirunelvei-627114.",MECHANICAL ENGINEERING,,,,,,,
4954,"Dr Sivanthi Aditanar College of Engineering, Tirunelveli Road, Tiruchendur, Thoothukudi-628215.",Artificial Intelligence and Data Science,167.0,151.0,166.5,139.5,,,
4954,"Dr Sivanthi Aditanar College of Engineering, Tirunelveli Road, Tiruchendur, Thoothukudi-628215.",CIVIL ENGINEERING,122.5,,,,,,
4954,"Dr Sivanthi Aditanar College of Engineering, Tirunelveli Road, Tiruchendur, Thoothukudi-628215.",COMPUTER SCIENCE AND ENGINEERING,170.5,154.0,168.5,140.5,118.0,,
4954,"Dr Sivanthi Aditanar College of Engineering, Tirunelveli Road, Tiruchendur, Thoothukudi-628215.",ELECTRONICS AND COMMUNICATION ENGINEERING,164.0,152.5,,151.5,108.5,,
4954,"Dr Sivanthi Aditanar College of Engineering, Tirunelveli Road, Tiruchendur, Thoothukudi-628215.",ELECTRICAL AND ELECTRONICS ENGINEERING,149.5,145.5,149.0,133.5,,,
4954,"Dr Sivanthi Aditanar College of Engineering, Tirunelveli Road, Tiruchendur, Thoothukudi-628215.",INFORMATION TECHNOLOGY,160.5,150.0,156.5,129.0,,,
4954,"Dr Sivanthi Aditanar College of Engineering, Tirunelveli Road, Tiruchendur, Thoothukudi-628215.",MECHANICAL ENGINEERING,125.0,,,97.0,,108.0,
4955,"Francis Xavier Engineering College (Autonomous), 103 G2, By Pass Road, Vannarpettai, Tirunelveli-627003.",Artificial Intelligence and Data Science,163.0,149.0,158.0,139.5,,,109.0
4955,"Francis Xavier Engineering College (Autonomous), 103 G2, By Pass Road, Vannarpettai, Tirunelveli-627003.",COMPUTER SCIENCE AND ENGINEERING,174.0,159.5,169.0,144.0,98.5,,
4955,"Francis Xavier Engineering College (Autonomous), 103 G2, By Pass Road, Vannarpettai, Tirunelveli-627003.",ELECTRONICS AND COMMUNICATION ENGINEERING,164.0,147.5,161.5,136.5,,,
4955,"Francis Xavier Engineering College (Autonomous), 103 G2, By Pass Road, Vannarpettai, Tirunelveli-627003.",ELECTRICAL AND ELECTRONICS ENGINEERING,156.5,141.0,154.5,133.5,,,
4955,"Francis Xavier Engineering College (Autonomous), 103 G2, By Pass Road, Vannarpettai, Tirunelveli-627003.",INFORMATION TECHNOLOGY,162.0,153.0,159.0,141.0,,,
4955,"Francis Xavier Engineering College (Autonomous), 103 G2, By Pass Road, Vannarpettai, Tirunelveli-627003.",MECHANICAL ENGINEERING,149.0,114.0,148.0,125.5,,,
4956,"Jayamatha Engineering College, Thirurajapuram Muppandal, Aralvaimozhi, Kanyakumari-629301.",CIVIL ENGINEERING,,,,,,,
4956,"Jayamatha Engineering College, Thirurajapuram Muppandal, Aralvaimozhi, Kanyakumari-629301.",COMPUTER SCIENCE AND ENGINEERING,,,,,,,
4956,"Jayamatha Engineering College, Thirurajapuram Muppandal, Aralvaimozhi, Kanyakumari-629301.",ELECTRONICS AND COMMUNICATION ENGINEERING,,,,,,,
4956,"Jayamatha Engineering College, Thirurajapuram Muppandal, Aralvaimozhi, Kanyakumari-629301.",ELECTRICAL AND ELECTRONICS ENGINEERING,,,,,,,
4956,"Jayamatha Engineering College, Thirurajapuram Muppandal, Aralvaimozhi, Kanyakumari-629301.",INSTRUMENTATION AND CONTROL ENGINEERING,,,,,,,
4956,"Jayamatha Engineering College, Thirurajapuram Muppandal, Aralvaimozhi, Kanyakumari-629301.",MECHANICAL ENGINEERING,,,,,,,
4957,"Jayaraj Annapackiam CSI College of Engineering, Margoschis Nagar, Nazareth, Thoothukudi District-628617.",Artificial Intelligence and Data Science,142.0,122.5,136.0,,,,
4957,"Jayaraj Annapackiam CSI College of Engineering, Margoschis Nagar, Nazareth, Thoothukudi District-628617.",COMPUTER SCIENCE AND ENGINEERING,142.5,126.0,112.0,,,,
4957,"Jayaraj Annapackiam CSI College of Engineering, Margoschis Nagar, Nazareth, Thoothukudi District-628617.",ELECTRONICS AND COMMUNICATION ENGINEERING,121.5,115.0,113.0,,,,
4957,"Jayaraj Annapackiam CSI College of Engineering, Margoschis Nagar, Nazareth, Thoothukudi District-628617.",INFORMATION TECHNOLOGY,131.0,121.5,110.0,,,,
4957,"Jayaraj Annapackiam CSI College of Engineering, Margoschis Nagar, Nazareth, Thoothukudi District-628617.",MECHANICAL ENGINEERING,110.5,100.5,,,,,
4959,"Kamaraj College of Engineering and Technology (Autonomous), S.P.G.C.Nagar Post Box12, K.Vellakulam, Virudhunagar-626001.",Artificial Intelligence and Data Science,167.5,159.0,158.0,147.5,,,
4959,"Kamaraj College of Engineering and Technology (Autonomous), S.P.G.C.Nagar Post Box12, K.Vellakulam, Virudhunagar-626001.",BIO TECHNOLOGY,154.0,136.5,,130.5,,,
4959,"Kamaraj College of Engineering and Technology (Autonomous), S.P.G.C.Nagar Post Box12, K.Vellakulam, Virudhunagar-626001.",CIVIL ENGINEERING,157.0,147.5,149.5,111.0,111.0,,
4959,"Kamaraj College of Engineering and Technology (Autonomous), S.P.G.C.Nagar Post Box12, K.Vellakulam, Virudhunagar-626001.",COMPUTER SCIENCE AND ENGINEERING,173.0,165.5,159.5,160.5,,110.5,98.5
4959,"Kamaraj College of Engineering and Technology (Autonomous), S.P.G.C.Nagar Post Box12, K.Vellakulam, Virudhunagar-626001.",ELECTRONICS AND COMMUNICATION ENGINEERING,167.0,158.0,161.0,154.5,,,
4959,"Kamaraj College of Engineering and Technology (Autonomous), S.P.G.C.Nagar Post Box12, K.Vellakulam, Virudhunagar-626001.",ELECTRICAL AND ELECTRONICS ENGINEERING,154.5,148.0,152.5,136.0,,,
4959,"Kamaraj College of Engineering and Technology (Autonomous), S.P.G.C.Nagar Post Box12, K.Vellakulam, Virudhunagar-626001.",INFORMATION TECHNOLOGY,165.3,161.0,161.5,148.0,,,
4959,"Kamaraj College of Engineering and Technology (Autonomous), S.P.G.C.Nagar Post Box12, K.Vellakulam, Virudhunagar-626001.",MECHANICAL ENGINEERING,152.0,144.5,,134.0,108.5,,
4959,"Kamaraj College of Engineering and Technology (Autonomous), S.P.G.C.Nagar Post Box12, K.Vellakulam, Virudhunagar-626001.",Mechatronics Engineering,155.5,142.0,,134.5,,,
4960,"Mepco Schlenk Engineering College (Autonomous), Sivakasi,Mepco Engineering College Post,Virudhunagar District-626005.",Artificial Intelligence and Data Science,180.5,175.5,171.0,172.0,134.0,,
4960,"Mepco Schlenk Engineering College (Autonomous), Sivakasi,Mepco Engineering College Post,Virudhunagar District-626005.",BIO MEDICAL ENGINEERING,159.5,153.0,104.0,141.5,104.0,,
4960,"Mepco Schlenk Engineering College (Autonomous), Sivakasi,Mepco Engineering College Post,Virudhunagar District-626005.",BIO TECHNOLOGY,171.0,162.0,147.0,149.0,122.0,,
4960,"Mepco Schlenk Engineering College (Autonomous), Sivakasi,Mepco Engineering College Post,Virudhunagar District-626005.",CIVIL ENGINEERING,163.0,150.5,137.0,139.0,113.0,,
4960,"Mepco Schlenk Engineering College (Autonomous), Sivakasi,Mepco Engineering College Post,Virudhunagar District-626005.",COMPUTER SCIENCE AND ENGINEERING,185.5,180.0,181.5,174.0,144.0,141.0,
4960,"Mepco Schlenk Engineering College (Autonomous), Sivakasi,Mepco Engineering College Post,Virudhunagar District-626005.",ELECTRONICS AND COMMUNICATION ENGINEERING,183.0,176.5,177.0,174.0,138.5,128.0,
4960,"Mepco Schlenk Engineering College (Autonomous), Sivakasi,Mepco Engineering College Post,Virudhunagar District-626005.",ELECTRICAL AND ELECTRONICS ENGINEERING,174.0,168.5,173.5,157.5,128.5,,107.0
4960,"Mepco Schlenk Engineering College (Autonomous), Sivakasi,Mepco Engineering College Post,Virudhunagar District-626005.",INFORMATION TECHNOLOGY,181.0,175.5,176.5,170.0,130.0,,
4960,"Mepco Schlenk Engineering College (Autonomous), Sivakasi,Mepco Engineering College Post,Virudhunagar District-626005.",MECHANICAL ENGINEERING,166.5,157.5,159.0,142.5,114.0,,
4961,"Nellai College of Engineering , Maruthakulam P.O, Nanguneri Taluk, Tirunelveli-627151.",Artificial Intelligence and Data Science,,,,,,,
4961,"Nellai College of Engineering , Maruthakulam P.O, Nanguneri Taluk, Tirunelveli-627151.",CIVIL ENGINEERING,,,,,,,
4961,"Nellai College of Engineering , Maruthakulam P.O, Nanguneri Taluk, Tirunelveli-627151.",COMPUTER SCIENCE AND ENGINEERING,,,,,,,
4961,"Nellai College of Engineering , Maruthakulam P.O, Nanguneri Taluk, Tirunelveli-627151.",ELECTRONICS AND COMMUNICATION ENGINEERING,,,,,,,
4961,"Nellai College of Engineering , Maruthakulam P.O, Nanguneri Taluk, Tirunelveli-627151.",ELECTRICAL AND ELECTRONICS ENGINEERING,,,,,,,
4961,"Nellai College of Engineering , Maruthakulam P.O, Nanguneri Taluk, Tirunelveli-627151.",MECHANICAL ENGINEERING,,,,,,,
4961,"Nellai College of Engineering , Maruthakulam P.O, Nanguneri Taluk, Tirunelveli-627151.",Computer Science and Engineering (Cyber Security),,,,,,,
4962,"National Engineering College (Autonomous), K.R. Nagar, Nalattinputhur, Kovilpatti, Tuticorin District-628503.",Artificial Intelligence and Data Science,183.5,179.5,182.0,175.5,146.5,150.5,
4962,"National Engineering College (Autonomous), K.R. Nagar, Nalattinputhur, Kovilpatti, Tuticorin District-628503.",CIVIL ENGINEERING,169.0,152.5,158.5,145.5,,,
4962,"National Engineering College (Autonomous), K.R. Nagar, Nalattinputhur, Kovilpatti, Tuticorin District-628503.",COMPUTER SCIENCE AND ENGINEERING,188.0,181.5,183.5,180.5,156.5,,
4962,"National Engineering College (Autonomous), K.R. Nagar, Nalattinputhur, Kovilpatti, Tuticorin District-628503.",ELECTRONICS AND COMMUNICATION ENGINEERING,185.0,179.0,184.5,173.0,144.5,95.0,127.0
4962,"National Engineering College (Autonomous), K.R. Nagar, Nalattinputhur, Kovilpatti, Tuticorin District-628503.",ELECTRICAL AND ELECTRONICS ENGINEERING,178.5,175.5,175.5,168.0,141.0,,
4962,"National Engineering College (Autonomous), K.R. Nagar, Nalattinputhur, Kovilpatti, Tuticorin District-628503.",INFORMATION TECHNOLOGY,184.0,180.0,183.0,174.5,149.5,144.0,
4962,"National Engineering College (Autonomous), K.R. Nagar, Nalattinputhur, Kovilpatti, Tuticorin District-628503.",MECHANICAL ENGINEERING,172.0,163.0,,147.0,104.5,93.0,
4964,PSN College of Engineering and Technology (Autonomous) Melathediyoor Tirunelveli-627 152,Artificial Intelligence and Data Science,135.5,120.0,99.5,113.0,120.5,,
4964,PSN College of Engineering and Technology (Autonomous) Melathediyoor Tirunelveli-627 152,AERONAUTICAL ENGINEERING,104.0,,,,,,
4964,PSN College of Engineering and Technology (Autonomous) Melathediyoor Tirunelveli-627 152,COMPUTER SCIENCE AND ENGINEERING (AI AND MACHINE LEARNING),124.0,114.0,104.5,84.5,108.0,,
4964,PSN College of Engineering and Technology (Autonomous) Melathediyoor Tirunelveli-627 152,BIO MEDICAL ENGINEERING,,,,,,,
4964,PSN College of Engineering and Technology (Autonomous) Melathediyoor Tirunelveli-627 152,CIVIL ENGINEERING,,,,,,,
4964,PSN College of Engineering and Technology (Autonomous) Melathediyoor Tirunelveli-627 152,COMPUTER SCIENCE AND ENGINEERING,145.5,115.5,111.5,101.0,114.0,105.5,
4964,PSN College of Engineering and Technology (Autonomous) Melathediyoor Tirunelveli-627 152,ELECTRONICS AND COMMUNICATION ENGINEERING,123.5,95.0,,,,,
4964,PSN College of Engineering and Technology (Autonomous) Melathediyoor Tirunelveli-627 152,ELECTRICAL AND ELECTRONICS ENGINEERING,109.0,,,,,,
4964,PSN College of Engineering and Technology (Autonomous) Melathediyoor Tirunelveli-627 152,MECHANICAL ENGINEERING,102.0,,,,,,
4964,PSN College of Engineering and Technology (Autonomous) Melathediyoor Tirunelveli-627 152,MARINE ENGINEERING,,,,,,,
4964,PSN College of Engineering and Technology (Autonomous) Melathediyoor Tirunelveli-627 152,MECHANICAL AND AUTOMATION ENGINEERING,,,,,,,
4965,"P.S.R. Engineering College (Autonomous), Appayanaickenpatty, Sevalpatty, Sivakasi, Virudhunagar District -626140.",Artificial Intelligence and Data Science,158.0,147.5,,142.0,89.5,,
4965,"P.S.R. Engineering College (Autonomous), Appayanaickenpatty, Sevalpatty, Sivakasi, Virudhunagar District -626140.",BIO MEDICAL ENGINEERING,136.0,109.0,96.0,116.0,,,
4965,"P.S.R. Engineering College (Autonomous), Appayanaickenpatty, Sevalpatty, Sivakasi, Virudhunagar District -626140.",BIO TECHNOLOGY,144.0,124.5,126.0,127.5,,90.0,
4965,"P.S.R. Engineering College (Autonomous), Appayanaickenpatty, Sevalpatty, Sivakasi, Virudhunagar District -626140.",CIVIL ENGINEERING,138.0,126.0,,107.5,,,
4965,"P.S.R. Engineering College (Autonomous), Appayanaickenpatty, Sevalpatty, Sivakasi, Virudhunagar District -626140.",COMPUTER SCIENCE AND ENGINEERING,165.0,149.5,150.0,142.0,95.5,,
4965,"P.S.R. Engineering College (Autonomous), Appayanaickenpatty, Sevalpatty, Sivakasi, Virudhunagar District -626140.",ELECTRONICS AND COMMUNICATION ENGINEERING,156.5,145.0,135.5,139.5,,,
4965,"P.S.R. Engineering College (Autonomous), Appayanaickenpatty, Sevalpatty, Sivakasi, Virudhunagar District -626140.",ELECTRICAL AND ELECTRONICS ENGINEERING,141.5,131.5,,124.0,,,
4965,"P.S.R. Engineering College (Autonomous), Appayanaickenpatty, Sevalpatty, Sivakasi, Virudhunagar District -626140.",INFORMATION TECHNOLOGY,155.5,146.0,148.0,141.0,,,
4965,"P.S.R. Engineering College (Autonomous), Appayanaickenpatty, Sevalpatty, Sivakasi, Virudhunagar District -626140.",MECHANICAL ENGINEERING,128.0,104.0,,108.0,,,
4966,"PET Engineering College, Thiruchendur Road, Vallioor, Tirunelveli -627117.",Artificial Intelligence and Data Science,148.5,113.5,141.0,,,,
4966,"PET Engineering College, Thiruchendur Road, Vallioor, Tirunelveli -627117.",CIVIL ENGINEERING,90.5,,,,,,
4966,"PET Engineering College, Thiruchendur Road, Vallioor, Tirunelveli -627117.",COMPUTER SCIENCE AND ENGINEERING,139.5,112.5,134.5,,,,
4966,"PET Engineering College, Thiruchendur Road, Vallioor, Tirunelveli -627117.",ELECTRONICS AND COMMUNICATION ENGINEERING,143.5,110.0,117.0,,,,
4966,"PET Engineering College, Thiruchendur Road, Vallioor, Tirunelveli -627117.",ELECTRICAL AND ELECTRONICS ENGINEERING,124.0,101.5,120.0,,,,
4966,"PET Engineering College, Thiruchendur Road, Vallioor, Tirunelveli -627117.",MECHANICAL ENGINEERING,122.5,101.5,116.5,,,,
4967,"S. Veerasamy Chettiar College of Engineering and Technology, S.V.Nagar, Puliangudi (Post), Sivagiri (Taluk), Tirunelveli District-627855.",Artificial Intelligence and Data Science,,,,,,,
4967,"S. Veerasamy Chettiar College of Engineering and Technology, S.V.Nagar, Puliangudi (Post), Sivagiri (Taluk), Tirunelveli District-627855.",CIVIL ENGINEERING,,,,,,,
4967,"S. Veerasamy Chettiar College of Engineering and Technology, S.V.Nagar, Puliangudi (Post), Sivagiri (Taluk), Tirunelveli District-627855.",COMPUTER SCIENCE AND ENGINEERING,,,,,,,
4967,"S. Veerasamy Chettiar College of Engineering and Technology, S.V.Nagar, Puliangudi (Post), Sivagiri (Taluk), Tirunelveli District-627855.",ELECTRONICS AND COMMUNICATION ENGINEERING,,,,,,,
4967,"S. Veerasamy Chettiar College of Engineering and Technology, S.V.Nagar, Puliangudi (Post), Sivagiri (Taluk), Tirunelveli District-627855.",ELECTRICAL AND ELECTRONICS ENGINEERING,,,,,,,
4967,"S. Veerasamy Chettiar College of Engineering and Technology, S.V.Nagar, Puliangudi (Post), Sivagiri (Taluk), Tirunelveli District-627855.",INFORMATION TECHNOLOGY,,,,,,,
4967,"S. Veerasamy Chettiar College of Engineering and Technology, S.V.Nagar, Puliangudi (Post), Sivagiri (Taluk), Tirunelveli District-627855.",MECHANICAL ENGINEERING,,,,,,,
4967,"S. Veerasamy Chettiar College of Engineering and Technology, S.V.Nagar, Puliangudi (Post), Sivagiri (Taluk), Tirunelveli District-627855.",Computer Science and Engineering (Cyber Security),,,,,,,
4968,"Sardar Raja College of Engineering, Raja Nagar, Alangulam, Tirunelveli Distict-627808.",Artificial Intelligence and Data Science,89.0,,,,,,
4968,"Sardar Raja College of Engineering, Raja Nagar, Alangulam, Tirunelveli Distict-627808.",CIVIL ENGINEERING,,,,,,,
4968,"Sardar Raja College of Engineering, Raja Nagar, Alangulam, Tirunelveli Distict-627808.",COMPUTER SCIENCE AND ENGINEERING,128.0,,,,,,
4968,"Sardar Raja College of Engineering, Raja Nagar, Alangulam, Tirunelveli Distict-627808.",ELECTRONICS AND COMMUNICATION ENGINEERING,114.0,,,,,,
4968,"Sardar Raja College of Engineering, Raja Nagar, Alangulam, Tirunelveli Distict-627808.",ELECTRICAL AND ELECTRONICS ENGINEERING,103.0,,,,,,
4968,"Sardar Raja College of Engineering, Raja Nagar, Alangulam, Tirunelveli Distict-627808.",MECHANICAL ENGINEERING,,,,,,,
4968,"Sardar Raja College of Engineering, Raja Nagar, Alangulam, Tirunelveli Distict-627808.",Computer Science and Engineering (Cyber Security),,,,,,,
4969,"SCAD College of Engineering and Technology, Scad Nagar, Cheranmahadevi, Tirunelveli-627414.",Artificial Intelligence and Data Science,122.5,,106.0,,,,
4969,"SCAD College of Engineering and Technology, Scad Nagar, Cheranmahadevi, Tirunelveli-627414.",COMPUTER SCIENCE AND ENGINEERING,135.5,,108.0,,,,
4969,"SCAD College of Engineering and Technology, Scad Nagar, Cheranmahadevi, Tirunelveli-627414.",ELECTRONICS AND COMMUNICATION ENGINEERING,137.5,100.5,129.5,,,,
4969,"SCAD College of Engineering and Technology, Scad Nagar, Cheranmahadevi, Tirunelveli-627414.",ELECTRICAL AND ELECTRONICS ENGINEERING,,,,,,,
4969,"SCAD College of Engineering and Technology, Scad Nagar, Cheranmahadevi, Tirunelveli-627414.",INFORMATION TECHNOLOGY,125.5,,116.5,,,,
4969,"SCAD College of Engineering and Technology, Scad Nagar, Cheranmahadevi, Tirunelveli-627414.",MECHANICAL ENGINEERING,,,,,,,
4970,"Sree Sowdambika College of Engineering, Chettikurichi, Aruppukottai, Virudhunagar-626134.",Artificial Intelligence and Data Science,117.0,,85.0,,,,
4970,"Sree Sowdambika College of Engineering, Chettikurichi, Aruppukottai, Virudhunagar-626134.",CIVIL ENGINEERING,107.5,,,,,,
4970,"Sree Sowdambika College of Engineering, Chettikurichi, Aruppukottai, Virudhunagar-626134.",COMPUTER SCIENCE AND ENGINEERING,146.5,131.5,127.5,104.5,108.0,111.0,
4970,"Sree Sowdambika College of Engineering, Chettikurichi, Aruppukottai, Virudhunagar-626134.",ELECTRONICS AND COMMUNICATION ENGINEERING,127.0,,,,,,
4970,"Sree Sowdambika College of Engineering, Chettikurichi, Aruppukottai, Virudhunagar-626134.",ELECTRICAL AND ELECTRONICS ENGINEERING,,,,,,,
4970,"Sree Sowdambika College of Engineering, Chettikurichi, Aruppukottai, Virudhunagar-626134.",MECHANICAL ENGINEERING,89.5,,,,,,
4971,"St. Xavier's Catholic College of Engineering (Autonomous), Chunkankadai, Kanyakumari District, Nagercoil-629003.",Artificial Intelligence and Data Science,167.5,148.5,157.0,107.5,,,
4971,"St. Xavier's Catholic College of Engineering (Autonomous), Chunkankadai, Kanyakumari District, Nagercoil-629003.",CIVIL ENGINEERING,153.0,141.5,148.5,,,,
4971,"St. Xavier's Catholic College of Engineering (Autonomous), Chunkankadai, Kanyakumari District, Nagercoil-629003.",COMPUTER SCIENCE AND ENGINEERING,177.0,171.5,163.0,138.0,,,
4971,"St. Xavier's Catholic College of Engineering (Autonomous), Chunkankadai, Kanyakumari District, Nagercoil-629003.",ELECTRONICS AND COMMUNICATION ENGINEERING,173.5,163.0,157.0,,,,
4971,"St. Xavier's Catholic College of Engineering (Autonomous), Chunkankadai, Kanyakumari District, Nagercoil-629003.",ELECTRICAL AND ELECTRONICS ENGINEERING,156.5,141.0,152.5,136.5,,,
4971,"St. Xavier's Catholic College of Engineering (Autonomous), Chunkankadai, Kanyakumari District, Nagercoil-629003.",INFORMATION TECHNOLOGY,165.0,160.5,160.5,109.0,,,
4971,"St. Xavier's Catholic College of Engineering (Autonomous), Chunkankadai, Kanyakumari District, Nagercoil-629003.",MECHANICAL ENGINEERING,133.5,112.5,128.0,,,,
4971,"St. Xavier's Catholic College of Engineering (Autonomous), Chunkankadai, Kanyakumari District, Nagercoil-629003.",Computer Science and Engineering (Cyber Security),169.0,158.5,162.0,124.0,,,123.5
4975,"Dr G.U. Pope College of Engineering, Pope Nagar, Sawyerpuram, Thoothukudi-628251.",CIVIL ENGINEERING,,,,,,,
4975,"Dr G.U. Pope College of Engineering, Pope Nagar, Sawyerpuram, Thoothukudi-628251.",COMPUTER SCIENCE AND ENGINEERING,132.5,,,,,,
4975,"Dr G.U. Pope College of Engineering, Pope Nagar, Sawyerpuram, Thoothukudi-628251.",ELECTRONICS AND COMMUNICATION ENGINEERING,135.0,,,,,,
4975,"Dr G.U. Pope College of Engineering, Pope Nagar, Sawyerpuram, Thoothukudi-628251.",ELECTRICAL AND ELECTRONICS ENGINEERING,91.5,,,,,,
4975,"Dr G.U. Pope College of Engineering, Pope Nagar, Sawyerpuram, Thoothukudi-628251.",MECHANICAL ENGINEERING,100.5,,,,,,
4976,"Infant Jesus College of Engineering, Kamarajar Nagar, Tirunelveli-Thoothukudi Highway (NH-7A), Keelavallanadu Village, Ellanayakkan Patti Post, Srivaikundam Taluk, Thoothukudi District-628851.",Artificial Intelligence and Data Science,,,,,,,
4976,"Infant Jesus College of Engineering, Kamarajar Nagar, Tirunelveli-Thoothukudi Highway (NH-7A), Keelavallanadu Village, Ellanayakkan Patti Post, Srivaikundam Taluk, Thoothukudi District-628851.",AERONAUTICAL ENGINEERING,92.0,,,,,,
4976,"Infant Jesus College of Engineering, Kamarajar Nagar, Tirunelveli-Thoothukudi Highway (NH-7A), Keelavallanadu Village, Ellanayakkan Patti Post, Srivaikundam Taluk, Thoothukudi District-628851.",AGRICULTURAL ENGINEERING,,,,,,,
4976,"Infant Jesus College of Engineering, Kamarajar Nagar, Tirunelveli-Thoothukudi Highway (NH-7A), Keelavallanadu Village, Ellanayakkan Patti Post, Srivaikundam Taluk, Thoothukudi District-628851.",COMPUTER SCIENCE AND ENGINEERING,112.0,,,,,,
4976,"Infant Jesus College of Engineering, Kamarajar Nagar, Tirunelveli-Thoothukudi Highway (NH-7A), Keelavallanadu Village, Ellanayakkan Patti Post, Srivaikundam Taluk, Thoothukudi District-628851.",ELECTRONICS AND COMMUNICATION ENGINEERING,,,,,,,
4976,"Infant Jesus College of Engineering, Kamarajar Nagar, Tirunelveli-Thoothukudi Highway (NH-7A), Keelavallanadu Village, Ellanayakkan Patti Post, Srivaikundam Taluk, Thoothukudi District-628851.",ELECTRICAL AND ELECTRONICS ENGINEERING,98.5,,,,,,
4976,"Infant Jesus College of Engineering, Kamarajar Nagar, Tirunelveli-Thoothukudi Highway (NH-7A), Keelavallanadu Village, Ellanayakkan Patti Post, Srivaikundam Taluk, Thoothukudi District-628851.",MECHANICAL ENGINEERING,,,,,,,
4977,"Narayanaguru College of Engineering, Chittadavu, Manjalumoodu, Vilavancode Taluk, Kuzhithurai, Kanyakumari District-629151.",Artificial Intelligence and Data Science,,,,,,,
4977,"Narayanaguru College of Engineering, Chittadavu, Manjalumoodu, Vilavancode Taluk, Kuzhithurai, Kanyakumari District-629151.",CIVIL ENGINEERING,,,,,,,
4977,"Narayanaguru College of Engineering, Chittadavu, Manjalumoodu, Vilavancode Taluk, Kuzhithurai, Kanyakumari District-629151.",COMPUTER SCIENCE AND ENGINEERING,,,,,,,
4977,"Narayanaguru College of Engineering, Chittadavu, Manjalumoodu, Vilavancode Taluk, Kuzhithurai, Kanyakumari District-629151.",ELECTRONICS AND COMMUNICATION ENGINEERING,,,,,,,
4977,"Narayanaguru College of Engineering, Chittadavu, Manjalumoodu, Vilavancode Taluk, Kuzhithurai, Kanyakumari District-629151.",ELECTRICAL AND ELECTRONICS ENGINEERING,,,,,,,
4977,"Narayanaguru College of Engineering, Chittadavu, Manjalumoodu, Vilavancode Taluk, Kuzhithurai, Kanyakumari District-629151.",INFORMATION TECHNOLOGY,,,,,,,
4977,"Narayanaguru College of Engineering, Chittadavu, Manjalumoodu, Vilavancode Taluk, Kuzhithurai, Kanyakumari District-629151.",MECHANICAL ENGINEERING,,,,,,,
4978,"Udaya School of Engineering, Udaya Nagar, Vellamadi Junction,Ammandivilai Post, Kanyakumarai District, Nagercoil-629204.",AERONAUTICAL ENGINEERING,93.0,,,,,,
4978,"Udaya School of Engineering, Udaya Nagar, Vellamadi Junction,Ammandivilai Post, Kanyakumarai District, Nagercoil-629204.",AGRICULTURAL ENGINEERING,,,,,,,
4978,"Udaya School of Engineering, Udaya Nagar, Vellamadi Junction,Ammandivilai Post, Kanyakumarai District, Nagercoil-629204.",COMPUTER SCIENCE AND ENGINEERING (AI AND MACHINE LEARNING),111.5,83.0,,,,,
4978,"Udaya School of Engineering, Udaya Nagar, Vellamadi Junction,Ammandivilai Post, Kanyakumarai District, Nagercoil-629204.",BIO MEDICAL ENGINEERING,,,,,,,
4978,"Udaya School of Engineering, Udaya Nagar, Vellamadi Junction,Ammandivilai Post, Kanyakumarai District, Nagercoil-629204.",BIO TECHNOLOGY,,,,,,,
4978,"Udaya School of Engineering, Udaya Nagar, Vellamadi Junction,Ammandivilai Post, Kanyakumarai District, Nagercoil-629204.",CIVIL ENGINEERING,,,,,,,
4978,"Udaya School of Engineering, Udaya Nagar, Vellamadi Junction,Ammandivilai Post, Kanyakumarai District, Nagercoil-629204.",COMPUTER SCIENCE AND ENGINEERING,119.5,,,,,,
4978,"Udaya School of Engineering, Udaya Nagar, Vellamadi Junction,Ammandivilai Post, Kanyakumarai District, Nagercoil-629204.",ELECTRONICS AND COMMUNICATION ENGINEERING,,,,,,,
4978,"Udaya School of Engineering, Udaya Nagar, Vellamadi Junction,Ammandivilai Post, Kanyakumarai District, Nagercoil-629204.",ELECTRICAL AND ELECTRONICS ENGINEERING,,,,,,,
4978,"Udaya School of Engineering, Udaya Nagar, Vellamadi Junction,Ammandivilai Post, Kanyakumarai District, Nagercoil-629204.",MECHANICAL ENGINEERING,,,,,,,
4978,"Udaya School of Engineering, Udaya Nagar, Vellamadi Junction,Ammandivilai Post, Kanyakumarai District, Nagercoil-629204.",ROBOTICS AND AUTOMATION,,,,,,,
4978,"Udaya School of Engineering, Udaya Nagar, Vellamadi Junction,Ammandivilai Post, Kanyakumarai District, Nagercoil-629204.",Computer Science and Engineering (Cyber Security),112.5,,,,,,
4980,"Einstein College of Engineering, Sir.C.V.Raman Nagar, Seethaparpanallur, Tirunelveli-627012.",Artificial Intelligence and Data Science,149.0,134.5,113.5,,,,
4980,"Einstein College of Engineering, Sir.C.V.Raman Nagar, Seethaparpanallur, Tirunelveli-627012.",CIVIL ENGINEERING,126.0,108.0,,,,,
4980,"Einstein College of Engineering, Sir.C.V.Raman Nagar, Seethaparpanallur, Tirunelveli-627012.",COMPUTER SCIENCE AND ENGINEERING,147.5,129.5,119.0,,,,
4980,"Einstein College of Engineering, Sir.C.V.Raman Nagar, Seethaparpanallur, Tirunelveli-627012.",ELECTRONICS AND COMMUNICATION ENGINEERING,144.5,127.5,126.0,,,,
4980,"Einstein College of Engineering, Sir.C.V.Raman Nagar, Seethaparpanallur, Tirunelveli-627012.",ELECTRICAL AND ELECTRONICS ENGINEERING,127.0,110.0,,,,,
4980,"Einstein College of Engineering, Sir.C.V.Raman Nagar, Seethaparpanallur, Tirunelveli-627012.",MECHANICAL ENGINEERING,105.5,82.0,,,,,
4981,"Ponjesly College of Engineering, Near Parvathipuram, Alamparai, Veturnimadam Post, Nagercoil-629003.",Artificial Intelligence and Data Science,147.5,139.5,143.5,,,,
4981,"Ponjesly College of Engineering, Near Parvathipuram, Alamparai, Veturnimadam Post, Nagercoil-629003.",COMPUTER SCIENCE AND ENGINEERING (AI AND MACHINE LEARNING),146.5,137.0,145.0,,,,
4981,"Ponjesly College of Engineering, Near Parvathipuram, Alamparai, Veturnimadam Post, Nagercoil-629003.",CIVIL ENGINEERING,112.5,,,,,,
4981,"Ponjesly College of Engineering, Near Parvathipuram, Alamparai, Veturnimadam Post, Nagercoil-629003.",COMPUTER SCIENCE AND ENGINEERING,158.5,139.5,149.0,,,,
4981,"Ponjesly College of Engineering, Near Parvathipuram, Alamparai, Veturnimadam Post, Nagercoil-629003.",ELECTRONICS AND COMMUNICATION ENGINEERING,156.0,139.5,134.0,,,,
4981,"Ponjesly College of Engineering, Near Parvathipuram, Alamparai, Veturnimadam Post, Nagercoil-629003.",ELECTRICAL AND ELECTRONICS ENGINEERING,131.0,109.0,117.5,,,,
4981,"Ponjesly College of Engineering, Near Parvathipuram, Alamparai, Veturnimadam Post, Nagercoil-629003.",INFORMATION TECHNOLOGY,146.0,137.0,142.5,,,,
4981,"Ponjesly College of Engineering, Near Parvathipuram, Alamparai, Veturnimadam Post, Nagercoil-629003.",MECHANICAL ENGINEERING,126.5,109.0,,,,,
4982,"Vins Christian College of Engineering, Vins Nagar, Chunkankadai, Nagercoil, Kanyakumari-629807.",Artificial Intelligence and Data Science,,,,,,,
4982,"Vins Christian College of Engineering, Vins Nagar, Chunkankadai, Nagercoil, Kanyakumari-629807.",AGRICULTURAL ENGINEERING,,,,,,,
4982,"Vins Christian College of Engineering, Vins Nagar, Chunkankadai, Nagercoil, Kanyakumari-629807.",COMPUTER SCIENCE AND ENGINEERING (AI AND MACHINE LEARNING),,,,,,,
4982,"Vins Christian College of Engineering, Vins Nagar, Chunkankadai, Nagercoil, Kanyakumari-629807.",CIVIL ENGINEERING,,,,,,,
4982,"Vins Christian College of Engineering, Vins Nagar, Chunkankadai, Nagercoil, Kanyakumari-629807.",COMPUTER SCIENCE AND ENGINEERING,119.5,,,,,,
4982,"Vins Christian College of Engineering, Vins Nagar, Chunkankadai, Nagercoil, Kanyakumari-629807.",ELECTRONICS AND COMMUNICATION ENGINEERING,,,,,,,
4982,"Vins Christian College of Engineering, Vins Nagar, Chunkankadai, Nagercoil, Kanyakumari-629807.",ELECTRICAL AND ELECTRONICS ENGINEERING,,,,,,,
4982,"Vins Christian College of Engineering, Vins Nagar, Chunkankadai, Nagercoil, Kanyakumari-629807.",INFORMATION TECHNOLOGY,,,,,,,
4982,"Vins Christian College of Engineering, Vins Nagar, Chunkankadai, Nagercoil, Kanyakumari-629807.",MECHANICAL ENGINEERING,,,,,,,
4982,"Vins Christian College of Engineering, Vins Nagar, Chunkankadai, Nagercoil, Kanyakumari-629807.",Computer Science and Engineering (Cyber Security),,,,,,,
4983,"Lord Jegannath College of Engineering and Technology, PSN Nagar, Ramanathichanputhur, Marungoor, Kanyakumari District, Nagercoil-629402.",AERONAUTICAL ENGINEERING,,,,,,,
4983,"Lord Jegannath College of Engineering and Technology, PSN Nagar, Ramanathichanputhur, Marungoor, Kanyakumari District, Nagercoil-629402.",AGRICULTURAL ENGINEERING,,,,,,,
4983,"Lord Jegannath College of Engineering and Technology, PSN Nagar, Ramanathichanputhur, Marungoor, Kanyakumari District, Nagercoil-629402.",CIVIL ENGINEERING,,,,,,,
4983,"Lord Jegannath College of Engineering and Technology, PSN Nagar, Ramanathichanputhur, Marungoor, Kanyakumari District, Nagercoil-629402.",COMPUTER SCIENCE AND ENGINEERING,,,,,,,
4983,"Lord Jegannath College of Engineering and Technology, PSN Nagar, Ramanathichanputhur, Marungoor, Kanyakumari District, Nagercoil-629402.",ELECTRONICS AND COMMUNICATION ENGINEERING,,,,,,,
4983,"Lord Jegannath College of Engineering and Technology, PSN Nagar, Ramanathichanputhur, Marungoor, Kanyakumari District, Nagercoil-629402.",ELECTRICAL AND ELECTRONICS ENGINEERING,,,,,,,
4983,"Lord Jegannath College of Engineering and Technology, PSN Nagar, Ramanathichanputhur, Marungoor, Kanyakumari District, Nagercoil-629402.",MECHANICAL ENGINEERING,,,,,,,
4983,"Lord Jegannath College of Engineering and Technology, PSN Nagar, Ramanathichanputhur, Marungoor, Kanyakumari District, Nagercoil-629402.",ROBOTICS AND AUTOMATION,,,,,,,
4984,"MARTHANDAM COLLEGE OF ENGINEERING AND TECHNOLOGY, P.M.VILLAGE ROAD, KUTTAKUZHI, VEEYANNOOR POST, MARTHANDAM, KANYAKUMARI DISTRICT - 629177",Artificial Intelligence and Data Science,,,,,,,
4984,"MARTHANDAM COLLEGE OF ENGINEERING AND TECHNOLOGY, P.M.VILLAGE ROAD, KUTTAKUZHI, VEEYANNOOR POST, MARTHANDAM, KANYAKUMARI DISTRICT - 629177",CIVIL ENGINEERING,,,,,,,
4984,"MARTHANDAM COLLEGE OF ENGINEERING AND TECHNOLOGY, P.M.VILLAGE ROAD, KUTTAKUZHI, VEEYANNOOR POST, MARTHANDAM, KANYAKUMARI DISTRICT - 629177",COMPUTER SCIENCE AND ENGINEERING,,,,,,,
4984,"MARTHANDAM COLLEGE OF ENGINEERING AND TECHNOLOGY, P.M.VILLAGE ROAD, KUTTAKUZHI, VEEYANNOOR POST, MARTHANDAM, KANYAKUMARI DISTRICT - 629177",ELECTRONICS AND COMMUNICATION ENGINEERING,,,,,,,
4984,"MARTHANDAM COLLEGE OF ENGINEERING AND TECHNOLOGY, P.M.VILLAGE ROAD, KUTTAKUZHI, VEEYANNOOR POST, MARTHANDAM, KANYAKUMARI DISTRICT - 629177",ELECTRICAL AND ELECTRONICS ENGINEERING,,,,,,,
4984,"MARTHANDAM COLLEGE OF ENGINEERING AND TECHNOLOGY, P.M.VILLAGE ROAD, KUTTAKUZHI, VEEYANNOOR POST, MARTHANDAM, KANYAKUMARI DISTRICT - 629177",INFORMATION TECHNOLOGY,,,,,,,
4984,"MARTHANDAM COLLEGE OF ENGINEERING AND TECHNOLOGY, P.M.VILLAGE ROAD, KUTTAKUZHI, VEEYANNOOR POST, MARTHANDAM, KANYAKUMARI DISTRICT - 629177",MECHANICAL ENGINEERING,,,,,,,
4986,"NOORUL ISLAM COLLEGE OF ENGINEERING AND TECHNOLOGY, PUNKARAI, THIRUVITHANCODE (PO), KANYAKUMARI-629174.",Artificial Intelligence and Data Science,,,,,,,
4986,"NOORUL ISLAM COLLEGE OF ENGINEERING AND TECHNOLOGY, PUNKARAI, THIRUVITHANCODE (PO), KANYAKUMARI-629174.",COMPUTER SCIENCE AND ENGINEERING,98.0,,,,,,
4986,"NOORUL ISLAM COLLEGE OF ENGINEERING AND TECHNOLOGY, PUNKARAI, THIRUVITHANCODE (PO), KANYAKUMARI-629174.",ELECTRONICS AND COMMUNICATION ENGINEERING,,,,,,,
4986,"NOORUL ISLAM COLLEGE OF ENGINEERING AND TECHNOLOGY, PUNKARAI, THIRUVITHANCODE (PO), KANYAKUMARI-629174.",ELECTRICAL AND ELECTRONICS ENGINEERING,,,,,,,
4986,"NOORUL ISLAM COLLEGE OF ENGINEERING AND TECHNOLOGY, PUNKARAI, THIRUVITHANCODE (PO), KANYAKUMARI-629174.",INFORMATION TECHNOLOGY,,,,,,,
4986,"NOORUL ISLAM COLLEGE OF ENGINEERING AND TECHNOLOGY, PUNKARAI, THIRUVITHANCODE (PO), KANYAKUMARI-629174.",MECHANICAL ENGINEERING,,,,,,,
4989,"PSN Engineering College, Melathediyoor, Palayamkottai, Tirunelveli-627152.",Artificial Intelligence and Data Science,143.0,119.5,,,,,
4989,"PSN Engineering College, Melathediyoor, Palayamkottai, Tirunelveli-627152.",AGRICULTURAL ENGINEERING,,,,,,,
4989,"PSN Engineering College, Melathediyoor, Palayamkottai, Tirunelveli-627152.",AUTOMOBILE ENGINEERING,,,,,,,
4989,"PSN Engineering College, Melathediyoor, Palayamkottai, Tirunelveli-627152.",BIO MEDICAL ENGINEERING,102.5,,,,,,
4989,"PSN Engineering College, Melathediyoor, Palayamkottai, Tirunelveli-627152.",CIVIL ENGINEERING,,,,,,,
4989,"PSN Engineering College, Melathediyoor, Palayamkottai, Tirunelveli-627152.",COMPUTER SCIENCE AND ENGINEERING,131.0,116.0,,,,,
4989,"PSN Engineering College, Melathediyoor, Palayamkottai, Tirunelveli-627152.",ELECTRONICS AND COMMUNICATION ENGINEERING,116.5,87.0,,,,,
4989,"PSN Engineering College, Melathediyoor, Palayamkottai, Tirunelveli-627152.",INFORMATION TECHNOLOGY,119.0,,84.0,,,,
4989,"PSN Engineering College, Melathediyoor, Palayamkottai, Tirunelveli-627152.",MECHANICAL ENGINEERING,,,,,,,
4992,"Bethlahem Institute of Engineering, Nadutheri, Karungal, Kanyakumari-629157.",COMPUTER SCIENCE AND ENGINEERING (AI AND MACHINE LEARNING),124.0,87.5,95.5,,,,
4992,"Bethlahem Institute of Engineering, Nadutheri, Karungal, Kanyakumari-629157.",BIO MEDICAL ENGINEERING,,,,,,,
4992,"Bethlahem Institute of Engineering, Nadutheri, Karungal, Kanyakumari-629157.",CIVIL ENGINEERING,109.0,,,,,,
4992,"Bethlahem Institute of Engineering, Nadutheri, Karungal, Kanyakumari-629157.",COMPUTER SCIENCE AND ENGINEERING,124.5,89.0,,,,,
4992,"Bethlahem Institute of Engineering, Nadutheri, Karungal, Kanyakumari-629157.",ELECTRONICS AND COMMUNICATION ENGINEERING,123.5,,,,,,104.5
4992,"Bethlahem Institute of Engineering, Nadutheri, Karungal, Kanyakumari-629157.",ELECTRICAL AND ELECTRONICS ENGINEERING,,,,,,,
4992,"Bethlahem Institute of Engineering, Nadutheri, Karungal, Kanyakumari-629157.",INFORMATION TECHNOLOGY,104.0,,,,,,
4992,"Bethlahem Institute of Engineering, Nadutheri, Karungal, Kanyakumari-629157.",MECHANICAL ENGINEERING,93.5,,,,,,
4993,"Loyola Institute of Technology and Science, P.Bo. No.2, Thovalai - Rajavoor Road, Loyola Nagar, Theroor Village, Thovalai, Kanyakumari District-629302.",Artificial Intelligence and Data Science,121.5,93.5,,,,,
4993,"Loyola Institute of Technology and Science, P.Bo. No.2, Thovalai - Rajavoor Road, Loyola Nagar, Theroor Village, Thovalai, Kanyakumari District-629302.",AGRICULTURAL ENGINEERING,,,,,,,
4993,"Loyola Institute of Technology and Science, P.Bo. No.2, Thovalai - Rajavoor Road, Loyola Nagar, Theroor Village, Thovalai, Kanyakumari District-629302.",COMPUTER SCIENCE AND ENGINEERING (AI AND MACHINE LEARNING),110.5,,101.5,,,,
4993,"Loyola Institute of Technology and Science, P.Bo. No.2, Thovalai - Rajavoor Road, Loyola Nagar, Theroor Village, Thovalai, Kanyakumari District-629302.",BIO MEDICAL ENGINEERING,103.0,,,,,,
4993,"Loyola Institute of Technology and Science, P.Bo. No.2, Thovalai - Rajavoor Road, Loyola Nagar, Theroor Village, Thovalai, Kanyakumari District-629302.",COMPUTER SCIENCE AND ENGINEERING,123.0,,,,,,
4993,"Loyola Institute of Technology and Science, P.Bo. No.2, Thovalai - Rajavoor Road, Loyola Nagar, Theroor Village, Thovalai, Kanyakumari District-629302.",ELECTRONICS AND COMMUNICATION ENGINEERING,114.0,,,,,,
4993,"Loyola Institute of Technology and Science, P.Bo. No.2, Thovalai - Rajavoor Road, Loyola Nagar, Theroor Village, Thovalai, Kanyakumari District-629302.",ELECTRICAL AND ELECTRONICS ENGINEERING,90.5,,,,,,
4993,"Loyola Institute of Technology and Science, P.Bo. No.2, Thovalai - Rajavoor Road, Loyola Nagar, Theroor Village, Thovalai, Kanyakumari District-629302.",INFORMATION TECHNOLOGY,105.0,,,,,,
4993,"Loyola Institute of Technology and Science, P.Bo. No.2, Thovalai - Rajavoor Road, Loyola Nagar, Theroor Village, Thovalai, Kanyakumari District-629302.",MECHANICAL ENGINEERING,93.0,,,,,,
4994,"J.P. College of Engineering, College Road, Ayikudy, Tenkasi Taluk, Tirunelveli District-627852.",Artificial Intelligence and Data Science,137.0,95.5,127.5,,,,
4994,"J.P. College of Engineering, College Road, Ayikudy, Tenkasi Taluk, Tirunelveli District-627852.",CIVIL ENGINEERING,113.5,,107.0,,,,
4994,"J.P. College of Engineering, College Road, Ayikudy, Tenkasi Taluk, Tirunelveli District-627852.",COMPUTER SCIENCE AND ENGINEERING,139.5,114.0,117.0,,,,
4994,"J.P. College of Engineering, College Road, Ayikudy, Tenkasi Taluk, Tirunelveli District-627852.",ELECTRONICS AND COMMUNICATION ENGINEERING,126.5,,119.5,,,,
4994,"J.P. College of Engineering, College Road, Ayikudy, Tenkasi Taluk, Tirunelveli District-627852.",ELECTRICAL AND ELECTRONICS ENGINEERING,111.0,,,,,,
4994,"J.P. College of Engineering, College Road, Ayikudy, Tenkasi Taluk, Tirunelveli District-627852.",INFORMATION TECHNOLOGY,137.5,111.5,115.5,,,,
4994,"J.P. College of Engineering, College Road, Ayikudy, Tenkasi Taluk, Tirunelveli District-627852.",MECHANICAL ENGINEERING,104.0,,90.0,,,,
4996,"Sri Vidya College of Engineering and Technology, Sivakasi Main Road, P.Kumaralingapuram, Virudhunagar-626005.",Artificial Intelligence and Data Science,97.0,,,,,,
4996,"Sri Vidya College of Engineering and Technology, Sivakasi Main Road, P.Kumaralingapuram, Virudhunagar-626005.",COMPUTER SCIENCE AND BUSSINESS SYSTEM,,,,,,,
4996,"Sri Vidya College of Engineering and Technology, Sivakasi Main Road, P.Kumaralingapuram, Virudhunagar-626005.",CIVIL ENGINEERING,,,,,,,
4996,"Sri Vidya College of Engineering and Technology, Sivakasi Main Road, P.Kumaralingapuram, Virudhunagar-626005.",COMPUTER SCIENCE AND ENGINEERING,105.0,,,,,96.0,
4996,"Sri Vidya College of Engineering and Technology, Sivakasi Main Road, P.Kumaralingapuram, Virudhunagar-626005.",ELECTRONICS AND COMMUNICATION ENGINEERING,,,,,,,
4996,"Sri Vidya College of Engineering and Technology, Sivakasi Main Road, P.Kumaralingapuram, Virudhunagar-626005.",ELECTRICAL AND ELECTRONICS ENGINEERING,,,,,,,
4996,"Sri Vidya College of Engineering and Technology, Sivakasi Main Road, P.Kumaralingapuram, Virudhunagar-626005.",MECHANICAL ENGINEERING,,,,,,,
4998,"Mahakavi Bharathiyar College of Engineering and Technology, Kovil Nagar, Vasudevanallur, Sivagiri Taluk, Tirunelveli District -627758.",CIVIL ENGINEERING,,,,,,,
4998,"Mahakavi Bharathiyar College of Engineering and Technology, Kovil Nagar, Vasudevanallur, Sivagiri Taluk, Tirunelveli District -627758.",COMPUTER SCIENCE AND ENGINEERING,,,,,,,
4998,"Mahakavi Bharathiyar College of Engineering and Technology, Kovil Nagar, Vasudevanallur, Sivagiri Taluk, Tirunelveli District -627758.",ELECTRONICS AND COMMUNICATION ENGINEERING,,,,,,,
4998,"Mahakavi Bharathiyar College of Engineering and Technology, Kovil Nagar, Vasudevanallur, Sivagiri Taluk, Tirunelveli District -627758.",ELECTRICAL AND ELECTRONICS ENGINEERING,,,,,,,
4998,"Mahakavi Bharathiyar College of Engineering and Technology, Kovil Nagar, Vasudevanallur, Sivagiri Taluk, Tirunelveli District -627758.",MECHANICAL ENGINEERING,,,,,,,
4999,"Annai Vailankanni College of Engineering, AVK Nagar, Pothaiyadisalai Pottalkulam, Azhagappapuram PO, Kanyakumari District, Nagercoil-629401.",Artificial Intelligence and Data Science,130.0,97.0,,,87.5,,
4999,"Annai Vailankanni College of Engineering, AVK Nagar, Pothaiyadisalai Pottalkulam, Azhagappapuram PO, Kanyakumari District, Nagercoil-629401.",BIO MEDICAL ENGINEERING,104.5,,,,,,
4999,"Annai Vailankanni College of Engineering, AVK Nagar, Pothaiyadisalai Pottalkulam, Azhagappapuram PO, Kanyakumari District, Nagercoil-629401.",COMPUTER SCIENCE AND ENGINEERING,141.0,104.0,,,,,
4999,"Annai Vailankanni College of Engineering, AVK Nagar, Pothaiyadisalai Pottalkulam, Azhagappapuram PO, Kanyakumari District, Nagercoil-629401.",ELECTRONICS AND COMMUNICATION ENGINEERING,127.5,,,,,,
4999,"Annai Vailankanni College of Engineering, AVK Nagar, Pothaiyadisalai Pottalkulam, Azhagappapuram PO, Kanyakumari District, Nagercoil-629401.",MECHANICAL ENGINEERING,94.5,,,,,,
5502,"Sri Raajaraajan College of Engineering and Technology, No.146/4B1, Amaravathi Village, Amaravathypudhur(Post), Karaikudi Taluk, Sivagangai District-630301.",Artificial Intelligence and Data Science,134.5,,132.5,,,,
5502,"Sri Raajaraajan College of Engineering and Technology, No.146/4B1, Amaravathi Village, Amaravathypudhur(Post), Karaikudi Taluk, Sivagangai District-630301.",AGRICULTURAL ENGINEERING,,,,,,,
5502,"Sri Raajaraajan College of Engineering and Technology, No.146/4B1, Amaravathi Village, Amaravathypudhur(Post), Karaikudi Taluk, Sivagangai District-630301.",CIVIL ENGINEERING,119.5,84.5,82.0,,,,
5502,"Sri Raajaraajan College of Engineering and Technology, No.146/4B1, Amaravathi Village, Amaravathypudhur(Post), Karaikudi Taluk, Sivagangai District-630301.",COMPUTER SCIENCE AND ENGINEERING,131.5,90.5,,,,,
5502,"Sri Raajaraajan College of Engineering and Technology, No.146/4B1, Amaravathi Village, Amaravathypudhur(Post), Karaikudi Taluk, Sivagangai District-630301.",ELECTRONICS AND COMMUNICATION ENGINEERING,109.5,,90.5,,,,
5502,"Sri Raajaraajan College of Engineering and Technology, No.146/4B1, Amaravathi Village, Amaravathypudhur(Post), Karaikudi Taluk, Sivagangai District-630301.",ELECTRICAL AND ELECTRONICS ENGINEERING,109.5,,,,,,
5502,"Sri Raajaraajan College of Engineering and Technology, No.146/4B1, Amaravathi Village, Amaravathypudhur(Post), Karaikudi Taluk, Sivagangai District-630301.",MECHANICAL ENGINEERING,103.0,,,,,,
5530,"SSM Institute of Engineering and Technology (Autonomous), Kuttathupatti Village, Begambur Post, Dindigul Taluk & District-624002.",Artificial Intelligence and Data Science,163.0,151.0,160.0,136.0,123.0,,
5530,"SSM Institute of Engineering and Technology (Autonomous), Kuttathupatti Village, Begambur Post, Dindigul Taluk & District-624002.",COMPUTER SCIENCE AND ENGINEERING (AI AND MACHINE LEARNING),148.0,143.0,132.5,127.5,,109.0,
5530,"SSM Institute of Engineering and Technology (Autonomous), Kuttathupatti Village, Begambur Post, Dindigul Taluk & District-624002.",COMPUTER SCIENCE AND BUSSINESS SYSTEM,142.0,136.5,138.5,110.5,,,
5530,"SSM Institute of Engineering and Technology (Autonomous), Kuttathupatti Village, Begambur Post, Dindigul Taluk & District-624002.",CIVIL ENGINEERING,127.5,111.0,126.0,,98.0,,
5530,"SSM Institute of Engineering and Technology (Autonomous), Kuttathupatti Village, Begambur Post, Dindigul Taluk & District-624002.",COMPUTER SCIENCE AND ENGINEERING,170.5,165.5,170.5,138.5,129.5,109.5,
5530,"SSM Institute of Engineering and Technology (Autonomous), Kuttathupatti Village, Begambur Post, Dindigul Taluk & District-624002.",ELECTRONICS AND COMMUNICATION ENGINEERING,161.0,150.0,154.5,144.5,120.5,129.5,
5530,"SSM Institute of Engineering and Technology (Autonomous), Kuttathupatti Village, Begambur Post, Dindigul Taluk & District-624002.",ELECTRICAL AND ELECTRONICS ENGINEERING,137.0,118.5,125.5,114.5,,,
5530,"SSM Institute of Engineering and Technology (Autonomous), Kuttathupatti Village, Begambur Post, Dindigul Taluk & District-624002.",INFORMATION TECHNOLOGY,160.5,151.0,159.5,141.0,,116.0,
5530,"SSM Institute of Engineering and Technology (Autonomous), Kuttathupatti Village, Begambur Post, Dindigul Taluk & District-624002.",MECHANICAL ENGINEERING,143.5,115.5,126.5,121.0,,,
5530,"SSM Institute of Engineering and Technology (Autonomous), Kuttathupatti Village, Begambur Post, Dindigul Taluk & District-624002.",Computer Science and Engineering (Cyber Security),154.0,143.5,142.0,127.5,,101.0,
5532,"Vaigai College of Engineering, Therkutheru, Melur Taluk, Madurai-625122.",CIVIL ENGINEERING,,,,,,,
5532,"Vaigai College of Engineering, Therkutheru, Melur Taluk, Madurai-625122.",COMPUTER SCIENCE AND ENGINEERING,129.0,,128.5,,,122.5,125.5
5532,"Vaigai College of Engineering, Therkutheru, Melur Taluk, Madurai-625122.",ELECTRONICS AND COMMUNICATION ENGINEERING,,,,,,,
5532,"Vaigai College of Engineering, Therkutheru, Melur Taluk, Madurai-625122.",ELECTRICAL AND ELECTRONICS ENGINEERING,,,,,,,
5532,"Vaigai College of Engineering, Therkutheru, Melur Taluk, Madurai-625122.",MECHANICAL ENGINEERING,,,,,,,
5533,"Karaikudi Institute of Technology & Karaikudi Institute of Management, Keeranipatti Village, Thalakkavur Panchayat, Karaikudi, Sivaganga-630307.",Artificial Intelligence and Data Science,,,,,,,
5533,"Karaikudi Institute of Technology & Karaikudi Institute of Management, Keeranipatti Village, Thalakkavur Panchayat, Karaikudi, Sivaganga-630307.",AGRICULTURAL ENGINEERING,,,,,,,
5533,"Karaikudi Institute of Technology & Karaikudi Institute of Management, Keeranipatti Village, Thalakkavur Panchayat, Karaikudi, Sivaganga-630307.",CIVIL ENGINEERING,,,,,,,
5533,"Karaikudi Institute of Technology & Karaikudi Institute of Management, Keeranipatti Village, Thalakkavur Panchayat, Karaikudi, Sivaganga-630307.",COMPUTER SCIENCE AND ENGINEERING,,,,,,,
5533,"Karaikudi Institute of Technology & Karaikudi Institute of Management, Keeranipatti Village, Thalakkavur Panchayat, Karaikudi, Sivaganga-630307.",ELECTRONICS AND COMMUNICATION ENGINEERING,,,,,,,
5533,"Karaikudi Institute of Technology & Karaikudi Institute of Management, Keeranipatti Village, Thalakkavur Panchayat, Karaikudi, Sivaganga-630307.",ELECTRICAL AND ELECTRONICS ENGINEERING,,,,,,,
5533,"Karaikudi Institute of Technology & Karaikudi Institute of Management, Keeranipatti Village, Thalakkavur Panchayat, Karaikudi, Sivaganga-630307.",FASHION TECHNOLOGY,,,,,,,
5533,"Karaikudi Institute of Technology & Karaikudi Institute of Management, Keeranipatti Village, Thalakkavur Panchayat, Karaikudi, Sivaganga-630307.",MECHANICAL ENGINEERING,,,,,,,
5536,"Mangayarkarasi College of Engineering, 7-1-139, 1st Street, Mangayarkarasi Nagar, Paravai, Madurai-625402.",AGRICULTURAL ENGINEERING,130.0,,82.0,,95.5,99.5,
5536,"Mangayarkarasi College of Engineering, 7-1-139, 1st Street, Mangayarkarasi Nagar, Paravai, Madurai-625402.",COMPUTER SCIENCE AND ENGINEERING (AI AND MACHINE LEARNING),152.5,137.0,97.5,117.0,134.5,150.0,
5536,"Mangayarkarasi College of Engineering, 7-1-139, 1st Street, Mangayarkarasi Nagar, Paravai, Madurai-625402.",COMPUTER SCIENCE AND ENGINEERING,150.0,142.0,149.5,102.0,130.5,91.0,
5536,"Mangayarkarasi College of Engineering, 7-1-139, 1st Street, Mangayarkarasi Nagar, Paravai, Madurai-625402.",ELECTRONICS AND COMMUNICATION ENGINEERING,142.0,125.0,138.5,,,,
5536,"Mangayarkarasi College of Engineering, 7-1-139, 1st Street, Mangayarkarasi Nagar, Paravai, Madurai-625402.",ELECTRICAL AND ELECTRONICS ENGINEERING,135.5,,123.0,99.5,,93.5,
5536,"Mangayarkarasi College of Engineering, 7-1-139, 1st Street, Mangayarkarasi Nagar, Paravai, Madurai-625402.",Electronics Engineering (VLSI Design and Technology),129.0,119.5,,,109.0,,
5536,"Mangayarkarasi College of Engineering, 7-1-139, 1st Street, Mangayarkarasi Nagar, Paravai, Madurai-625402.",INFORMATION TECHNOLOGY,143.5,131.5,132.5,103.5,125.5,137.5,
5536,"Mangayarkarasi College of Engineering, 7-1-139, 1st Street, Mangayarkarasi Nagar, Paravai, Madurai-625402.",MECHANICAL ENGINEERING,107.0,80.5,85.0,,,,
5537,"Jainee College of Engineering and Technology, Dindigul-Theni Main Road, (NHB Extn.), Aathupattiprivu, Veerakkal B.P.O.N. Panjampatti Post, Dindigul-624303.",Artificial Intelligence and Data Science,,,,,,,
5537,"Jainee College of Engineering and Technology, Dindigul-Theni Main Road, (NHB Extn.), Aathupattiprivu, Veerakkal B.P.O.N. Panjampatti Post, Dindigul-624303.",BIO MEDICAL ENGINEERING,,,,,,,
5537,"Jainee College of Engineering and Technology, Dindigul-Theni Main Road, (NHB Extn.), Aathupattiprivu, Veerakkal B.P.O.N. Panjampatti Post, Dindigul-624303.",CIVIL ENGINEERING,,,,,,,
5537,"Jainee College of Engineering and Technology, Dindigul-Theni Main Road, (NHB Extn.), Aathupattiprivu, Veerakkal B.P.O.N. Panjampatti Post, Dindigul-624303.",COMPUTER SCIENCE AND ENGINEERING,,,,,,,
5537,"Jainee College of Engineering and Technology, Dindigul-Theni Main Road, (NHB Extn.), Aathupattiprivu, Veerakkal B.P.O.N. Panjampatti Post, Dindigul-624303.",ELECTRONICS AND COMMUNICATION ENGINEERING,,,,,,,
5537,"Jainee College of Engineering and Technology, Dindigul-Theni Main Road, (NHB Extn.), Aathupattiprivu, Veerakkal B.P.O.N. Panjampatti Post, Dindigul-624303.",ELECTRICAL AND ELECTRONICS ENGINEERING,,,,,,,
5537,"Jainee College of Engineering and Technology, Dindigul-Theni Main Road, (NHB Extn.), Aathupattiprivu, Veerakkal B.P.O.N. Panjampatti Post, Dindigul-624303.",MECHANICAL ENGINEERING,,,,,,,
5545,"G.T.N COLLEGE OF TECHNOLOGY, OLD KARUR ROAD, DINDIGUL - 624005",Artificial Intelligence and Data Science,122.0,,112.0,,,,
5545,"G.T.N COLLEGE OF TECHNOLOGY, OLD KARUR ROAD, DINDIGUL - 624005",COMPUTER SCIENCE AND ENGINEERING (AI AND MACHINE LEARNING),,,,,,,
5545,"G.T.N COLLEGE OF TECHNOLOGY, OLD KARUR ROAD, DINDIGUL - 624005",COMPUTER SCIENCE AND ENGINEERING,119.0,,,,,,
5545,"G.T.N COLLEGE OF TECHNOLOGY, OLD KARUR ROAD, DINDIGUL - 624005",ELECTRONICS AND COMMUNICATION ENGINEERING,95.5,,,,,,
5545,"G.T.N COLLEGE OF TECHNOLOGY, OLD KARUR ROAD, DINDIGUL - 624005",INFORMATION TECHNOLOGY,,,,,,,
5546,"Jamal Mohamed College of Engineering, NH-45, Trichy Road, Morepatty, Vadamadurai, Dindigul - 624802",COMPUTER SCIENCE AND ENGINEERING (AI AND MACHINE LEARNING),,,,,,,
5546,"Jamal Mohamed College of Engineering, NH-45, Trichy Road, Morepatty, Vadamadurai, Dindigul - 624802",COMPUTER SCIENCE AND ENGINEERING (DATA SCIENCE),,,,,,,
5546,"Jamal Mohamed College of Engineering, NH-45, Trichy Road, Morepatty, Vadamadurai, Dindigul - 624802",COMPUTER SCIENCE AND ENGINEERING,108.0,,,,,,
5546,"Jamal Mohamed College of Engineering, NH-45, Trichy Road, Morepatty, Vadamadurai, Dindigul - 624802",MECHANICAL ENGINEERING,,,,,,,
5703,"Christian College of Engineering and Technology, Near Check Post, Oddanchatram, Dindigul-624619.",Artificial Intelligence and Data Science,131.5,,125.5,,,126.0,103.5
5703,"Christian College of Engineering and Technology, Near Check Post, Oddanchatram, Dindigul-624619.",AGRICULTURAL ENGINEERING,112.0,,83.0,,,,
5703,"Christian College of Engineering and Technology, Near Check Post, Oddanchatram, Dindigul-624619.",COMPUTER SCIENCE AND ENGINEERING (AI AND MACHINE LEARNING),115.0,,,,,,
5703,"Christian College of Engineering and Technology, Near Check Post, Oddanchatram, Dindigul-624619.",CIVIL ENGINEERING,,,,,,,
5703,"Christian College of Engineering and Technology, Near Check Post, Oddanchatram, Dindigul-624619.",COMPUTER SCIENCE AND ENGINEERING,136.0,,131.5,,,120.0,
5703,"Christian College of Engineering and Technology, Near Check Post, Oddanchatram, Dindigul-624619.",ELECTRONICS AND COMMUNICATION ENGINEERING,131.0,,,,,,
5703,"Christian College of Engineering and Technology, Near Check Post, Oddanchatram, Dindigul-624619.",ELECTRICAL AND ELECTRONICS ENGINEERING,,,,,,,
5703,"Christian College of Engineering and Technology, Near Check Post, Oddanchatram, Dindigul-624619.",INFORMATION TECHNOLOGY,118.0,,,,,93.0,
5703,"Christian College of Engineering and Technology, Near Check Post, Oddanchatram, Dindigul-624619.",MECHANICAL ENGINEERING,99.5,,,,,,
5832,"N.P.R College of Engineering and Technology (Autonomous), Punnappatti Village, Uluppakudi, Natham, Dindigul District-624401.",Artificial Intelligence and Data Science,147.5,124.5,137.5,99.5,,,
5832,"N.P.R College of Engineering and Technology (Autonomous), Punnappatti Village, Uluppakudi, Natham, Dindigul District-624401.",COMPUTER SCIENCE AND ENGINEERING (AI AND MACHINE LEARNING),140.5,130.5,133.0,,,,
5832,"N.P.R College of Engineering and Technology (Autonomous), Punnappatti Village, Uluppakudi, Natham, Dindigul District-624401.",CIVIL ENGINEERING,133.0,,129.5,,,,
5832,"N.P.R College of Engineering and Technology (Autonomous), Punnappatti Village, Uluppakudi, Natham, Dindigul District-624401.",COMPUTER SCIENCE AND ENGINEERING,154.0,133.0,136.5,121.5,,,
5832,"N.P.R College of Engineering and Technology (Autonomous), Punnappatti Village, Uluppakudi, Natham, Dindigul District-624401.",ELECTRONICS AND COMMUNICATION ENGINEERING,142.0,118.0,133.5,,,,
5832,"N.P.R College of Engineering and Technology (Autonomous), Punnappatti Village, Uluppakudi, Natham, Dindigul District-624401.",ELECTRICAL AND ELECTRONICS ENGINEERING,124.0,,113.0,,,,
5832,"N.P.R College of Engineering and Technology (Autonomous), Punnappatti Village, Uluppakudi, Natham, Dindigul District-624401.",INFORMATION TECHNOLOGY,147.0,131.5,140.5,,,,
5832,"N.P.R College of Engineering and Technology (Autonomous), Punnappatti Village, Uluppakudi, Natham, Dindigul District-624401.",MECHANICAL ENGINEERING,119.0,,,,,,
5832,"N.P.R College of Engineering and Technology (Autonomous), Punnappatti Village, Uluppakudi, Natham, Dindigul District-624401.",Computer Science and Engineering (Cyber Security),136.5,124.0,129.0,,,,
5842,"SRM Madurai College for Engineering and Technology, Pottapalayam Village, Manamadurai Taluk, Sivagangai District-630611.",Artificial Intelligence and Data Science,162.0,150.0,149.0,135.5,,,
5842,"SRM Madurai College for Engineering and Technology, Pottapalayam Village, Manamadurai Taluk, Sivagangai District-630611.",COMPUTER SCIENCE AND ENGINEERING (AI AND MACHINE LEARNING),159.5,147.5,,121.5,,,
5842,"SRM Madurai College for Engineering and Technology, Pottapalayam Village, Manamadurai Taluk, Sivagangai District-630611.",CIVIL ENGINEERING,142.0,120.5,139.0,107.0,,,
5842,"SRM Madurai College for Engineering and Technology, Pottapalayam Village, Manamadurai Taluk, Sivagangai District-630611.",COMPUTER SCIENCE AND ENGINEERING,171.0,167.0,166.0,147.5,,,
5842,"SRM Madurai College for Engineering and Technology, Pottapalayam Village, Manamadurai Taluk, Sivagangai District-630611.",ELECTRONICS AND COMMUNICATION ENGINEERING,161.0,152.0,157.0,116.0,,,
5842,"SRM Madurai College for Engineering and Technology, Pottapalayam Village, Manamadurai Taluk, Sivagangai District-630611.",ELECTRICAL AND ELECTRONICS ENGINEERING,153.0,144.5,145.5,110.5,,,
5842,"SRM Madurai College for Engineering and Technology, Pottapalayam Village, Manamadurai Taluk, Sivagangai District-630611.",INFORMATION TECHNOLOGY,163.0,151.0,154.0,131.0,,,
5842,"SRM Madurai College for Engineering and Technology, Pottapalayam Village, Manamadurai Taluk, Sivagangai District-630611.",MECHANICAL ENGINEERING,142.0,124.0,,114.5,,,
5842,"SRM Madurai College for Engineering and Technology, Pottapalayam Village, Manamadurai Taluk, Sivagangai District-630611.",Computer Science and Engineering (Cyber Security),161.5,150.0,152.5,144.5,,,
5851,"Veerammal Engineering College, PVP Nagar, K.Singrakottai, Dindigul-624708.",Artificial Intelligence and Data Science,,,,,,,
5851,"Veerammal Engineering College, PVP Nagar, K.Singrakottai, Dindigul-624708.",CIVIL ENGINEERING,,,,,,,
5851,"Veerammal Engineering College, PVP Nagar, K.Singrakottai, Dindigul-624708.",COMPUTER SCIENCE AND ENGINEERING,100.0,,,,,,
5851,"Veerammal Engineering College, PVP Nagar, K.Singrakottai, Dindigul-624708.",ELECTRONICS AND COMMUNICATION ENGINEERING,,,,,,,
5851,"Veerammal Engineering College, PVP Nagar, K.Singrakottai, Dindigul-624708.",ELECTRICAL AND ELECTRONICS ENGINEERING,,,,,,,
5851,"Veerammal Engineering College, PVP Nagar, K.Singrakottai, Dindigul-624708.",INFORMATION TECHNOLOGY,,,,,,,
5851,"Veerammal Engineering College, PVP Nagar, K.Singrakottai, Dindigul-624708.",Computer Science and Engineering (Cyber Security),,,,,,,
5862,"RVS School of Engineering and Technology, (Formerly R V S Educational Trust's Group of Institutions), RVS Nagar, N.Paraipatti Post, Dindigul-624005.",AERONAUTICAL ENGINEERING,,,,,,,
5862,"RVS School of Engineering and Technology, (Formerly R V S Educational Trust's Group of Institutions), RVS Nagar, N.Paraipatti Post, Dindigul-624005.",AGRICULTURAL ENGINEERING,103.5,,,,,,
5862,"RVS School of Engineering and Technology, (Formerly R V S Educational Trust's Group of Institutions), RVS Nagar, N.Paraipatti Post, Dindigul-624005.",AUTOMOBILE ENGINEERING,,,,,,,
5862,"RVS School of Engineering and Technology, (Formerly R V S Educational Trust's Group of Institutions), RVS Nagar, N.Paraipatti Post, Dindigul-624005.",BIO MEDICAL ENGINEERING,137.0,,128.5,,112.0,115.0,106.5
5862,"RVS School of Engineering and Technology, (Formerly R V S Educational Trust's Group of Institutions), RVS Nagar, N.Paraipatti Post, Dindigul-624005.",COMPUTER SCIENCE AND BUSSINESS SYSTEM,,,,,,,
5862,"RVS School of Engineering and Technology, (Formerly R V S Educational Trust's Group of Institutions), RVS Nagar, N.Paraipatti Post, Dindigul-624005.",CIVIL ENGINEERING,,,,,,,
5862,"RVS School of Engineering and Technology, (Formerly R V S Educational Trust's Group of Institutions), RVS Nagar, N.Paraipatti Post, Dindigul-624005.",COMPUTER SCIENCE AND ENGINEERING,128.0,,124.0,,95.0,,
5862,"RVS School of Engineering and Technology, (Formerly R V S Educational Trust's Group of Institutions), RVS Nagar, N.Paraipatti Post, Dindigul-624005.",MECHANICAL ENGINEERING,,,,,,,
5862,"RVS School of Engineering and Technology, (Formerly R V S Educational Trust's Group of Institutions), RVS Nagar, N.Paraipatti Post, Dindigul-624005.",Computer Science and Engineering (Cyber Security),111.5,,,,98.0,,
5865,"Nadar Saraswathi College of Engineering and Technology, Vadapudupatti, Annanji Post, Theni -625531.",Artificial Intelligence and Data Science,149.0,133.5,145.0,132.0,,,
5865,"Nadar Saraswathi College of Engineering and Technology, Vadapudupatti, Annanji Post, Theni -625531.",CIVIL ENGINEERING,113.0,,,,,,
5865,"Nadar Saraswathi College of Engineering and Technology, Vadapudupatti, Annanji Post, Theni -625531.",COMPUTER SCIENCE AND ENGINEERING,162.5,144.5,141.0,147.0,,149.0,
5865,"Nadar Saraswathi College of Engineering and Technology, Vadapudupatti, Annanji Post, Theni -625531.",ELECTRONICS AND COMMUNICATION ENGINEERING,152.0,139.5,142.0,131.5,,123.5,
5865,"Nadar Saraswathi College of Engineering and Technology, Vadapudupatti, Annanji Post, Theni -625531.",ELECTRICAL AND ELECTRONICS ENGINEERING,129.5,98.5,93.0,,,,
5865,"Nadar Saraswathi College of Engineering and Technology, Vadapudupatti, Annanji Post, Theni -625531.",INFORMATION TECHNOLOGY,149.5,136.0,136.0,132.5,,,
5865,"Nadar Saraswathi College of Engineering and Technology, Vadapudupatti, Annanji Post, Theni -625531.",MECHANICAL ENGINEERING,118.0,,98.5,,,,
5902,"Bharath Niketan Engineering College, Shri Gowri Nagar, Thimmarasanaickanoor, Aundipatti, Theni District-625536.",Artificial Intelligence and Data Science,111.0,,,,,,
5902,"Bharath Niketan Engineering College, Shri Gowri Nagar, Thimmarasanaickanoor, Aundipatti, Theni District-625536.",AGRICULTURAL ENGINEERING,,,,,,,
5902,"Bharath Niketan Engineering College, Shri Gowri Nagar, Thimmarasanaickanoor, Aundipatti, Theni District-625536.",CIVIL ENGINEERING,,,,,,,
5902,"Bharath Niketan Engineering College, Shri Gowri Nagar, Thimmarasanaickanoor, Aundipatti, Theni District-625536.",COMPUTER SCIENCE AND ENGINEERING,124.0,,,,,,
5902,"Bharath Niketan Engineering College, Shri Gowri Nagar, Thimmarasanaickanoor, Aundipatti, Theni District-625536.",ELECTRONICS AND COMMUNICATION ENGINEERING,,,,,,,
5902,"Bharath Niketan Engineering College, Shri Gowri Nagar, Thimmarasanaickanoor, Aundipatti, Theni District-625536.",ELECTRICAL AND ELECTRONICS ENGINEERING,99.0,,,,,,
5902,"Bharath Niketan Engineering College, Shri Gowri Nagar, Thimmarasanaickanoor, Aundipatti, Theni District-625536.",INFORMATION TECHNOLOGY,105.0,,,,,,
5902,"Bharath Niketan Engineering College, Shri Gowri Nagar, Thimmarasanaickanoor, Aundipatti, Theni District-625536.",MECHANICAL ENGINEERING,,,,,,,
5904,"K.L.N.College of Engineering (Autonomous), Madurai - Nedunkulam Road, Pottapalayam, Sivagangai District-630611.",Artificial Intelligence and Data Science,168.0,156.0,151.5,136.5,,,
5904,"K.L.N.College of Engineering (Autonomous), Madurai - Nedunkulam Road, Pottapalayam, Sivagangai District-630611.",Computer Science and Engineering (Internet of Things),150.5,142.5,145.5,97.0,,,
5904,"K.L.N.College of Engineering (Autonomous), Madurai - Nedunkulam Road, Pottapalayam, Sivagangai District-630611.",COMPUTER SCIENCE AND ENGINEERING,173.5,166.0,165.0,137.5,,,
5904,"K.L.N.College of Engineering (Autonomous), Madurai - Nedunkulam Road, Pottapalayam, Sivagangai District-630611.",ELECTRONICS AND COMMUNICATION ENGINEERING,161.0,153.0,152.5,126.5,,,
5904,"K.L.N.College of Engineering (Autonomous), Madurai - Nedunkulam Road, Pottapalayam, Sivagangai District-630611.",ELECTRICAL AND ELECTRONICS ENGINEERING,144.5,133.0,102.0,,,,
5904,"K.L.N.College of Engineering (Autonomous), Madurai - Nedunkulam Road, Pottapalayam, Sivagangai District-630611.",INFORMATION TECHNOLOGY,163.5,156.0,151.0,127.5,,,
5904,"K.L.N.College of Engineering (Autonomous), Madurai - Nedunkulam Road, Pottapalayam, Sivagangai District-630611.",MECHANICAL ENGINEERING,135.0,116.5,,,,,
5904,"K.L.N.College of Engineering (Autonomous), Madurai - Nedunkulam Road, Pottapalayam, Sivagangai District-630611.",Computer Science and Engineering (Cyber Security),158.0,151.0,153.5,135.0,,,
5907,"Mohamed Sathak Engineering College (Autonomous), Sathak Nagar, East Coast Road, Pudhu Mayakulam, Kilakarai, Ramanathapuram District-623806.",Artificial Intelligence and Data Science,169.0,142.0,164.5,132.5,97.0,138.5,
5907,"Mohamed Sathak Engineering College (Autonomous), Sathak Nagar, East Coast Road, Pudhu Mayakulam, Kilakarai, Ramanathapuram District-623806.",AERONAUTICAL ENGINEERING,122.5,,122.5,,,,
5907,"Mohamed Sathak Engineering College (Autonomous), Sathak Nagar, East Coast Road, Pudhu Mayakulam, Kilakarai, Ramanathapuram District-623806.",AGRICULTURAL ENGINEERING,125.0,90.5,122.5,,,,
5907,"Mohamed Sathak Engineering College (Autonomous), Sathak Nagar, East Coast Road, Pudhu Mayakulam, Kilakarai, Ramanathapuram District-623806.",COMPUTER SCIENCE AND ENGINEERING (AI AND MACHINE LEARNING),160.5,138.0,153.5,,117.5,,
5907,"Mohamed Sathak Engineering College (Autonomous), Sathak Nagar, East Coast Road, Pudhu Mayakulam, Kilakarai, Ramanathapuram District-623806.",COMPUTER SCIENCE AND BUSSINESS SYSTEM,145.0,108.5,139.5,,,,
5907,"Mohamed Sathak Engineering College (Autonomous), Sathak Nagar, East Coast Road, Pudhu Mayakulam, Kilakarai, Ramanathapuram District-623806.",CIVIL ENGINEERING,156.5,94.5,148.0,,,,
5907,"Mohamed Sathak Engineering College (Autonomous), Sathak Nagar, East Coast Road, Pudhu Mayakulam, Kilakarai, Ramanathapuram District-623806.",CHEMICAL ENGINEERING,137.5,,,,,,
5907,"Mohamed Sathak Engineering College (Autonomous), Sathak Nagar, East Coast Road, Pudhu Mayakulam, Kilakarai, Ramanathapuram District-623806.",COMPUTER SCIENCE AND ENGINEERING,161.0,130.5,160.5,,,,
5907,"Mohamed Sathak Engineering College (Autonomous), Sathak Nagar, East Coast Road, Pudhu Mayakulam, Kilakarai, Ramanathapuram District-623806.",ELECTRONICS AND COMMUNICATION ENGINEERING,143.5,110.5,167.0,,,,
5907,"Mohamed Sathak Engineering College (Autonomous), Sathak Nagar, East Coast Road, Pudhu Mayakulam, Kilakarai, Ramanathapuram District-623806.",ELECTRICAL AND ELECTRONICS ENGINEERING,131.0,96.5,129.0,,,,
5907,"Mohamed Sathak Engineering College (Autonomous), Sathak Nagar, East Coast Road, Pudhu Mayakulam, Kilakarai, Ramanathapuram District-623806.",INFORMATION TECHNOLOGY,151.0,116.5,149.5,,,,
5907,"Mohamed Sathak Engineering College (Autonomous), Sathak Nagar, East Coast Road, Pudhu Mayakulam, Kilakarai, Ramanathapuram District-623806.",MECHANICAL ENGINEERING,132.0,93.0,127.5,,,,
5907,"Mohamed Sathak Engineering College (Autonomous), Sathak Nagar, East Coast Road, Pudhu Mayakulam, Kilakarai, Ramanathapuram District-623806.",MARINE ENGINEERING,,,,,,,
5907,"Mohamed Sathak Engineering College (Autonomous), Sathak Nagar, East Coast Road, Pudhu Mayakulam, Kilakarai, Ramanathapuram District-623806.",Computer Science and Engineering (Cyber Security),158.5,109.0,158.0,,,,
5910,"PSNA College of Engineering and Technology (Autonomous), Kothandaraman Nagar, Muthanampatti (PO), Dindigul-624622.",Artificial Intelligence and Data Science,182.0,177.5,176.0,167.0,121.5,,
5910,"PSNA College of Engineering and Technology (Autonomous), Kothandaraman Nagar, Muthanampatti (PO), Dindigul-624622.",COMPUTER SCIENCE AND ENGINEERING (AI AND MACHINE LEARNING),179.0,178.0,178.0,166.5,122.0,,
5910,"PSNA College of Engineering and Technology (Autonomous), Kothandaraman Nagar, Muthanampatti (PO), Dindigul-624622.",BIO MEDICAL ENGINEERING,167.0,158.0,162.0,145.0,,,
5910,"PSNA College of Engineering and Technology (Autonomous), Kothandaraman Nagar, Muthanampatti (PO), Dindigul-624622.",COMPUTER SCIENCE AND BUSSINESS SYSTEM,177.0,175.0,174.5,164.0,117.0,,
5910,"PSNA College of Engineering and Technology (Autonomous), Kothandaraman Nagar, Muthanampatti (PO), Dindigul-624622.",CIVIL ENGINEERING,167.5,153.0,163.0,144.5,134.0,126.0,
5910,"PSNA College of Engineering and Technology (Autonomous), Kothandaraman Nagar, Muthanampatti (PO), Dindigul-624622.",COMPUTER SCIENCE AND ENGINEERING,183.0,179.0,180.5,168.0,134.0,,88.0
5910,"PSNA College of Engineering and Technology (Autonomous), Kothandaraman Nagar, Muthanampatti (PO), Dindigul-624622.",ELECTRONICS AND COMMUNICATION ENGINEERING,180.5,176.5,177.0,169.0,139.5,107.0,
5910,"PSNA College of Engineering and Technology (Autonomous), Kothandaraman Nagar, Muthanampatti (PO), Dindigul-624622.",ELECTRICAL AND ELECTRONICS ENGINEERING,174.0,172.0,172.5,160.5,124.5,,
5910,"PSNA College of Engineering and Technology (Autonomous), Kothandaraman Nagar, Muthanampatti (PO), Dindigul-624622.",Electronics Engineering (VLSI Design and Technology),174.5,170.5,167.0,166.5,105.0,,
5910,"PSNA College of Engineering and Technology (Autonomous), Kothandaraman Nagar, Muthanampatti (PO), Dindigul-624622.",INFORMATION TECHNOLOGY,179.0,176.5,174.5,167.0,128.5,103.5,
5910,"PSNA College of Engineering and Technology (Autonomous), Kothandaraman Nagar, Muthanampatti (PO), Dindigul-624622.",MECHANICAL ENGINEERING,166.0,159.0,161.0,145.5,108.0,,
5910,"PSNA College of Engineering and Technology (Autonomous), Kothandaraman Nagar, Muthanampatti (PO), Dindigul-624622.",Computer Science and Engineering (Cyber Security),178.5,175.5,173.5,166.0,131.5,,
5911,"P.T.R. College of Engineering and Technology, Thanapandiyan Nagar, Madurai - Tirumangalam Road, Madurai-625008.",Artificial Intelligence and Data Science,99.5,,,,,,
5911,"P.T.R. College of Engineering and Technology, Thanapandiyan Nagar, Madurai - Tirumangalam Road, Madurai-625008.",BIO MEDICAL ENGINEERING,,,,,,,
5911,"P.T.R. College of Engineering and Technology, Thanapandiyan Nagar, Madurai - Tirumangalam Road, Madurai-625008.",COMPUTER SCIENCE AND BUSSINESS SYSTEM,,,,,,,
5911,"P.T.R. College of Engineering and Technology, Thanapandiyan Nagar, Madurai - Tirumangalam Road, Madurai-625008.",CIVIL ENGINEERING,,,,,,,
5911,"P.T.R. College of Engineering and Technology, Thanapandiyan Nagar, Madurai - Tirumangalam Road, Madurai-625008.",COMPUTER SCIENCE AND ENGINEERING,113.5,,,,,,
5911,"P.T.R. College of Engineering and Technology, Thanapandiyan Nagar, Madurai - Tirumangalam Road, Madurai-625008.",ELECTRONICS AND COMMUNICATION ENGINEERING,93.0,,,,,,
5911,"P.T.R. College of Engineering and Technology, Thanapandiyan Nagar, Madurai - Tirumangalam Road, Madurai-625008.",ELECTRICAL AND ELECTRONICS ENGINEERING,,,,,,,
5911,"P.T.R. College of Engineering and Technology, Thanapandiyan Nagar, Madurai - Tirumangalam Road, Madurai-625008.",MECHANICAL ENGINEERING,,,,,,,
5911,"P.T.R. College of Engineering and Technology, Thanapandiyan Nagar, Madurai - Tirumangalam Road, Madurai-625008.",Computer Science and Engineering (Cyber Security),,,,,,,
5912,"Pandian Saraswathi Yadav Engineering College, Arasanoor Village, Thirumansolai Post, Sivaganagi District-630561.",Artificial Intelligence and Data Science,131.5,112.5,,,,,
5912,"Pandian Saraswathi Yadav Engineering College, Arasanoor Village, Thirumansolai Post, Sivaganagi District-630561.",COMPUTER SCIENCE AND ENGINEERING (AI AND MACHINE LEARNING),119.5,95.5,,,,,
5912,"Pandian Saraswathi Yadav Engineering College, Arasanoor Village, Thirumansolai Post, Sivaganagi District-630561.",CIVIL ENGINEERING,,,,,,,
5912,"Pandian Saraswathi Yadav Engineering College, Arasanoor Village, Thirumansolai Post, Sivaganagi District-630561.",COMPUTER SCIENCE AND ENGINEERING,121.0,,,,,,
5912,"Pandian Saraswathi Yadav Engineering College, Arasanoor Village, Thirumansolai Post, Sivaganagi District-630561.",ELECTRONICS AND COMMUNICATION ENGINEERING,132.5,,,,,,
5912,"Pandian Saraswathi Yadav Engineering College, Arasanoor Village, Thirumansolai Post, Sivaganagi District-630561.",ELECTRICAL AND ELECTRONICS ENGINEERING,89.5,,,,,,
5912,"Pandian Saraswathi Yadav Engineering College, Arasanoor Village, Thirumansolai Post, Sivaganagi District-630561.",INFORMATION TECHNOLOGY,138.5,105.0,91.5,,,,
5912,"Pandian Saraswathi Yadav Engineering College, Arasanoor Village, Thirumansolai Post, Sivaganagi District-630561.",MECHANICAL ENGINEERING,98.0,,,,,,
5912,"Pandian Saraswathi Yadav Engineering College, Arasanoor Village, Thirumansolai Post, Sivaganagi District-630561.",Computer Science and Engineering (Cyber Security),100.0,,,,,,
5913,"R.V.S. College of Engineering, RVS Nagar, Karur Road, N.Paraipatti Post, Dindigul-624005.",Artificial Intelligence and Data Science,147.5,123.5,112.5,92.0,,140.0,
5913,"R.V.S. College of Engineering, RVS Nagar, Karur Road, N.Paraipatti Post, Dindigul-624005.",CIVIL ENGINEERING,,,,,,,
5913,"R.V.S. College of Engineering, RVS Nagar, Karur Road, N.Paraipatti Post, Dindigul-624005.",CHEMICAL ENGINEERING,,,,,,,
5913,"R.V.S. College of Engineering, RVS Nagar, Karur Road, N.Paraipatti Post, Dindigul-624005.",COMPUTER AND COMMUNICATION ENGINEERING,,,,,,,
5913,"R.V.S. College of Engineering, RVS Nagar, Karur Road, N.Paraipatti Post, Dindigul-624005.",COMPUTER SCIENCE AND ENGINEERING,137.5,94.5,113.5,,84.0,122.5,
5913,"R.V.S. College of Engineering, RVS Nagar, Karur Road, N.Paraipatti Post, Dindigul-624005.",ELECTRONICS AND COMMUNICATION ENGINEERING,130.5,,,,,,
5913,"R.V.S. College of Engineering, RVS Nagar, Karur Road, N.Paraipatti Post, Dindigul-624005.",ELECTRICAL AND ELECTRONICS ENGINEERING,96.5,,,,,,
5913,"R.V.S. College of Engineering, RVS Nagar, Karur Road, N.Paraipatti Post, Dindigul-624005.",FASHION TECHNOLOGY,,,,,,,
5913,"R.V.S. College of Engineering, RVS Nagar, Karur Road, N.Paraipatti Post, Dindigul-624005.",INFORMATION TECHNOLOGY,132.5,,123.0,,94.5,123.5,
5913,"R.V.S. College of Engineering, RVS Nagar, Karur Road, N.Paraipatti Post, Dindigul-624005.",MECHANICAL ENGINEERING,,,,,,,
5913,"R.V.S. College of Engineering, RVS Nagar, Karur Road, N.Paraipatti Post, Dindigul-624005.",PETRO CHEMICAL TECHNOLOGY,,,,,,,
5913,"R.V.S. College of Engineering, RVS Nagar, Karur Road, N.Paraipatti Post, Dindigul-624005.",TEXTILE TECHNOLOGY,,,,,,,
5914,"Solamalai College of Engineering (Autonomous), S.V Raja Nagar, Veerapanjan, Madurai-625020.",Artificial Intelligence and Data Science,137.0,117.0,,,,,
5914,"Solamalai College of Engineering (Autonomous), S.V Raja Nagar, Veerapanjan, Madurai-625020.",COMPUTER SCIENCE AND ENGINEERING (AI AND MACHINE LEARNING),116.5,88.0,113.0,,,,
5914,"Solamalai College of Engineering (Autonomous), S.V Raja Nagar, Veerapanjan, Madurai-625020.",COMPUTER SCIENCE AND BUSSINESS SYSTEM,136.0,114.0,,,,,
5914,"Solamalai College of Engineering (Autonomous), S.V Raja Nagar, Veerapanjan, Madurai-625020.",CIVIL ENGINEERING,99.0,,,,,,
5914,"Solamalai College of Engineering (Autonomous), S.V Raja Nagar, Veerapanjan, Madurai-625020.",COMPUTER SCIENCE AND ENGINEERING,126.0,109.0,125.0,,,,
5914,"Solamalai College of Engineering (Autonomous), S.V Raja Nagar, Veerapanjan, Madurai-625020.",ELECTRONICS AND COMMUNICATION ENGINEERING,127.5,,123.5,101.5,,,
5914,"Solamalai College of Engineering (Autonomous), S.V Raja Nagar, Veerapanjan, Madurai-625020.",ELECTRICAL AND ELECTRONICS ENGINEERING,126.0,,117.5,,,,
5914,"Solamalai College of Engineering (Autonomous), S.V Raja Nagar, Veerapanjan, Madurai-625020.",Electronics Engineering (VLSI Design and Technology),,,,,,,
5914,"Solamalai College of Engineering (Autonomous), S.V Raja Nagar, Veerapanjan, Madurai-625020.",MECHANICAL ENGINEERING,129.0,105.5,,106.5,,,
5915,"SACS M.A.V.M.M. Engineering College, 446, Melur - Alagarkoil Road, Kidaripatti (PO), Alagarkoil Via, Melur Taluk, Madurai-625301.",Artificial Intelligence and Data Science,149.0,136.5,,,119.5,,
5915,"SACS M.A.V.M.M. Engineering College, 446, Melur - Alagarkoil Road, Kidaripatti (PO), Alagarkoil Via, Melur Taluk, Madurai-625301.",CIVIL ENGINEERING,,,,,,,
5915,"SACS M.A.V.M.M. Engineering College, 446, Melur - Alagarkoil Road, Kidaripatti (PO), Alagarkoil Via, Melur Taluk, Madurai-625301.",COMPUTER SCIENCE AND ENGINEERING,143.0,113.0,,,,121.5,
5915,"SACS M.A.V.M.M. Engineering College, 446, Melur - Alagarkoil Road, Kidaripatti (PO), Alagarkoil Via, Melur Taluk, Madurai-625301.",ELECTRONICS AND COMMUNICATION ENGINEERING,131.0,108.0,,,111.0,100.0,
5915,"SACS M.A.V.M.M. Engineering College, 446, Melur - Alagarkoil Road, Kidaripatti (PO), Alagarkoil Via, Melur Taluk, Madurai-625301.",ELECTRICAL AND ELECTRONICS ENGINEERING,117.5,91.0,,,,,
5915,"SACS M.A.V.M.M. Engineering College, 446, Melur - Alagarkoil Road, Kidaripatti (PO), Alagarkoil Via, Melur Taluk, Madurai-625301.",INFORMATION TECHNOLOGY,136.5,110.0,112.5,,113.5,122.5,
5915,"SACS M.A.V.M.M. Engineering College, 446, Melur - Alagarkoil Road, Kidaripatti (PO), Alagarkoil Via, Melur Taluk, Madurai-625301.",MECHANICAL ENGINEERING,,,,,,,
5919,"St. Michael College of Engineering and Technology, St. Santhiagaper Nagar, Kalayarkoil, Sivaganga District-630551.",COMPUTER SCIENCE AND ENGINEERING (AI AND MACHINE LEARNING),125.5,,,,,,
5919,"St. Michael College of Engineering and Technology, St. Santhiagaper Nagar, Kalayarkoil, Sivaganga District-630551.",BIO MEDICAL ENGINEERING,117.0,,,,,,
5919,"St. Michael College of Engineering and Technology, St. Santhiagaper Nagar, Kalayarkoil, Sivaganga District-630551.",BIO TECHNOLOGY,126.0,,,,,,
5919,"St. Michael College of Engineering and Technology, St. Santhiagaper Nagar, Kalayarkoil, Sivaganga District-630551.",CHEMICAL ENGINEERING,,,,,,,
5919,"St. Michael College of Engineering and Technology, St. Santhiagaper Nagar, Kalayarkoil, Sivaganga District-630551.",COMPUTER SCIENCE AND ENGINEERING,131.0,,,,,,
5919,"St. Michael College of Engineering and Technology, St. Santhiagaper Nagar, Kalayarkoil, Sivaganga District-630551.",ELECTRONICS AND COMMUNICATION ENGINEERING,,,,,,,
5919,"St. Michael College of Engineering and Technology, St. Santhiagaper Nagar, Kalayarkoil, Sivaganga District-630551.",ELECTRICAL AND ELECTRONICS ENGINEERING,108.5,,,,,,
5919,"St. Michael College of Engineering and Technology, St. Santhiagaper Nagar, Kalayarkoil, Sivaganga District-630551.",MECHANICAL ENGINEERING,,,,,,,
5921,"Syed Ammal Engineering College (Autonomous), Dr. E.M.Abdullah Campus, Lanthai, Achunthanvayal Post, Ramanathapuram-623502.",Artificial Intelligence and Data Science,169.5,148.0,155.5,,,,
5921,"Syed Ammal Engineering College (Autonomous), Dr. E.M.Abdullah Campus, Lanthai, Achunthanvayal Post, Ramanathapuram-623502.",BIO MEDICAL ENGINEERING,143.0,,142.0,,,,
5921,"Syed Ammal Engineering College (Autonomous), Dr. E.M.Abdullah Campus, Lanthai, Achunthanvayal Post, Ramanathapuram-623502.",COMPUTER SCIENCE AND BUSSINESS SYSTEM,144.0,118.5,151.5,,,,
5921,"Syed Ammal Engineering College (Autonomous), Dr. E.M.Abdullah Campus, Lanthai, Achunthanvayal Post, Ramanathapuram-623502.",CIVIL ENGINEERING,120.0,,116.0,,,,
5921,"Syed Ammal Engineering College (Autonomous), Dr. E.M.Abdullah Campus, Lanthai, Achunthanvayal Post, Ramanathapuram-623502.",COMPUTER SCIENCE AND ENGINEERING,167.0,140.0,153.5,,104.5,,
5921,"Syed Ammal Engineering College (Autonomous), Dr. E.M.Abdullah Campus, Lanthai, Achunthanvayal Post, Ramanathapuram-623502.",ELECTRONICS AND COMMUNICATION ENGINEERING,171.0,149.5,157.0,133.0,,,
5921,"Syed Ammal Engineering College (Autonomous), Dr. E.M.Abdullah Campus, Lanthai, Achunthanvayal Post, Ramanathapuram-623502.",ELECTRICAL AND ELECTRONICS ENGINEERING,133.5,82.0,120.0,,,,
5921,"Syed Ammal Engineering College (Autonomous), Dr. E.M.Abdullah Campus, Lanthai, Achunthanvayal Post, Ramanathapuram-623502.",INFORMATION TECHNOLOGY,154.5,137.5,,,,,
5921,"Syed Ammal Engineering College (Autonomous), Dr. E.M.Abdullah Campus, Lanthai, Achunthanvayal Post, Ramanathapuram-623502.",MECHANICAL ENGINEERING,131.5,,128.5,,105.0,,
5930,"SBM College of Engineering and Technology, SBM Nagar, Thamaraipadi(PO), Trichy Road, Dindigul-624005.",Artificial Intelligence and Data Science,122.0,,116.5,,,,
5930,"SBM College of Engineering and Technology, SBM Nagar, Thamaraipadi(PO), Trichy Road, Dindigul-624005.",BIO MEDICAL ENGINEERING,,,,,,,
5930,"SBM College of Engineering and Technology, SBM Nagar, Thamaraipadi(PO), Trichy Road, Dindigul-624005.",CIVIL ENGINEERING,,,,,,,
5930,"SBM College of Engineering and Technology, SBM Nagar, Thamaraipadi(PO), Trichy Road, Dindigul-624005.",COMPUTER SCIENCE AND ENGINEERING,122.5,,,,,,
5930,"SBM College of Engineering and Technology, SBM Nagar, Thamaraipadi(PO), Trichy Road, Dindigul-624005.",ELECTRONICS AND COMMUNICATION ENGINEERING,107.5,,,,,,
5930,"SBM College of Engineering and Technology, SBM Nagar, Thamaraipadi(PO), Trichy Road, Dindigul-624005.",ELECTRICAL AND ELECTRONICS ENGINEERING,,,,,,,
5930,"SBM College of Engineering and Technology, SBM Nagar, Thamaraipadi(PO), Trichy Road, Dindigul-624005.",INFORMATION TECHNOLOGY,117.5,,,,,,
5930,"SBM College of Engineering and Technology, SBM Nagar, Thamaraipadi(PO), Trichy Road, Dindigul-624005.",MECHANICAL ENGINEERING,,,,,,,
5935,"Fatima Michael College of Engineering and Technology, Senkottai Village, Kalimangalam Panchayat,Sivaganga Main Road, Madurai-625020.",COMPUTER SCIENCE AND ENGINEERING (AI AND MACHINE LEARNING),136.0,112.5,125.5,,106.0,,
5935,"Fatima Michael College of Engineering and Technology, Senkottai Village, Kalimangalam Panchayat,Sivaganga Main Road, Madurai-625020.",CIVIL ENGINEERING,126.0,,,,,,
5935,"Fatima Michael College of Engineering and Technology, Senkottai Village, Kalimangalam Panchayat,Sivaganga Main Road, Madurai-625020.",COMPUTER SCIENCE AND ENGINEERING,147.0,119.5,139.0,,105.5,111.5,
5935,"Fatima Michael College of Engineering and Technology, Senkottai Village, Kalimangalam Panchayat,Sivaganga Main Road, Madurai-625020.",ELECTRONICS AND COMMUNICATION ENGINEERING,140.5,108.0,128.0,,,,
5935,"Fatima Michael College of Engineering and Technology, Senkottai Village, Kalimangalam Panchayat,Sivaganga Main Road, Madurai-625020.",ELECTRICAL AND ELECTRONICS ENGINEERING,103.0,,103.0,,,,
5935,"Fatima Michael College of Engineering and Technology, Senkottai Village, Kalimangalam Panchayat,Sivaganga Main Road, Madurai-625020.",MECHANICAL ENGINEERING,113.5,,,,,,
5935,"Fatima Michael College of Engineering and Technology, Senkottai Village, Kalimangalam Panchayat,Sivaganga Main Road, Madurai-625020.",Computer Science and Engineering (Cyber Security),137.5,111.0,129.5,,104.5,,
5942,"Ultra College of Engineering and Technology , 69/1, Ultra Nagar, Kodikulam I Bit, Madurai - Chennai Highway, Madurai-625104.",Artificial Intelligence and Data Science,103.5,,,,,,
5942,"Ultra College of Engineering and Technology , 69/1, Ultra Nagar, Kodikulam I Bit, Madurai - Chennai Highway, Madurai-625104.",CIVIL ENGINEERING,90.5,,,,,,
5942,"Ultra College of Engineering and Technology , 69/1, Ultra Nagar, Kodikulam I Bit, Madurai - Chennai Highway, Madurai-625104.",COMPUTER SCIENCE AND ENGINEERING,125.0,,,,,,
5942,"Ultra College of Engineering and Technology , 69/1, Ultra Nagar, Kodikulam I Bit, Madurai - Chennai Highway, Madurai-625104.",ELECTRONICS AND COMMUNICATION ENGINEERING,,,,,,,
5942,"Ultra College of Engineering and Technology , 69/1, Ultra Nagar, Kodikulam I Bit, Madurai - Chennai Highway, Madurai-625104.",ELECTRICAL AND ELECTRONICS ENGINEERING,,,,,,,
5942,"Ultra College of Engineering and Technology , 69/1, Ultra Nagar, Kodikulam I Bit, Madurai - Chennai Highway, Madurai-625104.",INFORMATION TECHNOLOGY,91.0,,,,,,
5942,"Ultra College of Engineering and Technology , 69/1, Ultra Nagar, Kodikulam I Bit, Madurai - Chennai Highway, Madurai-625104.",MECHANICAL ENGINEERING,,,,,,,
5986,"Velammal College of Engineering and Technology (Autonomous), Velammal Nagar, Viraganoor, Madurai -625009.",Artificial Intelligence and Data Science,181.0,177.0,180.5,169.5,117.5,,
5986,"Velammal College of Engineering and Technology (Autonomous), Velammal Nagar, Viraganoor, Madurai -625009.",CIVIL ENGINEERING,166.0,155.0,160.5,145.5,101.5,,
5986,"Velammal College of Engineering and Technology (Autonomous), Velammal Nagar, Viraganoor, Madurai -625009.",COMPUTER SCIENCE AND ENGINEERING,188.5,184.5,187.0,176.5,142.0,,
5986,"Velammal College of Engineering and Technology (Autonomous), Velammal Nagar, Viraganoor, Madurai -625009.",ELECTRONICS AND COMMUNICATION ENGINEERING,182.5,178.0,179.5,173.5,135.5,,
5986,"Velammal College of Engineering and Technology (Autonomous), Velammal Nagar, Viraganoor, Madurai -625009.",ELECTRICAL AND ELECTRONICS ENGINEERING,175.0,170.5,169.5,161.0,106.0,,
5986,"Velammal College of Engineering and Technology (Autonomous), Velammal Nagar, Viraganoor, Madurai -625009.",Electronics Engineering (VLSI Design and Technology),174.5,171.0,169.0,155.5,,,
5986,"Velammal College of Engineering and Technology (Autonomous), Velammal Nagar, Viraganoor, Madurai -625009.",INFORMATION TECHNOLOGY,181.5,178.0,173.0,170.5,119.5,,
5986,"Velammal College of Engineering and Technology (Autonomous), Velammal Nagar, Viraganoor, Madurai -625009.",MECHANICAL ENGINEERING,168.5,160.0,156.0,146.5,117.5,,
5986,"Velammal College of Engineering and Technology (Autonomous), Velammal Nagar, Viraganoor, Madurai -625009.",Computer Science and Engineering (Cyber Security),179.0,177.5,172.5,170.0,112.5,,
5988,"Theni Kammavar Sangam College of Technology, Theni Main road, Koduvilarpatti (PO), Veerapandi(Via), Theni District-625534.",COMPUTER SCIENCE AND ENGINEERING (AI AND MACHINE LEARNING),131.0,,,100.0,,,
5988,"Theni Kammavar Sangam College of Technology, Theni Main road, Koduvilarpatti (PO), Veerapandi(Via), Theni District-625534.",CIVIL ENGINEERING,,,,,,,
5988,"Theni Kammavar Sangam College of Technology, Theni Main road, Koduvilarpatti (PO), Veerapandi(Via), Theni District-625534.",COMPUTER SCIENCE AND ENGINEERING,142.0,100.0,124.5,100.0,,,
5988,"Theni Kammavar Sangam College of Technology, Theni Main road, Koduvilarpatti (PO), Veerapandi(Via), Theni District-625534.",ELECTRONICS AND COMMUNICATION ENGINEERING,134.0,,,,,,
5988,"Theni Kammavar Sangam College of Technology, Theni Main road, Koduvilarpatti (PO), Veerapandi(Via), Theni District-625534.",ELECTRICAL AND ELECTRONICS ENGINEERING,105.0,,,,,,
5988,"Theni Kammavar Sangam College of Technology, Theni Main road, Koduvilarpatti (PO), Veerapandi(Via), Theni District-625534.",INFORMATION TECHNOLOGY,130.5,,,,,97.5,
5988,"Theni Kammavar Sangam College of Technology, Theni Main road, Koduvilarpatti (PO), Veerapandi(Via), Theni District-625534.",MECHANICAL ENGINEERING,84.5,,,,,,
5990,"Latha Mathavan Engineering College, Latha Mathavan Nagar, Kidaripatti, Melur Taluk, Madurai-625301.",CIVIL ENGINEERING,,,,,,,
5990,"Latha Mathavan Engineering College, Latha Mathavan Nagar, Kidaripatti, Melur Taluk, Madurai-625301.",COMPUTER SCIENCE AND ENGINEERING,122.5,,85.5,,,93.0,
5990,"Latha Mathavan Engineering College, Latha Mathavan Nagar, Kidaripatti, Melur Taluk, Madurai-625301.",ELECTRONICS AND COMMUNICATION ENGINEERING,90.0,,,,,,
5990,"Latha Mathavan Engineering College, Latha Mathavan Nagar, Kidaripatti, Melur Taluk, Madurai-625301.",ELECTRICAL AND ELECTRONICS ENGINEERING,,,,,,,
5990,"Latha Mathavan Engineering College, Latha Mathavan Nagar, Kidaripatti, Melur Taluk, Madurai-625301.",MECHANICAL ENGINEERING,,,,,,,
